{"type":"FeatureCollection","features":[{"type":"Feature","properties":{},"geometry":{"type":"Polygon","coordinates":[[[68.035,23.802],[67.992,23.789],[67.978,23.806],[68.009,23.812],[68.035,23.802]]]}},{"type":"Feature","properties":{},"geometry":{"type":"Polygon","coordinates":[[[68.16,23.708],[68.093,23.725],[68.096,23.711],[68.062,23.721],[68.076,23.745],[68.096,23.735],[68.106,23.748],[68.089,23.792],[68.103,23.809],[68.184,23.826],[68.191,23.779],[68.15,23.728],[68.16,23.708]],[[68.13,23.721],[68.133,23.735],[68.127,23.735],[68.13,23.721]],[[68.086,23.728],[68.079,23.735],[68.073,23.735],[68.086,23.728]],[[68.14,23.735],[68.147,23.738],[68.147,23.742],[68.143,23.742],[68.14,23.735]],[[68.12,23.738],[68.123,23.742],[68.12,23.742],[68.12,23.738]],[[68.113,23.745],[68.12,23.748],[68.12,23.752],[68.116,23.752],[68.113,23.745]],[[68.13,23.748],[68.127,23.745],[68.13,23.745],[68.13,23.748]],[[68.103,23.762],[68.106,23.765],[68.103,23.765],[68.103,23.762]],[[68.137,23.765],[68.14,23.769],[68.137,23.769],[68.137,23.765]],[[68.103,23.772],[68.106,23.775],[68.103,23.775],[68.103,23.772]],[[68.113,23.779],[68.116,23.782],[68.113,23.782],[68.113,23.779]],[[68.157,23.782],[68.16,23.785],[68.157,23.785],[68.157,23.782]],[[68.123,23.792],[68.13,23.796],[68.123,23.796],[68.123,23.792]],[[68.187,23.796],[68.184,23.792],[68.187,23.792],[68.187,23.796]],[[68.116,23.802],[68.12,23.806],[68.116,23.806],[68.116,23.802]],[[68.15,23.812],[68.16,23.802],[68.16,23.812],[68.15,23.812]],[[68.167,23.809],[68.164,23.806],[68.167,23.806],[68.167,23.809]]]}},{"type":"Feature","properties":{},"geometry":{"type":"Polygon","coordinates":[[[67.995,23.897],[67.995,23.856],[68.029,23.87],[68.039,23.839],[67.934,23.873],[67.938,23.856],[67.921,23.839],[67.901,23.856],[67.934,23.887],[67.978,23.88],[67.995,23.897]],[[67.988,23.88],[67.985,23.87],[67.988,23.87],[67.988,23.88]],[[67.921,23.86],[67.928,23.853],[67.924,23.86],[67.921,23.86]],[[67.992,23.866],[67.985,23.863],[67.992,23.863],[67.992,23.866]]]}},{"type":"Feature","properties":{},"geometry":{"type":"Polygon","coordinates":[[[67.675,23.92],[67.698,23.856],[67.671,23.816],[67.654,23.833],[67.678,23.836],[67.661,23.846],[67.654,23.907],[67.675,23.92]]]}},{"type":"Feature","properties":{},"geometry":{"type":"Polygon","coordinates":[[[68.015,23.951],[67.961,23.954],[67.978,23.93],[67.965,23.89],[67.944,23.917],[67.914,23.92],[67.934,23.927],[67.924,23.947],[67.944,23.941],[67.931,23.957],[67.951,23.971],[68.019,23.978],[68.015,23.951]],[[68.009,23.964],[68.012,23.967],[68.009,23.967],[68.009,23.964]],[[67.998,23.967],[68.005,23.971],[67.998,23.971],[67.998,23.967]],[[67.965,23.961],[67.955,23.957],[67.965,23.957],[67.965,23.961]],[[67.951,23.93],[67.948,23.927],[67.951,23.927],[67.951,23.93]],[[67.944,23.927],[67.941,23.924],[67.944,23.924],[67.944,23.927]],[[67.938,23.924],[67.931,23.92],[67.938,23.92],[67.938,23.924]]]}},{"type":"Feature","properties":{},"geometry":{"type":"Polygon","coordinates":[[[67.678,23.947],[67.685,23.971],[67.658,23.944],[67.634,23.954],[67.651,23.957],[67.638,23.974],[67.681,23.984],[67.715,23.964],[67.698,23.941],[67.678,23.947]],[[67.668,23.967],[67.675,23.971],[67.675,23.974],[67.668,23.967]],[[67.678,23.967],[67.675,23.964],[67.678,23.964],[67.678,23.967]],[[67.661,23.971],[67.665,23.967],[67.665,23.971],[67.661,23.971]],[[67.661,23.974],[67.658,23.978],[67.658,23.974],[67.661,23.974]],[[67.668,23.961],[67.661,23.957],[67.668,23.957],[67.668,23.961]]]}},{"type":"Feature","properties":{},"geometry":{"type":"Polygon","coordinates":[[[68.191,23.917],[68.191,23.856],[68.14,23.873],[68.137,23.849],[68.086,23.843],[68.073,23.86],[68.103,23.863],[68.083,23.866],[68.066,23.893],[68.106,23.92],[68.106,23.957],[68.123,23.947],[68.123,24.005],[68.187,23.998],[68.187,23.981],[68.167,23.981],[68.18,23.967],[68.221,23.988],[68.191,23.917]],[[68.14,23.924],[68.157,23.927],[68.14,23.927],[68.14,23.924]],[[68.15,23.93],[68.153,23.934],[68.15,23.934],[68.15,23.93]],[[68.127,23.954],[68.137,23.947],[68.133,23.954],[68.127,23.954]],[[68.143,23.951],[68.14,23.947],[68.143,23.947],[68.143,23.951]],[[68.174,23.964],[68.177,23.967],[68.174,23.967],[68.174,23.964]],[[68.127,23.967],[68.13,23.971],[68.127,23.971],[68.127,23.967]],[[68.14,23.971],[68.137,23.967],[68.14,23.967],[68.14,23.971]],[[68.16,23.988],[68.164,23.991],[68.16,23.991],[68.16,23.988]],[[68.157,23.92],[68.153,23.917],[68.157,23.917],[68.157,23.92]],[[68.143,23.917],[68.137,23.914],[68.143,23.91],[68.143,23.917]],[[68.147,23.897],[68.14,23.89],[68.147,23.89],[68.147,23.897]],[[68.127,23.883],[68.12,23.88],[68.127,23.88],[68.127,23.883]],[[68.116,23.88],[68.113,23.86],[68.116,23.86],[68.116,23.88]],[[68.089,23.87],[68.093,23.873],[68.089,23.873],[68.089,23.87]],[[68.089,23.876],[68.086,23.88],[68.086,23.876],[68.089,23.876]]]}},{"type":"Feature","properties":{},"geometry":{"type":"Polygon","coordinates":[[[68.096,24.038],[68.113,24.005],[68.106,23.981],[68.086,24.015],[68.079,24.011],[68.093,24.035],[68.069,24.011],[68.093,23.998],[68.076,23.991],[68.083,23.974],[68.1,23.988],[68.096,23.934],[68.056,23.937],[68.052,23.914],[68.025,23.957],[68.066,23.941],[68.076,23.957],[68.056,23.951],[68.035,23.978],[68.059,23.978],[68.046,24.001],[68.069,24.015],[68.069,24.038],[68.096,24.038]],[[68.076,23.974],[68.076,23.967],[68.076,23.961],[68.083,23.967],[68.079,23.974],[68.076,23.974]],[[68.049,23.967],[68.052,23.971],[68.049,23.971],[68.049,23.967]],[[68.106,23.998],[68.1,23.994],[68.106,23.994],[68.106,23.998]]]}},{"type":"Feature","properties":{},"geometry":{"type":"Polygon","coordinates":[[[68.615,23.964],[68.629,24.001],[68.663,24.005],[68.686,24.042],[68.723,24.028],[68.757,24.059],[68.76,24.032],[68.737,24.015],[68.75,23.961],[68.615,23.964]],[[68.696,23.971],[68.693,23.967],[68.696,23.967],[68.696,23.971]]]}},{"type":"Feature","properties":{},"geometry":{"type":"Polygon","coordinates":[[[67.934,24.035],[67.955,23.991],[67.874,23.994],[67.897,24.005],[67.89,24.062],[67.914,24.059],[67.934,24.035]],[[67.901,24.048],[67.911,24.052],[67.901,24.055],[67.901,24.048]],[[67.928,24.035],[67.921,24.028],[67.931,24.028],[67.928,24.035]],[[67.914,24.021],[67.911,24.035],[67.911,24.021],[67.914,24.021]],[[67.921,24.021],[67.917,24.018],[67.921,24.018],[67.921,24.021]],[[67.901,24.032],[67.904,24.035],[67.901,24.035],[67.901,24.032]],[[67.904,24.008],[67.907,24.001],[67.907,24.008],[67.904,24.008]]]}},{"type":"Feature","properties":{},"geometry":{"type":"Polygon","coordinates":[[[67.607,24.109],[67.58,24.099],[67.58,24.139],[67.55,24.112],[67.53,24.146],[67.496,24.153],[67.536,24.163],[67.547,24.139],[67.56,24.16],[67.607,24.16],[67.587,24.15],[67.611,24.129],[67.607,24.109]],[[67.6,24.112],[67.604,24.119],[67.6,24.119],[67.6,24.112]],[[67.574,24.136],[67.57,24.143],[67.57,24.136],[67.574,24.136]]]}},{"type":"Feature","properties":{},"geometry":{"type":"Polygon","coordinates":[[[70.028,24.173],[69.951,24.163],[69.924,24.193],[69.951,24.197],[70.028,24.173]]]}},{"type":"Feature","properties":{},"geometry":{"type":"Polygon","coordinates":[[[69.877,24.207],[69.91,24.193],[69.914,24.17],[69.883,24.166],[69.897,24.177],[69.866,24.187],[69.877,24.207]]]}},{"type":"Feature","properties":{},"geometry":{"type":"Polygon","coordinates":[[[69.819,24.244],[69.826,24.231],[69.829,24.241],[69.86,24.251],[69.866,24.241],[69.799,24.21],[69.819,24.244]],[[69.836,24.231],[69.843,24.237],[69.836,24.237],[69.836,24.231]]]}},{"type":"Feature","properties":{},"geometry":{"type":"Polygon","coordinates":[[[69.951,24.247],[69.931,24.217],[69.917,24.217],[69.927,24.241],[69.904,24.237],[69.951,24.247]]]}},{"type":"Feature","properties":{},"geometry":{"type":"Polygon","coordinates":[[[67.557,24.291],[67.577,24.274],[67.53,24.237],[67.533,24.295],[67.55,24.274],[67.557,24.291]],[[67.547,24.271],[67.543,24.261],[67.55,24.261],[67.547,24.271]]]}},{"type":"Feature","properties":{},"geometry":{"type":"Polygon","coordinates":[[[67.435,24.301],[67.452,24.295],[67.449,24.284],[67.455,24.295],[67.486,24.291],[67.449,24.281],[67.482,24.257],[67.479,24.244],[67.445,24.251],[67.459,24.271],[67.442,24.281],[67.432,24.281],[67.442,24.261],[67.425,24.241],[67.371,24.247],[67.375,24.268],[67.435,24.301]],[[67.445,24.291],[67.442,24.288],[67.445,24.288],[67.445,24.291]],[[67.435,24.288],[67.429,24.284],[67.435,24.284],[67.435,24.288]],[[67.405,24.274],[67.398,24.271],[67.405,24.268],[67.405,24.274]],[[67.415,24.268],[67.412,24.257],[67.415,24.257],[67.415,24.268]],[[67.435,24.261],[67.432,24.257],[67.435,24.257],[67.435,24.261]],[[67.418,24.257],[67.422,24.261],[67.418,24.261],[67.418,24.257]],[[67.398,24.254],[67.391,24.251],[67.398,24.251],[67.398,24.254]]]}},{"type":"Feature","properties":{},"geometry":{"type":"Polygon","coordinates":[[[69.829,24.241],[69.826,24.261],[69.782,24.261],[69.792,24.204],[69.708,24.207],[69.657,24.268],[69.637,24.251],[69.661,24.224],[69.58,24.291],[69.607,24.305],[69.678,24.274],[69.735,24.291],[69.904,24.281],[69.904,24.264],[69.866,24.254],[69.86,24.268],[69.829,24.241]],[[69.779,24.261],[69.772,24.268],[69.775,24.261],[69.779,24.261]],[[69.762,24.264],[69.735,24.251],[69.742,24.247],[69.762,24.264]],[[69.725,24.254],[69.728,24.261],[69.725,24.261],[69.725,24.254]],[[69.711,24.261],[69.708,24.274],[69.705,24.274],[69.711,24.261]],[[69.769,24.278],[69.765,24.271],[69.769,24.271],[69.769,24.278]],[[69.728,24.247],[69.705,24.241],[69.728,24.234],[69.728,24.247]]]}},{"type":"Feature","properties":{},"geometry":{"type":"Polygon","coordinates":[[[68.693,24.291],[68.676,24.271],[68.666,24.295],[68.632,24.278],[68.649,24.311],[68.693,24.291]]]}},{"type":"Feature","properties":{},"geometry":{"type":"Polygon","coordinates":[[[67.415,24.288],[67.378,24.278],[67.361,24.295],[67.391,24.318],[67.375,24.284],[67.412,24.305],[67.415,24.288]]]}},{"type":"Feature","properties":{},"geometry":{"type":"Polygon","coordinates":[[[67.334,24.325],[67.337,24.318],[67.327,24.318],[67.321,24.301],[67.341,24.318],[67.324,24.284],[67.341,24.257],[67.317,24.251],[67.304,24.308],[67.334,24.325]],[[67.334,24.268],[67.327,24.264],[67.327,24.261],[67.334,24.268]]]}},{"type":"Feature","properties":{},"geometry":{"type":"Polygon","coordinates":[[[70.14,24.301],[70.109,24.284],[70.069,24.204],[70.005,24.224],[69.947,24.207],[69.988,24.251],[70.005,24.241],[70.015,24.261],[70.025,24.257],[70.015,24.281],[70.109,24.301],[70.116,24.345],[70.14,24.301]],[[70.018,24.251],[70.015,24.247],[70.018,24.247],[70.018,24.251]]]}},{"type":"Feature","properties":{},"geometry":{"type":"Polygon","coordinates":[[[70.079,24.338],[70.089,24.308],[70.065,24.295],[70.059,24.338],[70.079,24.338]]]}},{"type":"Feature","properties":{},"geometry":{"type":"Polygon","coordinates":[[[70.335,24.355],[70.372,24.352],[70.298,24.342],[70.231,24.315],[70.136,24.305],[70.183,24.328],[70.207,24.322],[70.204,24.349],[70.227,24.328],[70.254,24.335],[70.244,24.355],[70.288,24.349],[70.281,24.386],[70.305,24.352],[70.325,24.355],[70.315,24.389],[70.332,24.386],[70.335,24.355]],[[70.328,24.359],[70.332,24.362],[70.328,24.362],[70.328,24.359]]]}},{"type":"Feature","properties":{},"geometry":{"type":"Polygon","coordinates":[[[67.462,24.365],[67.442,24.362],[67.459,24.359],[67.459,24.352],[67.432,24.325],[67.422,24.342],[67.435,24.345],[67.439,24.362],[67.415,24.338],[67.395,24.349],[67.408,24.338],[67.402,24.328],[67.378,24.342],[67.368,24.372],[67.415,24.389],[67.429,24.362],[67.418,24.396],[67.435,24.402],[67.462,24.365]],[[67.442,24.369],[67.449,24.376],[67.442,24.379],[67.442,24.369]],[[67.432,24.372],[67.439,24.379],[67.432,24.379],[67.432,24.372]],[[67.435,24.382],[67.432,24.389],[67.432,24.382],[67.435,24.382]],[[67.395,24.365],[67.381,24.355],[67.388,24.349],[67.395,24.365]]]}},{"type":"Feature","properties":{},"geometry":{"type":"Polygon","coordinates":[[[70.507,24.402],[70.484,24.389],[70.389,24.362],[70.389,24.413],[70.416,24.379],[70.426,24.409],[70.46,24.389],[70.507,24.402]]]}},{"type":"Feature","properties":{},"geometry":{"type":"Polygon","coordinates":[[[70.362,24.419],[70.366,24.379],[70.379,24.376],[70.379,24.369],[70.352,24.376],[70.342,24.416],[70.362,24.419]]]}},{"type":"Feature","properties":{},"geometry":{"type":"Polygon","coordinates":[[[70.652,24.483],[70.706,24.47],[70.625,24.44],[70.622,24.423],[70.551,24.416],[70.588,24.436],[70.564,24.44],[70.561,24.463],[70.591,24.456],[70.591,24.44],[70.625,24.446],[70.662,24.46],[70.652,24.483]]]}},{"type":"Feature","properties":{},"geometry":{"type":"Polygon","coordinates":[[[67.297,24.463],[67.284,24.47],[67.294,24.497],[67.27,24.497],[67.29,24.52],[67.314,24.5],[67.297,24.463]],[[67.3,24.494],[67.304,24.497],[67.3,24.497],[67.3,24.494]],[[67.287,24.504],[67.294,24.5],[67.294,24.507],[67.287,24.504]]]}},{"type":"Feature","properties":{},"geometry":{"type":"Polygon","coordinates":[[[67.324,24.544],[67.361,24.531],[67.354,24.507],[67.294,24.527],[67.324,24.544]],[[67.337,24.534],[67.334,24.527],[67.341,24.527],[67.337,24.534]],[[67.344,24.524],[67.337,24.52],[67.344,24.52],[67.344,24.524]]]}},{"type":"Feature","properties":{},"geometry":{"type":"Polygon","coordinates":[[[70.915,24.547],[70.949,24.48],[70.996,24.463],[70.999,24.453],[70.956,24.46],[70.969,24.443],[70.962,24.433],[70.898,24.507],[70.858,24.527],[70.898,24.534],[70.898,24.551],[70.838,24.534],[70.841,24.551],[70.898,24.558],[70.915,24.547]],[[70.908,24.537],[70.915,24.527],[70.919,24.527],[70.908,24.537]],[[70.902,24.527],[70.905,24.534],[70.902,24.534],[70.902,24.527]],[[70.878,24.524],[70.885,24.527],[70.878,24.527],[70.878,24.524]],[[70.902,24.52],[70.892,24.514],[70.902,24.517],[70.902,24.52]],[[70.885,24.52],[70.888,24.517],[70.888,24.52],[70.885,24.52]],[[70.912,24.507],[70.905,24.504],[70.912,24.504],[70.912,24.507]],[[70.922,24.494],[70.925,24.49],[70.925,24.494],[70.922,24.494]],[[70.949,24.467],[70.946,24.46],[70.949,24.46],[70.949,24.467]]]}},{"type":"Feature","properties":{},"geometry":{"type":"Polygon","coordinates":[[[67.304,24.551],[67.277,24.527],[67.24,24.527],[67.216,24.554],[67.216,24.571],[67.287,24.574],[67.304,24.551]],[[67.267,24.547],[67.284,24.558],[67.26,24.564],[67.267,24.547]],[[67.29,24.547],[67.284,24.544],[67.284,24.541],[67.287,24.541],[67.29,24.547]],[[67.25,24.554],[67.253,24.558],[67.25,24.558],[67.25,24.554]]]}},{"type":"Feature","properties":{},"geometry":{"type":"Polygon","coordinates":[[[67.351,24.558],[67.304,24.551],[67.307,24.571],[67.324,24.571],[67.348,24.608],[67.361,24.608],[67.351,24.558]],[[67.337,24.574],[67.341,24.571],[67.341,24.574],[67.337,24.574]],[[67.348,24.578],[67.354,24.581],[67.354,24.585],[67.351,24.585],[67.348,24.578]]]}},{"type":"Feature","properties":{},"geometry":{"type":"Polygon","coordinates":[[[67.203,24.659],[67.236,24.645],[67.23,24.635],[67.25,24.649],[67.24,24.639],[67.25,24.622],[67.253,24.642],[67.284,24.632],[67.273,24.601],[67.25,24.598],[67.236,24.625],[67.226,24.615],[67.226,24.645],[67.199,24.625],[67.182,24.642],[67.199,24.652],[67.179,24.665],[67.209,24.676],[67.203,24.659]],[[67.196,24.645],[67.192,24.642],[67.196,24.642],[67.196,24.645]],[[67.24,24.632],[67.236,24.628],[67.24,24.628],[67.24,24.632]]]}},{"type":"Feature","properties":{},"geometry":{"type":"Polygon","coordinates":[[[67.422,24.682],[67.398,24.659],[67.408,24.649],[67.395,24.652],[67.391,24.672],[67.351,24.672],[67.422,24.682]]]}},{"type":"Feature","properties":{},"geometry":{"type":"Polygon","coordinates":[[[67.348,24.699],[67.321,24.679],[67.29,24.699],[67.246,24.676],[67.25,24.696],[67.27,24.696],[67.267,24.716],[67.284,24.706],[67.304,24.723],[67.28,24.713],[67.284,24.733],[67.317,24.733],[67.331,24.703],[67.324,24.723],[67.348,24.736],[67.391,24.696],[67.348,24.699]],[[67.334,24.719],[67.348,24.713],[67.344,24.723],[67.334,24.719]],[[67.337,24.703],[67.334,24.699],[67.337,24.699],[67.337,24.703]],[[67.314,24.709],[67.31,24.713],[67.31,24.709],[67.314,24.709]],[[67.263,24.689],[67.26,24.686],[67.263,24.686],[67.263,24.689]]]}},{"type":"Feature","properties":{},"geometry":{"type":"Polygon","coordinates":[[[67.455,24.76],[67.455,24.75],[67.381,24.74],[67.375,24.723],[67.361,24.733],[67.371,24.77],[67.395,24.763],[67.391,24.743],[67.402,24.763],[67.455,24.76]],[[67.445,24.76],[67.449,24.753],[67.452,24.753],[67.452,24.757],[67.445,24.76]]]}},{"type":"Feature","properties":{},"geometry":{"type":"Polygon","coordinates":[[[67.139,24.787],[67.162,24.807],[67.223,24.817],[67.176,24.8],[67.192,24.8],[67.186,24.784],[67.139,24.787]]]}},{"type":"Feature","properties":{},"geometry":{"type":"Polygon","coordinates":[[[67.31,24.81],[67.25,24.784],[67.263,24.797],[67.223,24.807],[67.31,24.81]],[[67.277,24.807],[67.27,24.804],[67.277,24.804],[67.277,24.807]],[[67.257,24.8],[67.263,24.807],[67.257,24.807],[67.257,24.8]],[[67.25,24.804],[67.253,24.807],[67.25,24.807],[67.25,24.804]]]}},{"type":"Feature","properties":{},"geometry":{"type":"Polygon","coordinates":[[[69.324,24.854],[69.344,24.8],[69.351,24.827],[69.364,24.831],[69.354,24.797],[69.327,24.8],[69.324,24.854]]]}},{"type":"Feature","properties":{},"geometry":{"type":"Polygon","coordinates":[[[69.256,24.962],[69.286,24.966],[69.29,24.942],[69.31,24.955],[69.307,24.929],[69.351,24.912],[69.337,24.905],[69.351,24.888],[69.33,24.878],[69.317,24.918],[69.293,24.895],[69.28,24.945],[69.239,24.945],[69.239,24.976],[69.256,24.976],[69.256,24.962]],[[69.249,24.966],[69.253,24.969],[69.249,24.969],[69.249,24.966]]]}},{"type":"Feature","properties":{},"geometry":{"type":"Polygon","coordinates":[[[69.094,24.982],[69.088,24.962],[69.047,24.952],[69.064,24.993],[69.094,24.982]],[[69.074,24.979],[69.077,24.969],[69.081,24.979],[69.074,24.979]],[[69.064,24.962],[69.061,24.959],[69.064,24.959],[69.064,24.962]]]}},{"type":"Feature","properties":{},"geometry":{"type":"Polygon","coordinates":[[[69.044,24.979],[68.99,24.986],[68.99,24.999],[69.013,25.016],[69.01,24.989],[69.02,25.006],[69.05,25.003],[69.044,24.979]],[[69.023,24.986],[69.027,24.989],[69.023,24.989],[69.023,24.986]],[[68.993,24.989],[68.996,24.993],[68.993,24.993],[68.993,24.989]]]}},{"type":"Feature","properties":{},"geometry":{"type":"Polygon","coordinates":[[[68.14,25.026],[68.1,25.03],[68.086,25.003],[68.083,25.02],[68.133,25.053],[68.14,25.026]]]}},{"type":"Feature","properties":{},"geometry":{"type":"Polygon","coordinates":[[[68.899,25.047],[68.872,25.036],[68.878,25.057],[68.909,25.074],[68.899,25.05],[68.912,25.063],[68.929,25.05],[68.916,25.07],[68.929,25.084],[68.943,25.036],[68.899,25.047]],[[68.929,25.047],[68.919,25.043],[68.929,25.043],[68.929,25.047]]]}},{"type":"Feature","properties":{},"geometry":{"type":"Polygon","coordinates":[[[69.492,25.087],[69.479,25.033],[69.455,25.033],[69.448,25.057],[69.492,25.087]],[[69.482,25.074],[69.479,25.07],[69.482,25.07],[69.482,25.074]]]}},{"type":"Feature","properties":{},"geometry":{"type":"Polygon","coordinates":[[[69.064,25.077],[69.074,25.053],[69.054,25.063],[69.047,25.047],[69.017,25.047],[69.03,25.063],[69.044,25.053],[69.044,25.077],[69.027,25.063],[69.01,25.084],[69.064,25.077]],[[69.061,25.074],[69.057,25.07],[69.061,25.07],[69.061,25.074]]]}},{"type":"Feature","properties":{},"geometry":{"type":"Polygon","coordinates":[[[69.145,25.117],[69.148,25.094],[69.135,25.067],[69.115,25.08],[69.128,25.097],[69.098,25.097],[69.094,25.117],[69.145,25.117]]]}},{"type":"Feature","properties":{},"geometry":{"type":"Polygon","coordinates":[[[69.553,25.148],[69.519,25.121],[69.512,25.144],[69.529,25.151],[69.516,25.158],[69.539,25.181],[69.553,25.148]]]}},{"type":"Feature","properties":{},"geometry":{"type":"Polygon","coordinates":[[[68.723,25.131],[68.72,25.161],[68.74,25.154],[68.73,25.141],[68.75,25.144],[68.744,25.154],[68.764,25.195],[68.76,25.175],[68.777,25.168],[68.757,25.154],[68.757,25.117],[68.74,25.124],[68.75,25.134],[68.723,25.131]],[[68.76,25.168],[68.764,25.171],[68.76,25.171],[68.76,25.168]]]}},{"type":"Feature","properties":{},"geometry":{"type":"Polygon","coordinates":[[[61.774,25.168],[61.757,25.151],[61.76,25.168],[61.716,25.188],[61.764,25.202],[61.774,25.168]],[[61.76,25.171],[61.767,25.175],[61.76,25.175],[61.76,25.171]]]}},{"type":"Feature","properties":{},"geometry":{"type":"Polygon","coordinates":[[[69.037,25.208],[69.023,25.151],[69.007,25.141],[69.0,25.208],[69.003,25.195],[69.01,25.212],[69.037,25.208]],[[69.007,25.188],[69.01,25.192],[69.007,25.192],[69.007,25.188]]]}},{"type":"Feature","properties":{},"geometry":{"type":"Polygon","coordinates":[[[63.065,25.235],[63.015,25.212],[62.957,25.222],[62.967,25.232],[62.998,25.219],[63.065,25.235]]]}},{"type":"Feature","properties":{},"geometry":{"type":"Polygon","coordinates":[[[69.104,25.178],[69.071,25.158],[69.088,25.185],[69.064,25.181],[69.05,25.154],[69.034,25.161],[69.054,25.181],[69.044,25.212],[69.064,25.205],[69.077,25.222],[69.094,25.202],[69.128,25.239],[69.135,25.181],[69.104,25.178]],[[69.098,25.195],[69.115,25.195],[69.121,25.208],[69.108,25.212],[69.098,25.195]]]}},{"type":"Feature","properties":{},"geometry":{"type":"Polygon","coordinates":[[[68.319,25.252],[68.319,25.245],[68.278,25.188],[68.292,25.232],[68.319,25.252]]]}},{"type":"Feature","properties":{},"geometry":{"type":"Polygon","coordinates":[[[69.378,25.245],[69.371,25.225],[69.394,25.222],[69.354,25.198],[69.33,25.222],[69.34,25.235],[69.317,25.242],[69.33,25.256],[69.354,25.256],[69.347,25.239],[69.378,25.245]],[[69.351,25.212],[69.347,25.208],[69.351,25.208],[69.351,25.212]]]}},{"type":"Feature","properties":{},"geometry":{"type":"Polygon","coordinates":[[[62.438,25.219],[62.458,25.222],[62.455,25.242],[62.478,25.262],[62.583,25.276],[62.637,25.269],[62.482,25.259],[62.462,25.235],[62.472,25.219],[62.438,25.219]]]}},{"type":"Feature","properties":{},"geometry":{"type":"Polygon","coordinates":[[[69.081,25.299],[69.067,25.283],[69.084,25.252],[69.067,25.242],[69.061,25.283],[69.037,25.276],[69.03,25.283],[69.081,25.299]]]}},{"type":"Feature","properties":{},"geometry":{"type":"Polygon","coordinates":[[[69.354,25.296],[69.324,25.262],[69.3,25.272],[69.3,25.245],[69.317,25.249],[69.317,25.245],[69.286,25.232],[69.297,25.303],[69.32,25.316],[69.317,25.289],[69.354,25.296]],[[69.34,25.289],[69.334,25.286],[69.34,25.286],[69.34,25.289]],[[69.3,25.296],[69.303,25.299],[69.3,25.299],[69.3,25.296]],[[69.303,25.286],[69.317,25.279],[69.317,25.286],[69.303,25.286]]]}},{"type":"Feature","properties":{},"geometry":{"type":"Polygon","coordinates":[[[69.229,25.262],[69.195,25.279],[69.182,25.262],[69.216,25.262],[69.212,25.242],[69.172,25.242],[69.165,25.269],[69.131,25.286],[69.148,25.31],[69.121,25.333],[69.192,25.347],[69.219,25.326],[69.189,25.299],[69.226,25.303],[69.229,25.262]],[[69.182,25.276],[69.179,25.286],[69.168,25.276],[69.182,25.276]],[[69.145,25.289],[69.185,25.306],[69.185,25.323],[69.158,25.323],[69.145,25.289]],[[69.145,25.32],[69.152,25.323],[69.145,25.323],[69.145,25.32]],[[69.179,25.296],[69.175,25.293],[69.179,25.293],[69.179,25.296]],[[69.158,25.289],[69.165,25.283],[69.168,25.289],[69.158,25.289]],[[69.219,25.296],[69.222,25.299],[69.219,25.299],[69.219,25.296]],[[69.172,25.266],[69.168,25.262],[69.172,25.262],[69.172,25.266]],[[69.189,25.259],[69.179,25.256],[69.179,25.252],[69.185,25.252],[69.189,25.259]],[[69.195,25.252],[69.189,25.249],[69.195,25.249],[69.195,25.252]]]}},{"type":"Feature","properties":{},"geometry":{"type":"Polygon","coordinates":[[[68.703,25.347],[68.733,25.35],[68.764,25.316],[68.747,25.306],[68.754,25.289],[68.73,25.286],[68.727,25.303],[68.74,25.303],[68.744,25.316],[68.727,25.306],[68.727,25.333],[68.703,25.347]],[[68.737,25.33],[68.733,25.326],[68.737,25.326],[68.737,25.33]],[[68.737,25.299],[68.733,25.293],[68.74,25.299],[68.737,25.299]]]}},{"type":"Feature","properties":{},"geometry":{"type":"Polygon","coordinates":[[[68.322,25.252],[68.342,25.313],[68.315,25.37],[68.352,25.31],[68.346,25.269],[68.322,25.252]]]}},{"type":"Feature","properties":{},"geometry":{"type":"Polygon","coordinates":[[[69.05,25.37],[69.071,25.363],[69.05,25.337],[69.007,25.337],[69.05,25.37]],[[69.037,25.35],[69.04,25.343],[69.044,25.343],[69.037,25.35]]]}},{"type":"Feature","properties":{},"geometry":{"type":"Polygon","coordinates":[[[64.569,25.357],[64.667,25.34],[64.67,25.32],[64.616,25.313],[64.586,25.286],[64.518,25.286],[64.542,25.326],[64.529,25.347],[64.562,25.357],[64.583,25.401],[64.599,25.367],[64.569,25.357]],[[64.586,25.32],[64.599,25.326],[64.593,25.333],[64.586,25.32]],[[64.606,25.323],[64.613,25.313],[64.616,25.32],[64.606,25.323]]]}},{"type":"Feature","properties":{},"geometry":{"type":"Polygon","coordinates":[[[69.26,25.38],[69.246,25.37],[69.263,25.37],[69.256,25.353],[69.209,25.363],[69.195,25.39],[69.243,25.401],[69.26,25.38]],[[69.229,25.38],[69.239,25.374],[69.236,25.38],[69.229,25.38]],[[69.216,25.374],[69.219,25.377],[69.216,25.377],[69.216,25.374]]]}},{"type":"Feature","properties":{},"geometry":{"type":"Polygon","coordinates":[[[64.067,25.353],[64.04,25.333],[64.043,25.36],[64.033,25.353],[64.013,25.357],[64.05,25.37],[64.046,25.377],[63.996,25.363],[63.986,25.367],[64.04,25.38],[64.043,25.404],[64.067,25.353]]]}},{"type":"Feature","properties":{},"geometry":{"type":"Polygon","coordinates":[[[67.179,25.407],[67.192,25.401],[67.176,25.37],[67.186,25.347],[67.155,25.31],[67.155,25.245],[67.125,25.222],[67.098,25.256],[67.112,25.276],[67.088,25.296],[67.098,25.316],[67.122,25.316],[67.115,25.343],[67.145,25.394],[67.172,25.387],[67.179,25.407]],[[67.166,25.326],[67.162,25.323],[67.166,25.323],[67.166,25.326]],[[67.152,25.323],[67.139,25.316],[67.118,25.286],[67.118,25.242],[67.152,25.323]]]}},{"type":"Feature","properties":{},"geometry":{"type":"Polygon","coordinates":[[[69.681,25.404],[69.654,25.394],[69.678,25.39],[69.681,25.37],[69.691,25.38],[69.691,25.347],[69.664,25.333],[69.668,25.367],[69.634,25.347],[69.63,25.39],[69.657,25.377],[69.651,25.401],[69.661,25.417],[69.681,25.404]],[[69.664,25.387],[69.661,25.384],[69.664,25.384],[69.664,25.387]],[[69.634,25.367],[69.637,25.36],[69.644,25.36],[69.634,25.367]],[[69.678,25.36],[69.674,25.357],[69.678,25.357],[69.678,25.36]]]}},{"type":"Feature","properties":{},"geometry":{"type":"Polygon","coordinates":[[[68.511,25.428],[68.497,25.407],[68.518,25.411],[68.508,25.401],[68.535,25.387],[68.504,25.387],[68.494,25.347],[68.477,25.353],[68.467,25.313],[68.494,25.326],[68.504,25.31],[68.457,25.306],[68.504,25.289],[68.491,25.252],[68.467,25.269],[68.47,25.215],[68.484,25.235],[68.518,25.225],[68.521,25.171],[68.545,25.151],[68.521,25.154],[68.518,25.1],[68.575,25.114],[68.578,25.094],[68.565,25.104],[68.558,25.09],[68.582,25.074],[68.551,25.07],[68.575,25.043],[68.551,25.053],[68.524,24.999],[68.514,25.03],[68.487,25.02],[68.501,25.053],[68.46,25.047],[68.464,25.033],[68.437,25.009],[68.45,24.986],[68.4,24.986],[68.396,24.996],[68.386,24.979],[68.396,24.986],[68.4,24.979],[68.363,24.972],[68.352,24.949],[68.342,24.979],[68.332,24.979],[68.339,24.949],[68.302,24.918],[68.342,24.918],[68.349,24.902],[68.322,24.908],[68.319,24.885],[68.373,24.885],[68.359,24.902],[68.383,24.898],[68.376,24.915],[68.406,24.925],[68.396,24.942],[68.443,24.929],[68.43,24.912],[68.42,24.929],[68.396,24.895],[68.406,24.871],[68.417,24.902],[68.481,24.918],[68.491,24.945],[68.477,24.935],[68.474,24.955],[68.497,24.955],[68.494,24.976],[68.518,24.962],[68.504,25.006],[68.518,25.006],[68.511,24.989],[68.528,24.979],[68.528,24.996],[68.548,24.989],[68.545,25.006],[68.565,25.009],[68.548,25.03],[68.551,25.04],[68.602,25.006],[68.619,25.033],[68.669,25.026],[68.686,25.057],[68.663,25.05],[68.659,25.077],[68.632,25.077],[68.626,25.151],[68.71,25.131],[68.72,25.148],[68.723,25.121],[68.7,25.131],[68.696,25.114],[68.737,25.121],[68.757,25.114],[68.757,25.097],[68.791,25.127],[68.831,25.097],[68.814,25.124],[68.865,25.134],[68.865,25.074],[68.838,25.087],[68.814,25.07],[68.838,25.033],[68.821,25.016],[68.858,24.962],[68.838,24.949],[68.875,24.939],[68.868,24.952],[68.892,24.972],[68.865,24.986],[68.885,24.993],[68.892,24.979],[68.912,24.989],[68.959,24.962],[68.953,25.006],[68.983,25.006],[68.976,24.979],[68.986,24.979],[68.993,24.962],[68.943,24.959],[68.943,24.952],[68.929,24.949],[68.926,24.942],[68.953,24.939],[68.953,24.949],[68.97,24.945],[69.007,24.969],[69.047,24.942],[69.027,24.925],[69.047,24.902],[69.064,24.902],[69.054,24.922],[69.071,24.945],[69.094,24.932],[69.098,24.902],[69.108,24.922],[69.145,24.912],[69.155,24.929],[69.162,24.908],[69.185,24.925],[69.202,24.915],[69.185,24.898],[69.212,24.902],[69.212,24.888],[69.199,24.878],[69.209,24.871],[69.209,24.861],[69.182,24.851],[69.209,24.827],[69.185,24.824],[69.179,24.8],[69.206,24.824],[69.236,24.807],[69.233,24.794],[69.226,24.81],[69.209,24.794],[69.226,24.794],[69.219,24.77],[69.192,24.767],[69.222,24.753],[69.185,24.706],[69.165,24.74],[69.182,24.757],[69.155,24.773],[69.145,24.753],[69.179,24.679],[69.185,24.703],[69.202,24.689],[69.179,24.652],[69.145,24.672],[69.152,24.639],[69.128,24.628],[69.145,24.622],[69.131,24.608],[69.179,24.615],[69.155,24.591],[69.175,24.578],[69.135,24.571],[69.145,24.554],[69.128,24.547],[69.101,24.568],[69.108,24.541],[69.057,24.517],[69.064,24.554],[69.088,24.558],[69.071,24.564],[69.05,24.541],[69.047,24.544],[69.054,24.561],[69.05,24.571],[69.03,24.547],[69.047,24.52],[69.034,24.514],[69.047,24.507],[69.034,24.44],[69.007,24.467],[69.013,24.48],[68.98,24.49],[69.02,24.443],[68.983,24.423],[68.953,24.429],[68.956,24.416],[68.936,24.402],[68.926,24.423],[68.905,24.413],[68.922,24.402],[68.916,24.376],[68.922,24.392],[68.943,24.389],[68.936,24.359],[68.912,24.355],[68.943,24.352],[68.956,24.369],[68.959,24.349],[68.899,24.315],[68.932,24.325],[68.936,24.315],[68.953,24.308],[68.939,24.332],[68.963,24.338],[68.959,24.355],[68.966,24.365],[68.976,24.365],[68.983,24.345],[69.023,24.349],[69.03,24.325],[69.054,24.335],[69.074,24.305],[69.115,24.325],[69.125,24.301],[69.162,24.295],[69.165,24.284],[69.226,24.295],[69.233,24.332],[69.253,24.288],[69.394,24.271],[69.421,24.281],[69.425,24.311],[69.458,24.268],[69.351,24.268],[69.307,24.278],[69.239,24.251],[69.219,24.264],[69.202,24.264],[69.222,24.247],[69.182,24.237],[69.071,24.281],[69.05,24.254],[69.04,24.288],[69.017,24.288],[69.037,24.241],[69.017,24.234],[69.02,24.264],[68.99,24.278],[68.983,24.251],[69.01,24.231],[68.98,24.227],[68.98,24.251],[68.966,24.244],[68.926,24.295],[68.882,24.288],[68.892,24.281],[68.862,24.261],[68.885,24.257],[68.882,24.227],[68.848,24.207],[68.858,24.247],[68.831,24.274],[68.831,24.335],[68.818,24.305],[68.781,24.295],[68.737,24.335],[68.7,24.271],[68.707,24.322],[68.69,24.342],[68.707,24.332],[68.733,24.349],[68.71,24.379],[68.713,24.349],[68.68,24.382],[68.649,24.362],[68.629,24.376],[68.649,24.352],[68.636,24.308],[68.595,24.332],[68.619,24.349],[68.592,24.365],[68.578,24.355],[68.588,24.338],[68.562,24.332],[68.575,24.305],[68.558,24.298],[68.588,24.288],[68.568,24.254],[68.588,24.251],[68.588,24.227],[68.626,24.237],[68.612,24.22],[68.629,24.217],[68.632,24.227],[68.646,24.224],[68.605,24.18],[68.585,24.2],[68.575,24.18],[68.548,24.187],[68.548,24.173],[68.497,24.156],[68.545,24.136],[68.565,24.173],[68.588,24.17],[68.572,24.163],[68.585,24.146],[68.622,24.16],[68.605,24.146],[68.622,24.129],[68.595,24.129],[68.562,24.102],[68.612,24.119],[68.622,24.092],[68.588,24.079],[68.602,24.062],[68.646,24.079],[68.713,24.065],[68.74,24.089],[68.76,24.069],[68.73,24.065],[68.717,24.042],[68.683,24.059],[68.663,24.032],[68.656,24.059],[68.626,24.065],[68.626,24.008],[68.592,23.991],[68.585,23.964],[68.551,23.981],[68.521,23.964],[68.508,23.991],[68.538,24.008],[68.541,24.048],[68.504,24.052],[68.508,24.075],[68.565,24.082],[68.568,24.069],[68.558,24.065],[68.555,24.059],[68.558,24.055],[68.582,24.069],[68.568,24.092],[68.501,24.092],[68.474,24.062],[68.514,24.021],[68.43,23.998],[68.403,23.971],[68.396,23.988],[68.423,24.018],[68.447,24.011],[68.45,24.032],[68.42,24.042],[68.42,24.025],[68.39,24.025],[68.403,24.028],[68.386,24.042],[68.4,24.072],[68.396,24.082],[68.359,24.025],[68.4,24.008],[68.339,23.988],[68.332,23.93],[68.278,23.941],[68.214,23.89],[68.201,23.917],[68.228,23.941],[68.234,23.988],[68.204,24.008],[68.207,24.028],[68.288,24.008],[68.272,23.978],[68.349,23.994],[68.349,24.015],[68.322,24.018],[68.285,24.059],[68.238,24.065],[68.251,24.042],[68.224,24.059],[68.224,24.045],[68.214,24.042],[68.201,24.065],[68.204,24.048],[68.18,24.042],[68.174,24.065],[68.16,24.059],[68.153,24.112],[68.116,24.102],[68.083,24.119],[68.066,24.112],[68.083,24.089],[68.066,24.092],[68.046,24.106],[68.056,24.146],[68.039,24.156],[68.009,24.139],[68.012,24.106],[67.988,24.106],[67.992,24.126],[67.958,24.129],[67.958,24.116],[67.982,24.119],[67.965,24.099],[67.975,24.062],[67.992,24.055],[67.978,24.062],[67.988,24.072],[68.012,24.045],[68.002,24.028],[67.998,24.042],[67.992,24.042],[67.958,24.018],[67.965,24.042],[67.924,24.062],[67.944,24.062],[67.941,24.075],[67.897,24.075],[67.87,24.106],[67.857,24.092],[67.82,24.092],[67.823,24.079],[67.803,24.069],[67.779,24.069],[67.81,24.059],[67.803,24.028],[67.85,24.052],[67.85,24.079],[67.877,24.069],[67.867,23.991],[67.84,23.998],[67.83,23.984],[67.901,23.974],[67.843,23.934],[67.826,23.897],[67.81,23.91],[67.799,23.951],[67.769,23.944],[67.766,23.954],[67.769,23.967],[67.725,23.994],[67.729,24.018],[67.759,24.021],[67.766,24.005],[67.779,24.011],[67.756,24.032],[67.766,24.052],[67.752,24.065],[67.702,24.045],[67.742,24.035],[67.722,24.025],[67.719,24.008],[67.729,23.981],[67.715,23.974],[67.695,23.981],[67.685,24.021],[67.668,24.015],[67.668,24.032],[67.688,24.028],[67.678,24.045],[67.651,24.021],[67.617,24.021],[67.614,23.978],[67.614,23.998],[67.59,24.001],[67.587,24.042],[67.584,24.025],[67.523,24.021],[67.516,24.055],[67.543,24.069],[67.563,24.069],[67.557,24.045],[67.57,24.069],[67.627,24.069],[67.654,24.055],[67.678,24.086],[67.661,24.082],[67.675,24.123],[67.698,24.112],[67.722,24.15],[67.729,24.129],[67.756,24.133],[67.745,24.15],[67.762,24.153],[67.766,24.18],[67.83,24.197],[67.786,24.193],[67.796,24.22],[67.837,24.234],[67.83,24.217],[67.853,24.214],[67.864,24.247],[67.847,24.264],[67.88,24.335],[67.88,24.406],[67.89,24.419],[67.911,24.406],[67.944,24.419],[67.995,24.419],[67.985,24.436],[67.995,24.48],[68.015,24.487],[68.009,24.527],[68.029,24.531],[68.012,24.554],[68.029,24.554],[68.042,24.591],[68.022,24.591],[68.025,24.578],[68.022,24.571],[67.988,24.601],[68.032,24.595],[68.012,24.598],[68.029,24.622],[68.002,24.612],[67.998,24.642],[68.059,24.73],[68.046,24.73],[68.046,24.757],[68.015,24.75],[68.002,24.73],[68.025,24.703],[67.961,24.662],[67.968,24.625],[67.992,24.615],[67.965,24.612],[67.978,24.598],[67.965,24.554],[67.975,24.561],[67.998,24.554],[67.968,24.547],[67.944,24.554],[67.965,24.561],[67.961,24.588],[67.911,24.571],[67.914,24.554],[67.941,24.568],[67.924,24.524],[67.941,24.517],[67.938,24.497],[67.951,24.507],[67.938,24.547],[67.961,24.547],[67.944,24.537],[67.968,24.507],[67.948,24.49],[67.928,24.494],[67.938,24.477],[67.914,24.446],[67.941,24.44],[67.938,24.423],[67.894,24.453],[67.853,24.433],[67.847,24.386],[67.867,24.379],[67.86,24.369],[67.85,24.369],[67.86,24.349],[67.843,24.338],[67.867,24.352],[67.867,24.328],[67.83,24.308],[67.843,24.332],[67.786,24.338],[67.81,24.369],[67.83,24.369],[67.823,24.355],[67.85,24.345],[67.837,24.392],[67.853,24.443],[67.84,24.45],[67.853,24.473],[67.877,24.463],[67.85,24.477],[67.813,24.443],[67.837,24.419],[67.82,24.382],[67.796,24.362],[67.776,24.372],[67.769,24.352],[67.729,24.345],[67.762,24.301],[67.715,24.261],[67.725,24.244],[67.648,24.204],[67.661,24.18],[67.698,24.187],[67.671,24.156],[67.634,24.163],[67.631,24.143],[67.668,24.146],[67.634,24.136],[67.654,24.116],[67.651,24.069],[67.526,24.075],[67.54,24.096],[67.57,24.082],[67.607,24.096],[67.607,24.109],[67.627,24.123],[67.624,24.173],[67.641,24.177],[67.627,24.18],[67.654,24.183],[67.627,24.2],[67.624,24.173],[67.6,24.163],[67.597,24.177],[67.587,24.18],[67.59,24.173],[67.577,24.16],[67.547,24.16],[67.56,24.217],[67.543,24.227],[67.536,24.207],[67.52,24.217],[67.55,24.231],[67.543,24.244],[67.563,24.234],[67.563,24.257],[67.587,24.241],[67.59,24.274],[67.604,24.231],[67.617,24.227],[67.627,24.257],[67.611,24.251],[67.607,24.274],[67.644,24.281],[67.611,24.284],[67.631,24.305],[67.604,24.311],[67.59,24.328],[67.587,24.295],[67.557,24.298],[67.574,24.328],[67.594,24.332],[67.594,24.325],[67.617,24.325],[67.617,24.332],[67.574,24.335],[67.584,24.355],[67.56,24.352],[67.547,24.413],[67.452,24.429],[67.442,24.46],[67.466,24.463],[67.445,24.473],[67.469,24.473],[67.486,24.487],[67.435,24.48],[67.429,24.497],[67.459,24.483],[67.469,24.514],[67.415,24.534],[67.391,24.568],[67.425,24.581],[67.432,24.561],[67.455,24.561],[67.459,24.574],[67.398,24.618],[67.459,24.628],[67.452,24.612],[67.486,24.581],[67.482,24.642],[67.499,24.645],[67.455,24.669],[67.459,24.696],[67.435,24.696],[67.425,24.73],[67.442,24.726],[67.442,24.703],[67.452,24.726],[67.493,24.716],[67.486,24.682],[67.506,24.686],[67.509,24.713],[67.503,24.73],[67.452,24.733],[67.462,24.757],[67.476,24.746],[67.462,24.78],[67.418,24.773],[67.395,24.79],[67.459,24.79],[67.533,24.746],[67.54,24.733],[67.536,24.746],[67.604,24.733],[67.6,24.746],[67.631,24.757],[67.668,24.74],[67.688,24.75],[67.681,24.77],[67.752,24.784],[67.745,24.817],[67.786,24.827],[67.796,24.848],[67.833,24.81],[67.843,24.841],[67.847,24.817],[67.894,24.831],[67.911,24.797],[67.971,24.861],[67.985,24.834],[68.025,24.878],[67.992,24.827],[68.005,24.807],[67.985,24.804],[67.988,24.784],[68.005,24.787],[68.002,24.763],[67.968,24.757],[67.978,24.74],[67.948,24.689],[67.928,24.703],[67.958,24.665],[67.982,24.699],[67.998,24.692],[67.992,24.73],[68.005,24.757],[68.049,24.76],[68.019,24.794],[68.015,24.817],[68.069,24.891],[68.059,24.905],[68.089,24.925],[68.083,24.942],[68.1,24.982],[68.127,24.996],[68.13,24.969],[68.15,24.976],[68.116,24.922],[68.147,24.935],[68.133,24.902],[68.153,24.898],[68.153,24.861],[68.167,24.841],[68.18,24.858],[68.187,24.837],[68.221,24.925],[68.319,24.949],[68.295,24.982],[68.305,25.006],[68.278,25.003],[68.309,25.02],[68.278,25.026],[68.292,25.03],[68.285,25.074],[68.265,25.016],[68.275,24.989],[68.255,24.945],[68.224,24.945],[68.177,24.986],[68.207,25.006],[68.211,24.969],[68.234,24.969],[68.258,25.009],[68.261,25.057],[68.231,25.074],[68.238,25.1],[68.231,25.087],[68.221,25.1],[68.248,25.175],[68.238,25.212],[68.258,25.219],[68.248,25.195],[68.282,25.158],[68.302,25.165],[68.288,25.148],[68.261,25.161],[68.261,25.117],[68.285,25.121],[68.278,25.087],[68.292,25.087],[68.295,25.08],[68.315,25.111],[68.342,25.097],[68.366,25.1],[68.373,25.117],[68.342,25.104],[68.285,25.134],[68.322,25.144],[68.336,25.117],[68.342,25.121],[68.332,25.131],[68.363,25.158],[68.309,25.175],[68.339,25.192],[68.454,25.171],[68.437,25.212],[68.443,25.235],[68.467,25.239],[68.433,25.245],[68.42,25.272],[68.447,25.249],[68.464,25.262],[68.433,25.276],[68.44,25.343],[68.42,25.343],[68.42,25.37],[68.443,25.357],[68.427,25.394],[68.46,25.39],[68.454,25.404],[68.467,25.39],[68.447,25.367],[68.464,25.38],[68.487,25.37],[68.47,25.384],[68.491,25.387],[68.481,25.414],[68.511,25.428]],[[68.491,25.384],[68.487,25.38],[68.491,25.38],[68.491,25.384]],[[68.447,25.38],[68.454,25.384],[68.454,25.387],[68.447,25.38]],[[68.43,25.387],[68.433,25.39],[68.43,25.39],[68.43,25.387]],[[68.47,25.363],[68.467,25.36],[68.47,25.36],[68.47,25.363]],[[68.474,25.353],[68.47,25.35],[68.474,25.35],[68.474,25.353]],[[68.464,25.35],[68.467,25.353],[68.464,25.353],[68.464,25.35]],[[68.457,25.35],[68.46,25.353],[68.457,25.353],[68.457,25.35]],[[68.447,25.343],[68.443,25.34],[68.447,25.34],[68.447,25.343]],[[68.454,25.33],[68.447,25.323],[68.454,25.323],[68.454,25.33]],[[68.447,25.32],[68.44,25.316],[68.447,25.316],[68.447,25.32]],[[68.454,25.31],[68.447,25.306],[68.454,25.306],[68.454,25.31]],[[68.467,25.215],[68.46,25.225],[68.46,25.215],[68.467,25.215]],[[68.494,25.202],[68.487,25.198],[68.487,25.188],[68.494,25.202]],[[68.467,25.185],[68.46,25.181],[68.46,25.178],[68.467,25.185]],[[68.477,25.178],[68.47,25.175],[68.477,25.175],[68.477,25.178]],[[68.46,25.175],[68.457,25.171],[68.46,25.171],[68.46,25.175]],[[68.454,25.131],[68.477,25.171],[68.46,25.168],[68.454,25.131]],[[68.47,25.141],[68.474,25.138],[68.474,25.141],[68.47,25.141]],[[68.44,25.127],[68.443,25.131],[68.44,25.131],[68.44,25.127]],[[68.417,25.127],[68.42,25.134],[68.413,25.134],[68.417,25.127]],[[68.39,25.114],[68.386,25.144],[68.41,25.138],[68.406,25.158],[68.366,25.165],[68.349,25.117],[68.373,25.124],[68.39,25.114]],[[68.396,25.124],[68.393,25.121],[68.396,25.121],[68.396,25.124]],[[68.44,25.124],[68.437,25.121],[68.44,25.121],[68.44,25.124]],[[68.427,25.114],[68.423,25.111],[68.427,25.111],[68.427,25.114]],[[68.356,25.161],[68.359,25.165],[68.356,25.165],[68.356,25.161]],[[68.44,25.148],[68.443,25.144],[68.443,25.148],[68.44,25.148]],[[68.45,25.165],[68.447,25.171],[68.443,25.171],[68.443,25.168],[68.45,25.165]],[[68.349,25.175],[68.352,25.168],[68.352,25.175],[68.349,25.175]],[[68.363,25.175],[68.359,25.171],[68.363,25.171],[68.363,25.175]],[[68.491,25.161],[68.484,25.158],[68.491,25.158],[68.491,25.161]],[[68.531,25.161],[68.528,25.158],[68.531,25.158],[68.531,25.161]],[[68.312,25.131],[68.315,25.134],[68.312,25.134],[68.312,25.131]],[[68.346,25.114],[68.342,25.111],[68.346,25.111],[68.346,25.114]],[[68.491,25.1],[68.484,25.1],[68.481,25.1],[68.484,25.094],[68.491,25.1]],[[68.535,25.097],[68.531,25.09],[68.535,25.09],[68.535,25.097]],[[68.417,25.087],[68.42,25.094],[68.417,25.094],[68.417,25.087]],[[68.396,25.084],[68.39,25.087],[68.39,25.08],[68.396,25.084]],[[68.501,25.08],[68.494,25.077],[68.501,25.077],[68.501,25.08]],[[68.4,25.077],[68.396,25.08],[68.396,25.077],[68.4,25.077]],[[68.285,25.077],[68.288,25.084],[68.285,25.084],[68.285,25.077]],[[68.241,25.077],[68.245,25.08],[68.241,25.08],[68.241,25.077]],[[68.261,25.077],[68.255,25.07],[68.261,25.074],[68.261,25.077]],[[68.336,25.074],[68.329,25.07],[68.329,25.067],[68.336,25.074]],[[68.305,25.07],[68.309,25.074],[68.305,25.074],[68.305,25.07]],[[68.241,25.07],[68.245,25.074],[68.241,25.074],[68.241,25.07]],[[68.265,25.084],[68.272,25.09],[68.265,25.09],[68.265,25.084]],[[68.352,25.08],[68.359,25.084],[68.352,25.084],[68.352,25.08]],[[68.41,25.1],[68.413,25.097],[68.417,25.1],[68.41,25.1]],[[68.477,25.1],[68.474,25.097],[68.477,25.097],[68.477,25.1]],[[68.268,25.094],[68.272,25.097],[68.268,25.097],[68.268,25.094]],[[68.261,25.168],[68.265,25.171],[68.261,25.171],[68.261,25.168]],[[68.261,24.999],[68.265,24.993],[68.265,24.999],[68.261,24.999]],[[68.265,24.982],[68.261,24.979],[68.265,24.979],[68.265,24.982]],[[68.245,24.972],[68.241,24.969],[68.245,24.969],[68.245,24.972]],[[68.238,24.962],[68.221,24.959],[68.221,24.955],[68.234,24.949],[68.238,24.962]],[[68.322,25.067],[68.329,25.03],[68.349,25.04],[68.322,25.067]],[[68.295,25.053],[68.298,25.057],[68.295,25.057],[68.295,25.053]],[[68.484,25.067],[68.481,25.063],[68.484,25.063],[68.484,25.067]],[[68.511,25.06],[68.514,25.053],[68.518,25.053],[68.518,25.057],[68.511,25.06]],[[68.454,25.043],[68.413,25.026],[68.41,25.016],[68.454,25.033],[68.454,25.043]],[[68.352,25.03],[68.349,25.036],[68.349,25.03],[68.352,25.03]],[[68.42,25.04],[68.417,25.033],[68.42,25.033],[68.42,25.04]],[[68.447,25.023],[68.443,25.02],[68.447,25.02],[68.447,25.023]],[[68.342,25.02],[68.332,25.023],[68.329,25.016],[68.342,25.02]],[[68.305,25.036],[68.309,25.04],[68.305,25.04],[68.305,25.036]],[[68.406,25.016],[68.386,24.996],[68.403,25.003],[68.41,24.993],[68.406,25.016]],[[68.315,25.006],[68.319,25.013],[68.315,25.013],[68.315,25.006]],[[68.359,25.013],[68.356,25.009],[68.359,25.009],[68.359,25.013]],[[68.339,25.006],[68.342,25.009],[68.339,25.009],[68.339,25.006]],[[68.417,25.013],[68.41,25.009],[68.41,25.006],[68.417,25.013]],[[68.312,24.996],[68.309,24.993],[68.312,24.993],[68.312,24.996]],[[68.336,24.986],[68.342,24.982],[68.342,24.986],[68.336,24.986]],[[68.366,24.979],[68.363,24.976],[68.366,24.976],[68.366,24.979]],[[68.329,24.959],[68.325,24.955],[68.329,24.955],[68.329,24.959]],[[68.268,24.925],[68.261,24.922],[68.268,24.922],[68.268,24.925]],[[68.255,24.922],[68.258,24.925],[68.255,24.925],[68.255,24.922]],[[68.241,24.918],[68.238,24.915],[68.241,24.915],[68.241,24.918]],[[68.292,24.908],[68.298,24.905],[68.292,24.915],[68.292,24.908]],[[68.234,24.895],[68.231,24.888],[68.234,24.888],[68.234,24.895]],[[68.373,24.881],[68.352,24.878],[68.352,24.858],[68.369,24.858],[68.373,24.875],[68.393,24.861],[68.383,24.881],[68.373,24.881]],[[68.454,24.871],[68.46,24.864],[68.467,24.864],[68.467,24.868],[68.454,24.871]],[[68.585,24.875],[68.575,24.864],[68.588,24.864],[68.585,24.875]],[[68.464,24.871],[68.467,24.875],[68.464,24.875],[68.464,24.871]],[[68.528,24.875],[68.531,24.878],[68.528,24.878],[68.528,24.875]],[[68.605,24.881],[68.615,24.885],[68.609,24.888],[68.605,24.881]],[[68.595,24.878],[68.599,24.881],[68.595,24.881],[68.595,24.878]],[[68.46,24.885],[68.467,24.891],[68.467,24.905],[68.46,24.885]],[[68.605,24.908],[68.595,24.898],[68.609,24.898],[68.605,24.908]],[[68.531,24.905],[68.535,24.908],[68.531,24.908],[68.531,24.905]],[[68.578,24.905],[68.575,24.912],[68.572,24.912],[68.578,24.905]],[[68.562,24.908],[68.565,24.912],[68.562,24.912],[68.562,24.908]],[[68.626,24.915],[68.632,24.902],[68.636,24.915],[68.626,24.915]],[[68.605,24.915],[68.612,24.918],[68.612,24.922],[68.605,24.915]],[[68.771,24.915],[68.777,24.929],[68.771,24.932],[68.771,24.915]],[[68.808,24.925],[68.791,24.942],[68.804,24.939],[68.814,24.942],[68.798,24.952],[68.787,24.942],[68.787,24.932],[68.808,24.925]],[[68.889,24.925],[68.885,24.912],[68.889,24.912],[68.889,24.925]],[[68.936,24.915],[68.895,24.912],[68.905,24.891],[68.926,24.898],[68.905,24.908],[68.936,24.915]],[[68.818,24.939],[68.828,24.929],[68.828,24.942],[68.818,24.939]],[[68.845,24.942],[68.841,24.939],[68.845,24.939],[68.845,24.942]],[[68.878,24.932],[68.885,24.935],[68.885,24.939],[68.878,24.932]],[[68.943,24.932],[68.939,24.918],[68.959,24.922],[68.973,24.912],[68.976,24.925],[68.943,24.932]],[[68.986,24.932],[68.98,24.925],[68.986,24.925],[68.986,24.932]],[[69.017,24.929],[69.007,24.918],[69.023,24.922],[69.017,24.929]],[[69.027,24.912],[69.023,24.908],[69.027,24.908],[69.027,24.912]],[[68.99,24.908],[68.993,24.912],[68.99,24.912],[68.99,24.908]],[[68.953,24.908],[68.956,24.918],[68.953,24.918],[68.953,24.908]],[[68.919,24.932],[68.926,24.935],[68.919,24.935],[68.919,24.932]],[[68.912,24.935],[68.919,24.942],[68.899,24.935],[68.912,24.935]],[[69.007,24.935],[69.027,24.939],[69.027,24.942],[69.017,24.945],[69.007,24.935]],[[68.97,24.935],[68.973,24.939],[68.97,24.939],[68.97,24.935]],[[68.956,24.939],[68.959,24.942],[68.956,24.942],[68.956,24.939]],[[68.892,24.939],[68.905,24.955],[68.902,24.966],[68.885,24.962],[68.892,24.939]],[[68.946,24.969],[68.943,24.966],[68.946,24.966],[68.946,24.969]],[[68.895,24.972],[68.899,24.969],[68.899,24.972],[68.895,24.972]],[[68.929,24.972],[68.926,24.969],[68.929,24.969],[68.929,24.972]],[[68.932,24.966],[68.929,24.962],[68.932,24.962],[68.932,24.966]],[[68.922,24.959],[68.919,24.955],[68.922,24.955],[68.922,24.959]],[[69.027,24.905],[69.023,24.902],[69.027,24.902],[69.027,24.905]],[[69.071,24.891],[69.084,24.898],[69.077,24.905],[69.071,24.891]],[[69.202,24.891],[69.195,24.895],[69.202,24.881],[69.202,24.891]],[[69.165,24.881],[69.168,24.885],[69.165,24.885],[69.165,24.881]],[[69.118,24.881],[69.125,24.888],[69.118,24.885],[69.118,24.881]],[[69.118,24.875],[69.101,24.888],[69.101,24.871],[69.118,24.875]],[[69.141,24.881],[69.138,24.878],[69.141,24.878],[69.141,24.881]],[[69.195,24.881],[69.192,24.878],[69.195,24.878],[69.195,24.881]],[[69.189,24.875],[69.185,24.871],[69.189,24.871],[69.189,24.875]],[[69.04,24.871],[69.044,24.875],[69.04,24.875],[69.04,24.871]],[[68.99,24.871],[69.0,24.875],[68.99,24.875],[68.99,24.871]],[[68.922,24.871],[68.926,24.875],[68.922,24.875],[68.922,24.871]],[[68.919,24.868],[68.905,24.878],[68.912,24.868],[68.919,24.868]],[[68.929,24.861],[68.922,24.868],[68.922,24.864],[68.929,24.861]],[[69.206,24.868],[69.202,24.864],[69.206,24.864],[69.206,24.868]],[[69.141,24.861],[69.145,24.868],[69.141,24.868],[69.141,24.861]],[[69.088,24.854],[69.094,24.864],[69.084,24.868],[69.088,24.854]],[[69.108,24.858],[69.118,24.851],[69.115,24.858],[69.108,24.858]],[[69.172,24.851],[69.165,24.844],[69.172,24.844],[69.172,24.851]],[[69.179,24.844],[69.175,24.841],[69.179,24.841],[69.179,24.844]],[[69.061,24.837],[69.067,24.844],[69.057,24.844],[69.061,24.837]],[[69.091,24.837],[69.088,24.834],[69.091,24.834],[69.091,24.837]],[[69.145,24.841],[69.125,24.831],[69.135,24.814],[69.145,24.841]],[[69.165,24.837],[69.168,24.831],[69.175,24.827],[69.165,24.837]],[[69.182,24.834],[69.179,24.831],[69.182,24.831],[69.182,24.834]],[[69.155,24.814],[69.155,24.797],[69.175,24.794],[69.175,24.81],[69.155,24.814]],[[69.202,24.8],[69.195,24.797],[69.195,24.794],[69.199,24.794],[69.202,24.8]],[[69.185,24.794],[69.182,24.79],[69.185,24.79],[69.185,24.794]],[[69.141,24.79],[69.148,24.794],[69.141,24.797],[69.141,24.79]],[[69.118,24.794],[69.138,24.78],[69.131,24.79],[69.118,24.794]],[[69.145,24.78],[69.141,24.777],[69.145,24.777],[69.145,24.78]],[[69.175,24.787],[69.199,24.773],[69.206,24.787],[69.175,24.787]],[[69.111,24.777],[69.094,24.777],[69.098,24.77],[69.111,24.777]],[[69.088,24.773],[69.091,24.777],[69.088,24.777],[69.088,24.773]],[[69.067,24.767],[69.034,24.784],[69.03,24.763],[69.067,24.767]],[[69.125,24.763],[69.118,24.76],[69.118,24.753],[69.125,24.763]],[[69.071,24.753],[69.074,24.757],[69.071,24.757],[69.071,24.753]],[[69.04,24.76],[69.044,24.746],[69.037,24.74],[69.04,24.76]],[[68.976,24.75],[68.98,24.753],[68.976,24.753],[68.976,24.75]],[[68.895,24.773],[68.872,24.757],[68.902,24.753],[68.895,24.773]],[[68.808,24.784],[68.811,24.753],[68.818,24.753],[68.808,24.784]],[[68.737,24.787],[68.733,24.78],[68.74,24.787],[68.737,24.787]],[[68.814,24.787],[68.804,24.794],[68.808,24.787],[68.814,24.787]],[[68.737,24.794],[68.747,24.81],[68.744,24.81],[68.737,24.794]],[[68.703,24.804],[68.693,24.787],[68.71,24.8],[68.703,24.804]],[[68.636,24.784],[68.639,24.807],[68.663,24.807],[68.653,24.821],[68.626,24.807],[68.636,24.784]],[[68.717,24.79],[68.71,24.784],[68.717,24.784],[68.717,24.79]],[[68.676,24.784],[68.68,24.787],[68.676,24.787],[68.676,24.784]],[[68.666,24.777],[68.663,24.787],[68.663,24.777],[68.666,24.777]],[[68.764,24.777],[68.771,24.78],[68.771,24.784],[68.764,24.777]],[[68.683,24.777],[68.686,24.78],[68.683,24.78],[68.683,24.777]],[[68.443,24.777],[68.457,24.78],[68.443,24.78],[68.443,24.777]],[[68.417,24.777],[68.43,24.797],[68.413,24.797],[68.417,24.777]],[[68.619,24.784],[68.626,24.78],[68.629,24.79],[68.619,24.784]],[[68.572,24.794],[68.578,24.797],[68.572,24.797],[68.572,24.794]],[[68.437,24.794],[68.44,24.797],[68.437,24.797],[68.437,24.794]],[[68.393,24.804],[68.369,24.794],[68.373,24.784],[68.383,24.784],[68.393,24.804]],[[68.366,24.797],[68.369,24.804],[68.366,24.804],[68.366,24.797]],[[68.265,24.794],[68.261,24.8],[68.261,24.794],[68.265,24.794]],[[68.285,24.797],[68.275,24.794],[68.285,24.794],[68.285,24.797]],[[68.224,24.784],[68.228,24.81],[68.218,24.784],[68.224,24.784]],[[68.332,24.79],[68.329,24.787],[68.332,24.787],[68.332,24.79]],[[68.288,24.787],[68.285,24.784],[68.288,24.784],[68.288,24.787]],[[68.4,24.787],[68.403,24.78],[68.41,24.787],[68.4,24.787]],[[68.137,24.78],[68.14,24.784],[68.137,24.784],[68.137,24.78]],[[68.096,24.787],[68.13,24.804],[68.147,24.8],[68.147,24.827],[68.106,24.848],[68.116,24.854],[68.096,24.925],[68.069,24.885],[68.11,24.864],[68.046,24.854],[68.029,24.814],[68.052,24.837],[68.056,24.804],[68.079,24.8],[68.073,24.784],[68.096,24.76],[68.116,24.767],[68.096,24.787]],[[68.207,24.78],[68.204,24.773],[68.211,24.773],[68.207,24.78]],[[68.224,24.78],[68.221,24.777],[68.224,24.777],[68.224,24.78]],[[68.292,24.78],[68.282,24.777],[68.292,24.773],[68.292,24.78]],[[68.379,24.78],[68.376,24.777],[68.379,24.777],[68.379,24.78]],[[68.393,24.777],[68.39,24.773],[68.393,24.773],[68.393,24.777]],[[68.777,24.773],[68.774,24.77],[68.777,24.77],[68.777,24.773]],[[68.723,24.757],[68.693,24.76],[68.69,24.753],[68.72,24.746],[68.727,24.757],[68.727,24.77],[68.707,24.773],[68.723,24.757]],[[68.653,24.757],[68.656,24.767],[68.653,24.767],[68.653,24.757]],[[68.619,24.75],[68.632,24.753],[68.622,24.773],[68.619,24.773],[68.619,24.75]],[[68.487,24.746],[68.504,24.746],[68.501,24.763],[68.497,24.753],[68.487,24.746]],[[68.427,24.757],[68.43,24.76],[68.427,24.76],[68.427,24.757]],[[68.43,24.746],[68.413,24.753],[68.406,24.77],[68.406,24.75],[68.43,24.746]],[[68.45,24.757],[68.457,24.746],[68.46,24.757],[68.45,24.757]],[[68.376,24.746],[68.379,24.75],[68.376,24.75],[68.376,24.746]],[[68.366,24.75],[68.376,24.733],[68.373,24.75],[68.366,24.75]],[[68.261,24.746],[68.207,24.743],[68.197,24.726],[68.245,24.743],[68.248,24.719],[68.275,24.709],[68.261,24.746]],[[68.143,24.733],[68.133,24.757],[68.123,24.736],[68.143,24.733]],[[68.18,24.74],[68.187,24.746],[68.18,24.743],[68.18,24.74]],[[68.15,24.743],[68.153,24.746],[68.15,24.746],[68.15,24.743]],[[68.069,24.757],[68.079,24.743],[68.086,24.753],[68.069,24.757]],[[68.221,24.76],[68.224,24.753],[68.228,24.753],[68.221,24.76]],[[68.248,24.77],[68.241,24.757],[68.255,24.753],[68.248,24.77]],[[68.211,24.763],[68.214,24.767],[68.211,24.767],[68.211,24.763]],[[68.137,24.77],[68.14,24.773],[68.137,24.773],[68.137,24.77]],[[68.191,24.777],[68.201,24.77],[68.197,24.777],[68.191,24.777]],[[68.265,24.773],[68.261,24.77],[68.265,24.77],[68.265,24.773]],[[68.379,24.76],[68.376,24.773],[68.366,24.753],[68.379,24.76]],[[68.396,24.753],[68.393,24.75],[68.396,24.75],[68.396,24.753]],[[68.309,24.746],[68.312,24.75],[68.309,24.75],[68.309,24.746]],[[68.272,24.746],[68.278,24.75],[68.278,24.753],[68.275,24.753],[68.272,24.746]],[[68.194,24.75],[68.201,24.753],[68.201,24.757],[68.197,24.757],[68.194,24.75]],[[68.234,24.757],[68.231,24.75],[68.238,24.75],[68.234,24.757]],[[68.268,24.753],[68.265,24.75],[68.268,24.75],[68.268,24.753]],[[68.349,24.757],[68.346,24.753],[68.349,24.753],[68.349,24.757]],[[68.342,24.767],[68.346,24.77],[68.342,24.77],[68.342,24.767]],[[68.248,24.773],[68.251,24.777],[68.248,24.777],[68.248,24.773]],[[68.45,24.773],[68.443,24.77],[68.45,24.77],[68.45,24.773]],[[68.457,24.773],[68.454,24.77],[68.457,24.77],[68.457,24.773]],[[68.322,24.743],[68.319,24.74],[68.322,24.74],[68.322,24.743]],[[68.487,24.733],[68.481,24.726],[68.487,24.723],[68.487,24.733]],[[68.562,24.733],[68.558,24.73],[68.562,24.73],[68.562,24.733]],[[68.619,24.73],[68.639,24.74],[68.622,24.703],[68.646,24.696],[68.653,24.75],[68.619,24.73]],[[68.447,24.743],[68.457,24.733],[68.464,24.74],[68.447,24.743]],[[68.427,24.733],[68.42,24.743],[68.423,24.733],[68.427,24.733]],[[68.406,24.733],[68.41,24.736],[68.406,24.736],[68.406,24.733]],[[68.565,24.74],[68.562,24.736],[68.565,24.736],[68.565,24.74]],[[68.481,24.736],[68.484,24.74],[68.481,24.74],[68.481,24.736]],[[68.514,24.746],[68.524,24.75],[68.528,24.746],[68.524,24.753],[68.514,24.746]],[[68.558,24.757],[68.572,24.75],[68.572,24.757],[68.558,24.757]],[[68.599,24.757],[68.595,24.753],[68.599,24.753],[68.599,24.757]],[[68.605,24.757],[68.602,24.75],[68.605,24.75],[68.605,24.757]],[[68.686,24.743],[68.656,24.719],[68.663,24.709],[68.686,24.743]],[[68.811,24.736],[68.804,24.757],[68.794,24.746],[68.811,24.736]],[[68.862,24.716],[68.885,24.733],[68.875,24.75],[68.862,24.746],[68.862,24.716]],[[68.801,24.719],[68.804,24.723],[68.801,24.723],[68.801,24.719]],[[68.787,24.719],[68.791,24.73],[68.784,24.74],[68.771,24.723],[68.787,24.719]],[[68.757,24.719],[68.76,24.723],[68.757,24.723],[68.757,24.719]],[[68.75,24.723],[68.754,24.73],[68.75,24.73],[68.75,24.723]],[[68.855,24.733],[68.852,24.73],[68.855,24.73],[68.855,24.733]],[[68.811,24.726],[68.808,24.723],[68.811,24.723],[68.811,24.726]],[[68.791,24.723],[68.794,24.726],[68.791,24.726],[68.791,24.723]],[[68.852,24.75],[68.855,24.753],[68.852,24.753],[68.852,24.75]],[[68.841,24.753],[68.848,24.757],[68.848,24.76],[68.845,24.76],[68.841,24.753]],[[68.838,24.757],[68.845,24.767],[68.828,24.757],[68.838,24.757]],[[68.953,24.75],[68.949,24.746],[68.953,24.746],[68.953,24.75]],[[68.97,24.75],[68.966,24.743],[68.98,24.743],[68.97,24.75]],[[69.003,24.75],[69.0,24.746],[69.003,24.746],[69.003,24.75]],[[69.037,24.75],[69.034,24.746],[69.037,24.746],[69.037,24.75]],[[69.01,24.746],[69.007,24.733],[69.023,24.746],[69.01,24.746]],[[69.115,24.74],[69.111,24.736],[69.115,24.736],[69.115,24.74]],[[69.125,24.75],[69.141,24.74],[69.141,24.75],[69.125,24.75]],[[69.091,24.74],[69.088,24.746],[69.088,24.74],[69.091,24.74]],[[69.081,24.743],[69.074,24.746],[69.081,24.74],[69.081,24.743]],[[69.05,24.74],[69.061,24.746],[69.05,24.743],[69.05,24.74]],[[69.104,24.75],[69.111,24.743],[69.111,24.75],[69.104,24.75]],[[69.091,24.733],[69.094,24.736],[69.091,24.736],[69.091,24.733]],[[69.057,24.723],[69.03,24.73],[69.034,24.716],[69.057,24.723]],[[69.131,24.73],[69.138,24.723],[69.135,24.73],[69.131,24.73]],[[69.128,24.726],[69.115,24.726],[69.135,24.716],[69.128,24.726]],[[69.057,24.716],[69.061,24.719],[69.057,24.719],[69.057,24.716]],[[69.017,24.713],[69.003,24.723],[69.007,24.703],[69.017,24.713]],[[69.023,24.713],[69.02,24.709],[69.023,24.709],[69.023,24.713]],[[69.017,24.703],[69.013,24.699],[69.017,24.699],[69.017,24.703]],[[68.939,24.699],[68.946,24.703],[68.939,24.703],[68.939,24.699]],[[68.821,24.699],[68.828,24.703],[68.821,24.703],[68.821,24.699]],[[68.656,24.696],[68.653,24.706],[68.649,24.699],[68.656,24.696]],[[68.996,24.699],[69.0,24.692],[69.003,24.699],[68.996,24.699]],[[69.141,24.692],[69.145,24.686],[69.141,24.682],[69.148,24.686],[69.141,24.692]],[[69.057,24.689],[69.061,24.692],[69.057,24.692],[69.057,24.689]],[[68.852,24.689],[68.855,24.692],[68.852,24.692],[68.852,24.689]],[[68.676,24.689],[68.669,24.686],[68.676,24.686],[68.676,24.689]],[[68.902,24.689],[68.895,24.686],[68.902,24.686],[68.902,24.689]],[[68.993,24.689],[68.986,24.686],[68.993,24.686],[68.993,24.689]],[[69.047,24.689],[69.061,24.679],[69.064,24.686],[69.047,24.689]],[[69.125,24.689],[69.118,24.682],[69.125,24.686],[69.125,24.689]],[[69.098,24.679],[69.094,24.676],[69.098,24.676],[69.098,24.679]],[[68.946,24.676],[68.949,24.679],[68.946,24.679],[68.946,24.676]],[[68.845,24.655],[68.825,24.682],[68.821,24.662],[68.838,24.605],[68.855,24.612],[68.845,24.642],[68.875,24.652],[68.845,24.655]],[[69.034,24.676],[69.027,24.672],[69.034,24.672],[69.034,24.676]],[[69.057,24.676],[69.05,24.672],[69.057,24.672],[69.057,24.676]],[[69.118,24.669],[69.111,24.665],[69.111,24.662],[69.115,24.662],[69.118,24.669]],[[69.098,24.662],[69.104,24.669],[69.098,24.669],[69.098,24.662]],[[68.889,24.665],[68.892,24.669],[68.889,24.669],[68.889,24.665]],[[69.04,24.669],[69.037,24.665],[69.04,24.665],[69.04,24.669]],[[68.909,24.662],[68.905,24.659],[68.909,24.659],[68.909,24.662]],[[68.892,24.659],[68.885,24.655],[68.892,24.652],[68.892,24.659]],[[69.071,24.655],[69.067,24.652],[69.071,24.652],[69.071,24.655]],[[68.929,24.652],[68.936,24.655],[68.929,24.655],[68.929,24.652]],[[69.138,24.649],[69.135,24.645],[69.138,24.645],[69.138,24.649]],[[68.993,24.645],[69.0,24.649],[68.993,24.649],[68.993,24.645]],[[68.929,24.645],[68.932,24.649],[68.929,24.649],[68.929,24.645]],[[69.088,24.645],[69.084,24.642],[69.088,24.642],[69.088,24.645]],[[69.118,24.642],[69.104,24.639],[69.118,24.628],[69.118,24.642]],[[69.125,24.628],[69.121,24.625],[69.125,24.625],[69.125,24.628]],[[68.878,24.628],[68.882,24.632],[68.878,24.632],[68.878,24.628]],[[68.868,24.632],[68.872,24.635],[68.868,24.635],[68.868,24.632]],[[68.943,24.632],[68.949,24.639],[68.943,24.635],[68.943,24.632]],[[68.882,24.635],[68.885,24.639],[68.882,24.639],[68.882,24.635]],[[69.047,24.639],[69.05,24.642],[69.047,24.642],[69.047,24.639]],[[69.05,24.625],[69.044,24.618],[69.047,24.618],[69.05,24.625]],[[69.034,24.618],[69.037,24.622],[69.034,24.622],[69.034,24.618]],[[68.956,24.622],[68.959,24.625],[68.956,24.625],[68.956,24.622]],[[68.966,24.625],[68.963,24.622],[68.966,24.622],[68.966,24.625]],[[68.959,24.618],[68.956,24.615],[68.959,24.615],[68.959,24.618]],[[69.023,24.601],[69.02,24.612],[69.017,24.601],[69.023,24.601]],[[68.868,24.608],[68.862,24.618],[68.862,24.608],[68.868,24.608]],[[69.118,24.612],[69.115,24.598],[69.118,24.598],[69.118,24.612]],[[69.158,24.612],[69.162,24.605],[69.165,24.612],[69.158,24.612]],[[69.108,24.598],[69.111,24.601],[69.108,24.601],[69.108,24.598]],[[68.666,24.571],[68.686,24.622],[68.656,24.571],[68.666,24.571]],[[69.074,24.598],[69.067,24.591],[69.074,24.591],[69.074,24.598]],[[68.737,24.591],[68.744,24.598],[68.737,24.595],[68.737,24.591]],[[69.094,24.585],[69.091,24.581],[69.094,24.581],[69.094,24.585]],[[69.071,24.585],[69.064,24.574],[69.071,24.578],[69.071,24.585]],[[68.936,24.574],[68.929,24.571],[68.936,24.571],[68.936,24.574]],[[69.098,24.571],[69.094,24.568],[69.098,24.568],[69.098,24.571]],[[69.118,24.568],[69.115,24.564],[69.118,24.564],[69.118,24.568]],[[68.912,24.568],[68.905,24.574],[68.895,24.568],[68.912,24.568]],[[69.02,24.568],[69.017,24.564],[69.02,24.564],[69.02,24.568]],[[68.878,24.564],[68.882,24.568],[68.878,24.568],[68.878,24.564]],[[68.615,24.561],[68.622,24.581],[68.619,24.581],[68.615,24.561]],[[68.828,24.561],[68.825,24.558],[68.828,24.558],[68.828,24.561]],[[68.895,24.537],[68.905,24.564],[68.892,24.554],[68.895,24.537]],[[68.993,24.547],[68.99,24.544],[68.993,24.544],[68.993,24.547]],[[68.996,24.527],[68.976,24.534],[68.976,24.531],[68.996,24.527]],[[69.01,24.537],[69.007,24.531],[69.02,24.531],[69.01,24.537]],[[68.943,24.534],[68.926,24.531],[68.943,24.527],[68.943,24.534]],[[68.919,24.527],[68.916,24.534],[68.912,24.534],[68.912,24.531],[68.919,24.527]],[[68.895,24.52],[68.895,24.534],[68.889,24.534],[68.895,24.52]],[[68.943,24.524],[68.939,24.52],[68.943,24.52],[68.943,24.524]],[[68.902,24.52],[68.905,24.524],[68.902,24.524],[68.902,24.52]],[[68.838,24.52],[68.841,24.524],[68.838,24.524],[68.838,24.52]],[[68.798,24.497],[68.784,24.544],[68.781,24.47],[68.798,24.497]],[[68.855,24.52],[68.852,24.517],[68.855,24.517],[68.855,24.52]],[[68.889,24.52],[68.889,24.514],[68.889,24.51],[68.895,24.514],[68.889,24.52]],[[68.97,24.517],[68.959,24.514],[68.959,24.51],[68.966,24.51],[68.97,24.517]],[[68.939,24.51],[68.943,24.504],[68.946,24.504],[68.946,24.507],[68.939,24.51]],[[68.878,24.51],[68.875,24.5],[68.885,24.51],[68.878,24.51]],[[68.838,24.504],[68.835,24.517],[68.835,24.504],[68.838,24.504]],[[68.848,24.507],[68.845,24.504],[68.848,24.504],[68.848,24.507]],[[68.916,24.497],[68.882,24.5],[68.882,24.49],[68.916,24.497]],[[69.0,24.504],[68.996,24.5],[69.0,24.5],[69.0,24.504]],[[69.03,24.507],[69.023,24.497],[69.03,24.494],[69.03,24.507]],[[68.959,24.504],[68.963,24.507],[68.959,24.507],[68.959,24.504]],[[68.996,24.494],[68.993,24.5],[68.99,24.5],[68.996,24.494]],[[68.939,24.49],[68.936,24.487],[68.939,24.487],[68.939,24.49]],[[68.855,24.49],[68.852,24.483],[68.862,24.49],[68.855,24.49]],[[68.872,24.483],[68.852,24.463],[68.855,24.45],[68.889,24.473],[68.872,24.483]],[[68.733,24.467],[68.74,24.473],[68.733,24.473],[68.733,24.467]],[[68.727,24.47],[68.693,24.507],[68.666,24.507],[68.686,24.51],[68.69,24.554],[68.669,24.534],[68.669,24.554],[68.663,24.551],[68.642,24.554],[68.663,24.5],[68.649,24.497],[68.636,24.48],[68.656,24.483],[68.639,24.443],[68.676,24.477],[68.727,24.47]],[[68.848,24.46],[68.845,24.463],[68.845,24.46],[68.848,24.46]],[[68.781,24.456],[68.777,24.46],[68.777,24.45],[68.781,24.456]],[[68.848,24.453],[68.845,24.45],[68.848,24.45],[68.848,24.453]],[[68.862,24.45],[68.862,24.44],[68.872,24.436],[68.868,24.446],[68.862,24.45]],[[68.818,24.443],[68.811,24.453],[68.811,24.443],[68.818,24.443]],[[68.845,24.446],[68.838,24.443],[68.845,24.443],[68.845,24.446]],[[68.828,24.443],[68.825,24.44],[68.828,24.44],[68.828,24.443]],[[68.848,24.44],[68.855,24.429],[68.855,24.44],[68.848,24.44]],[[68.781,24.429],[68.784,24.44],[68.781,24.44],[68.781,24.429]],[[68.882,24.413],[68.878,24.429],[68.872,24.413],[68.882,24.413]],[[68.855,24.413],[68.828,24.429],[68.814,24.402],[68.841,24.402],[68.831,24.409],[68.855,24.413]],[[68.865,24.409],[68.882,24.369],[68.902,24.396],[68.865,24.409]],[[68.831,24.379],[68.838,24.399],[68.831,24.396],[68.831,24.379]],[[68.801,24.392],[68.787,24.396],[68.787,24.409],[68.774,24.419],[68.787,24.376],[68.801,24.392]],[[68.825,24.389],[68.821,24.386],[68.825,24.386],[68.825,24.389]],[[68.818,24.386],[68.814,24.382],[68.818,24.382],[68.818,24.386]],[[68.858,24.376],[68.855,24.372],[68.858,24.372],[68.858,24.376]],[[68.747,24.416],[68.713,24.446],[68.707,24.446],[68.727,24.396],[68.71,24.382],[68.733,24.369],[68.747,24.416]],[[68.73,24.44],[68.727,24.436],[68.73,24.436],[68.73,24.44]],[[68.744,24.433],[68.737,24.426],[68.744,24.426],[68.744,24.433]],[[68.821,24.426],[68.818,24.423],[68.821,24.423],[68.821,24.426]],[[68.798,24.423],[68.804,24.426],[68.798,24.426],[68.798,24.423]],[[68.767,24.423],[68.771,24.426],[68.767,24.426],[68.767,24.423]],[[68.801,24.419],[68.798,24.416],[68.801,24.416],[68.801,24.419]],[[68.764,24.406],[68.76,24.399],[68.764,24.399],[68.764,24.406]],[[68.835,24.369],[68.838,24.328],[68.855,24.335],[68.868,24.311],[68.892,24.342],[68.916,24.338],[68.835,24.369]],[[68.939,24.349],[68.936,24.345],[68.939,24.345],[68.939,24.349]],[[68.905,24.325],[68.902,24.322],[68.905,24.322],[68.905,24.325]],[[68.895,24.311],[68.892,24.308],[68.895,24.308],[68.895,24.311]],[[68.808,24.338],[68.798,24.349],[68.798,24.338],[68.808,24.338]],[[68.791,24.345],[68.787,24.355],[68.781,24.359],[68.781,24.349],[68.791,24.345]],[[68.777,24.359],[68.757,24.362],[68.774,24.352],[68.777,24.359]],[[68.808,24.365],[68.801,24.359],[68.814,24.359],[68.808,24.365]],[[68.737,24.365],[68.744,24.365],[68.747,24.369],[68.737,24.365]],[[68.622,24.382],[68.626,24.386],[68.622,24.386],[68.622,24.382]],[[68.521,24.379],[68.545,24.376],[68.545,24.389],[68.524,24.389],[68.521,24.379]],[[68.481,24.426],[68.474,24.409],[68.443,24.416],[68.44,24.389],[68.41,24.376],[68.477,24.372],[68.464,24.349],[68.423,24.342],[68.396,24.322],[68.427,24.288],[68.437,24.301],[68.43,24.322],[68.413,24.311],[68.42,24.328],[68.44,24.338],[68.467,24.322],[68.508,24.396],[68.528,24.402],[68.481,24.426]],[[68.605,24.426],[68.609,24.413],[68.615,24.426],[68.605,24.426]],[[68.545,24.426],[68.548,24.429],[68.545,24.429],[68.545,24.426]],[[68.46,24.436],[68.443,24.463],[68.474,24.463],[68.47,24.477],[68.44,24.47],[68.43,24.51],[68.41,24.514],[68.406,24.429],[68.373,24.433],[68.373,24.399],[68.417,24.406],[68.427,24.44],[68.433,24.426],[68.454,24.429],[68.44,24.433],[68.44,24.443],[68.46,24.436]],[[68.494,24.436],[68.484,24.429],[68.494,24.429],[68.494,24.436]],[[68.619,24.436],[68.626,24.429],[68.629,24.436],[68.619,24.436]],[[68.43,24.399],[68.423,24.392],[68.43,24.396],[68.43,24.399]],[[68.241,24.399],[68.245,24.402],[68.241,24.402],[68.241,24.399]],[[68.197,24.389],[68.194,24.399],[68.18,24.399],[68.197,24.389]],[[68.302,24.396],[68.298,24.392],[68.302,24.392],[68.302,24.396]],[[68.336,24.396],[68.332,24.392],[68.336,24.392],[68.336,24.396]],[[68.417,24.396],[68.413,24.392],[68.417,24.392],[68.417,24.396]],[[68.228,24.392],[68.224,24.389],[68.228,24.389],[68.228,24.392]],[[68.393,24.389],[68.39,24.386],[68.393,24.386],[68.393,24.389]],[[68.406,24.376],[68.396,24.379],[68.386,24.372],[68.406,24.376]],[[68.282,24.345],[68.251,24.386],[68.241,24.369],[68.207,24.379],[68.204,24.352],[68.201,24.372],[68.174,24.362],[68.174,24.318],[68.167,24.342],[68.123,24.342],[68.167,24.305],[68.164,24.291],[68.137,24.305],[68.167,24.264],[68.116,24.288],[68.133,24.271],[68.116,24.231],[68.12,24.217],[68.137,24.214],[68.123,24.234],[68.16,24.224],[68.17,24.237],[68.17,24.264],[68.18,24.274],[68.16,24.288],[68.194,24.284],[68.174,24.295],[68.18,24.301],[68.221,24.281],[68.211,24.257],[68.241,24.271],[68.255,24.234],[68.228,24.227],[68.228,24.22],[68.258,24.22],[68.272,24.204],[68.272,24.156],[68.302,24.146],[68.288,24.126],[68.342,24.129],[68.342,24.15],[68.373,24.163],[68.437,24.129],[68.437,24.18],[68.454,24.18],[68.447,24.166],[68.464,24.143],[68.457,24.177],[68.481,24.173],[68.491,24.207],[68.501,24.193],[68.511,24.204],[68.487,24.22],[68.474,24.193],[68.454,24.204],[68.44,24.237],[68.457,24.247],[68.406,24.231],[68.413,24.261],[68.39,24.241],[68.383,24.318],[68.366,24.315],[68.363,24.281],[68.359,24.298],[68.342,24.295],[68.359,24.264],[68.339,24.261],[68.349,24.231],[68.329,24.244],[68.339,24.214],[68.285,24.19],[68.272,24.268],[68.285,24.254],[68.295,24.264],[68.265,24.288],[68.272,24.315],[68.258,24.325],[68.251,24.284],[68.248,24.305],[68.211,24.311],[68.241,24.349],[68.265,24.349],[68.265,24.328],[68.278,24.345],[68.295,24.305],[68.288,24.308],[68.275,24.305],[68.312,24.271],[68.329,24.295],[68.319,24.311],[68.356,24.325],[68.322,24.342],[68.332,24.328],[68.325,24.315],[68.315,24.315],[68.288,24.338],[68.295,24.352],[68.282,24.345]],[[68.315,24.372],[68.312,24.369],[68.315,24.369],[68.315,24.372]],[[68.406,24.369],[68.403,24.365],[68.406,24.365],[68.406,24.369]],[[68.298,24.362],[68.302,24.369],[68.298,24.369],[68.298,24.362]],[[68.45,24.355],[68.44,24.359],[68.44,24.352],[68.45,24.355]],[[68.332,24.355],[68.325,24.362],[68.325,24.355],[68.332,24.355]],[[68.282,24.359],[68.285,24.369],[68.278,24.369],[68.282,24.359]],[[68.406,24.362],[68.403,24.359],[68.406,24.359],[68.406,24.362]],[[68.349,24.342],[68.366,24.332],[68.363,24.338],[68.349,24.342]],[[68.41,24.335],[68.406,24.332],[68.41,24.332],[68.41,24.335]],[[68.383,24.332],[68.359,24.328],[68.359,24.322],[68.373,24.322],[68.383,24.328],[68.383,24.332]],[[68.349,24.311],[68.336,24.301],[68.342,24.298],[68.349,24.311]],[[68.359,24.305],[68.356,24.301],[68.359,24.301],[68.359,24.305]],[[68.339,24.274],[68.336,24.271],[68.339,24.271],[68.339,24.274]],[[68.329,24.271],[68.325,24.268],[68.329,24.268],[68.329,24.271]],[[68.278,24.284],[68.282,24.288],[68.278,24.288],[68.278,24.284]],[[68.255,24.322],[68.251,24.328],[68.251,24.322],[68.255,24.322]],[[68.251,24.318],[68.245,24.315],[68.251,24.311],[68.251,24.318]],[[68.255,24.308],[68.251,24.305],[68.255,24.305],[68.255,24.308]],[[68.315,24.268],[68.312,24.264],[68.315,24.264],[68.315,24.268]],[[68.302,24.261],[68.298,24.257],[68.302,24.257],[68.302,24.261]],[[68.319,24.257],[68.315,24.251],[68.319,24.251],[68.319,24.257]],[[68.336,24.254],[68.332,24.251],[68.336,24.251],[68.336,24.254]],[[68.423,24.264],[68.447,24.264],[68.454,24.298],[68.433,24.295],[68.423,24.264]],[[68.396,24.268],[68.403,24.281],[68.393,24.281],[68.396,24.268]],[[68.41,24.281],[68.413,24.288],[68.41,24.288],[68.41,24.281]],[[68.497,24.308],[68.474,24.295],[68.494,24.298],[68.497,24.308]],[[68.467,24.305],[68.454,24.308],[68.467,24.298],[68.474,24.318],[68.457,24.318],[68.467,24.305]],[[68.45,24.315],[68.454,24.318],[68.45,24.318],[68.45,24.315]],[[68.443,24.301],[68.447,24.308],[68.443,24.308],[68.443,24.301]],[[68.521,24.295],[68.518,24.291],[68.521,24.291],[68.521,24.295]],[[68.518,24.278],[68.511,24.271],[68.521,24.271],[68.518,24.278]],[[68.545,24.268],[68.548,24.257],[68.555,24.268],[68.545,24.268]],[[68.528,24.257],[68.531,24.261],[68.528,24.261],[68.528,24.257]],[[68.484,24.241],[68.508,24.254],[68.484,24.247],[68.484,24.241]],[[68.477,24.241],[68.481,24.244],[68.477,24.244],[68.477,24.241]],[[68.46,24.244],[68.474,24.247],[68.46,24.247],[68.46,24.244]],[[68.44,24.251],[68.443,24.254],[68.44,24.254],[68.44,24.251]],[[68.575,24.247],[68.572,24.244],[68.575,24.244],[68.575,24.247]],[[68.555,24.244],[68.548,24.247],[68.555,24.237],[68.555,24.244]],[[68.538,24.227],[68.528,24.241],[68.528,24.231],[68.538,24.227]],[[68.562,24.234],[68.558,24.231],[68.562,24.231],[68.562,24.234]],[[68.565,24.231],[68.551,24.227],[68.548,24.2],[68.572,24.204],[68.565,24.231]],[[68.602,24.224],[68.599,24.22],[68.602,24.22],[68.602,24.224]],[[68.595,24.22],[68.592,24.217],[68.595,24.217],[68.595,24.22]],[[68.602,24.21],[68.605,24.217],[68.599,24.217],[68.602,24.21]],[[68.619,24.217],[68.615,24.214],[68.619,24.214],[68.619,24.217]],[[68.575,24.207],[68.582,24.214],[68.575,24.214],[68.575,24.207]],[[68.545,24.22],[68.548,24.224],[68.545,24.224],[68.545,24.22]],[[68.551,24.231],[68.555,24.234],[68.551,24.234],[68.551,24.231]],[[68.562,24.187],[68.568,24.183],[68.562,24.19],[68.562,24.187]],[[68.535,24.183],[68.538,24.18],[68.538,24.183],[68.535,24.183]],[[68.504,24.143],[68.491,24.136],[68.497,24.133],[68.504,24.143]],[[68.582,24.143],[68.565,24.133],[68.582,24.136],[68.582,24.143]],[[68.599,24.143],[68.585,24.139],[68.599,24.136],[68.599,24.143]],[[68.521,24.133],[68.531,24.136],[68.521,24.136],[68.521,24.133]],[[68.504,24.133],[68.508,24.136],[68.504,24.136],[68.504,24.133]],[[68.524,24.106],[68.538,24.109],[68.545,24.129],[68.531,24.129],[68.524,24.106]],[[68.443,24.112],[68.454,24.119],[68.454,24.126],[68.443,24.112]],[[68.423,24.106],[68.413,24.109],[68.413,24.106],[68.423,24.106]],[[68.437,24.106],[68.42,24.092],[68.43,24.062],[68.45,24.089],[68.437,24.106]],[[68.497,24.102],[68.494,24.099],[68.497,24.099],[68.497,24.102]],[[68.352,24.075],[68.349,24.096],[68.339,24.082],[68.352,24.075]],[[68.234,24.055],[68.187,24.136],[68.207,24.163],[68.228,24.163],[68.228,24.18],[68.238,24.17],[68.204,24.126],[68.238,24.15],[68.245,24.136],[68.275,24.143],[68.241,24.15],[68.251,24.17],[68.268,24.16],[68.268,24.187],[68.234,24.183],[68.248,24.187],[68.234,24.217],[68.224,24.2],[68.201,24.217],[68.191,24.193],[68.211,24.17],[68.17,24.156],[68.177,24.092],[68.234,24.055]],[[68.184,24.065],[68.184,24.075],[68.177,24.065],[68.184,24.065]],[[68.076,24.143],[68.083,24.129],[68.083,24.143],[68.076,24.143]],[[68.062,24.146],[68.083,24.187],[68.066,24.17],[68.032,24.18],[68.012,24.17],[68.062,24.146]],[[68.009,24.173],[67.968,24.177],[67.965,24.21],[67.948,24.163],[67.971,24.139],[68.009,24.173]],[[67.995,24.146],[67.985,24.139],[67.995,24.139],[67.995,24.146]],[[67.917,24.133],[67.931,24.153],[67.931,24.166],[67.914,24.15],[67.917,24.133]],[[67.951,24.133],[67.948,24.129],[67.951,24.129],[67.951,24.133]],[[67.934,24.129],[67.938,24.133],[67.934,24.133],[67.934,24.129]],[[67.914,24.133],[67.901,24.136],[67.89,24.102],[67.897,24.102],[67.914,24.133]],[[67.921,24.116],[67.917,24.112],[67.921,24.112],[67.921,24.116]],[[67.924,24.106],[67.917,24.099],[67.921,24.099],[67.924,24.106]],[[67.843,24.099],[67.853,24.123],[67.847,24.126],[67.843,24.099]],[[67.867,24.126],[67.87,24.112],[67.877,24.123],[67.867,24.126]],[[67.857,24.116],[67.86,24.123],[67.857,24.123],[67.857,24.116]],[[67.84,24.106],[67.826,24.099],[67.833,24.096],[67.84,24.106]],[[67.823,24.15],[67.874,24.153],[67.867,24.139],[67.887,24.136],[67.901,24.193],[67.86,24.173],[67.813,24.19],[67.779,24.166],[67.799,24.146],[67.786,24.119],[67.82,24.106],[67.843,24.119],[67.823,24.15]],[[67.86,24.136],[67.864,24.129],[67.87,24.136],[67.86,24.136]],[[67.708,24.096],[67.702,24.112],[67.705,24.096],[67.708,24.096]],[[67.81,24.106],[67.806,24.099],[67.81,24.099],[67.81,24.106]],[[67.823,24.102],[67.82,24.099],[67.823,24.099],[67.823,24.102]],[[67.799,24.099],[67.803,24.102],[67.799,24.102],[67.799,24.099]],[[67.796,24.112],[67.793,24.109],[67.796,24.109],[67.796,24.112]],[[67.742,24.126],[67.749,24.123],[67.752,24.129],[67.742,24.126]],[[67.887,24.193],[67.897,24.2],[67.89,24.204],[67.887,24.193]],[[67.867,24.197],[67.877,24.207],[67.867,24.2],[67.867,24.197]],[[67.833,24.2],[67.837,24.204],[67.833,24.204],[67.833,24.2]],[[67.907,24.204],[67.951,24.2],[67.944,24.21],[67.975,24.214],[67.975,24.22],[67.938,24.227],[67.928,24.241],[67.955,24.227],[67.958,24.237],[67.928,24.247],[67.907,24.204]],[[67.894,24.207],[67.897,24.21],[67.894,24.21],[67.894,24.207]],[[67.897,24.224],[67.907,24.22],[67.907,24.224],[67.897,24.224]],[[67.911,24.227],[67.914,24.231],[67.911,24.231],[67.911,24.227]],[[67.904,24.271],[67.911,24.247],[67.907,24.268],[67.921,24.271],[67.904,24.271]],[[67.877,24.257],[67.887,24.264],[67.877,24.264],[67.877,24.257]],[[67.941,24.271],[67.934,24.268],[67.934,24.264],[67.938,24.264],[67.941,24.271]],[[68.009,24.271],[67.995,24.264],[68.005,24.227],[67.985,24.217],[67.988,24.187],[68.059,24.18],[68.079,24.214],[68.029,24.21],[68.025,24.231],[68.049,24.234],[68.009,24.271]],[[68.066,24.288],[68.076,24.271],[68.073,24.288],[68.066,24.288]],[[67.924,24.288],[67.931,24.291],[67.931,24.295],[67.924,24.288]],[[67.948,24.295],[67.955,24.288],[67.955,24.298],[67.948,24.295]],[[67.941,24.295],[67.944,24.298],[67.941,24.298],[67.941,24.295]],[[67.931,24.298],[67.938,24.301],[67.931,24.301],[67.931,24.298]],[[68.11,24.284],[68.069,24.332],[68.029,24.369],[68.056,24.322],[68.11,24.284]],[[68.147,24.311],[68.143,24.308],[68.147,24.308],[68.147,24.311]],[[68.153,24.305],[68.15,24.301],[68.153,24.301],[68.153,24.305]],[[68.113,24.301],[68.11,24.298],[68.113,24.298],[68.113,24.301]],[[67.998,24.291],[68.002,24.301],[67.998,24.301],[67.998,24.291]],[[68.009,24.298],[68.005,24.295],[68.009,24.295],[68.009,24.298]],[[67.944,24.311],[67.955,24.328],[67.948,24.338],[67.944,24.311]],[[67.998,24.315],[67.995,24.311],[67.998,24.311],[67.998,24.315]],[[67.901,24.332],[67.904,24.335],[67.901,24.335],[67.901,24.332]],[[67.914,24.338],[67.921,24.352],[67.914,24.359],[67.914,24.338]],[[67.904,24.355],[67.907,24.359],[67.904,24.359],[67.904,24.355]],[[67.931,24.359],[67.928,24.355],[67.931,24.355],[67.931,24.359]],[[67.998,24.352],[67.995,24.349],[67.998,24.349],[67.998,24.352]],[[67.948,24.349],[67.944,24.345],[67.948,24.345],[67.948,24.349]],[[67.961,24.328],[67.958,24.325],[67.961,24.325],[67.961,24.328]],[[67.971,24.328],[67.968,24.325],[67.971,24.325],[67.971,24.328]],[[67.958,24.379],[67.968,24.369],[67.965,24.379],[67.958,24.379]],[[68.015,24.379],[68.009,24.372],[68.022,24.369],[68.015,24.379]],[[68.062,24.379],[68.066,24.376],[68.066,24.379],[68.062,24.379]],[[68.137,24.379],[68.147,24.369],[68.143,24.379],[68.137,24.379]],[[68.073,24.372],[68.086,24.376],[68.073,24.379],[68.073,24.372]],[[68.17,24.369],[68.174,24.365],[68.174,24.369],[68.17,24.369]],[[68.049,24.359],[68.052,24.362],[68.049,24.362],[68.049,24.359]],[[68.116,24.359],[68.103,24.349],[68.116,24.355],[68.116,24.359]],[[68.069,24.349],[68.073,24.352],[68.069,24.352],[68.069,24.349]],[[68.17,24.382],[68.167,24.376],[68.17,24.376],[68.17,24.382]],[[67.931,24.382],[67.934,24.386],[67.931,24.386],[67.931,24.382]],[[67.928,24.382],[67.924,24.389],[67.917,24.382],[67.928,24.382]],[[67.914,24.389],[67.917,24.392],[67.914,24.392],[67.914,24.389]],[[67.982,24.409],[67.988,24.386],[68.005,24.396],[67.982,24.409]],[[67.914,24.396],[67.911,24.402],[67.911,24.396],[67.914,24.396]],[[67.928,24.396],[67.924,24.392],[67.928,24.392],[67.928,24.396]],[[67.975,24.409],[67.971,24.416],[67.968,24.416],[67.975,24.409]],[[68.14,24.409],[68.15,24.426],[68.143,24.429],[68.14,24.409]],[[68.288,24.416],[68.272,24.402],[68.292,24.409],[68.288,24.416]],[[68.315,24.413],[68.309,24.409],[68.315,24.409],[68.315,24.413]],[[68.346,24.406],[68.366,24.399],[68.352,24.409],[68.346,24.406]],[[68.322,24.406],[68.325,24.409],[68.322,24.409],[68.322,24.406]],[[68.261,24.402],[68.268,24.409],[68.261,24.406],[68.261,24.402]],[[68.187,24.402],[68.184,24.409],[68.184,24.402],[68.187,24.402]],[[68.116,24.402],[68.12,24.406],[68.116,24.406],[68.116,24.402]],[[68.093,24.402],[68.1,24.406],[68.093,24.406],[68.093,24.402]],[[68.147,24.402],[68.14,24.399],[68.147,24.399],[68.147,24.402]],[[68.177,24.409],[68.18,24.413],[68.177,24.413],[68.177,24.409]],[[68.157,24.413],[68.16,24.416],[68.157,24.416],[68.157,24.413]],[[68.245,24.487],[68.197,24.514],[68.228,24.531],[68.191,24.537],[68.204,24.527],[68.194,24.507],[68.218,24.497],[68.204,24.483],[68.221,24.477],[68.194,24.47],[68.164,24.5],[68.17,24.46],[68.184,24.463],[68.197,24.453],[68.174,24.456],[68.184,24.44],[68.167,24.44],[68.167,24.47],[68.157,24.467],[68.153,24.429],[68.201,24.416],[68.218,24.44],[68.241,24.433],[68.251,24.456],[68.231,24.46],[68.224,24.443],[68.211,24.46],[68.228,24.467],[68.248,24.46],[68.234,24.47],[68.245,24.487]],[[68.315,24.48],[68.298,24.463],[68.322,24.46],[68.309,24.446],[68.322,24.44],[68.282,24.44],[68.288,24.429],[68.315,24.433],[68.332,24.446],[68.315,24.48]],[[68.393,24.473],[68.39,24.47],[68.393,24.47],[68.393,24.473]],[[68.396,24.463],[68.386,24.456],[68.376,24.446],[68.396,24.463]],[[68.366,24.45],[68.369,24.453],[68.366,24.453],[68.366,24.45]],[[68.363,24.456],[68.366,24.46],[68.363,24.46],[68.363,24.456]],[[68.336,24.44],[68.342,24.429],[68.349,24.44],[68.336,24.44]],[[68.39,24.44],[68.386,24.436],[68.39,24.436],[68.39,24.44]],[[68.278,24.446],[68.288,24.443],[68.288,24.446],[68.278,24.446]],[[68.258,24.453],[68.261,24.46],[68.258,24.46],[68.258,24.453]],[[68.261,24.463],[68.265,24.467],[68.261,24.467],[68.261,24.463]],[[68.272,24.47],[68.275,24.473],[68.272,24.473],[68.272,24.47]],[[68.258,24.429],[68.261,24.419],[68.261,24.429],[68.258,24.429]],[[68.329,24.426],[68.336,24.419],[68.342,24.419],[68.329,24.426]],[[68.285,24.423],[68.288,24.426],[68.285,24.426],[68.285,24.423]],[[68.16,24.419],[68.164,24.423],[68.16,24.423],[68.16,24.419]],[[68.062,24.456],[68.062,24.429],[68.073,24.426],[68.086,24.45],[68.062,24.456]],[[68.103,24.453],[68.1,24.45],[68.103,24.45],[68.103,24.453]],[[68.15,24.443],[68.147,24.44],[68.15,24.44],[68.15,24.443]],[[68.022,24.45],[68.019,24.456],[68.019,24.45],[68.022,24.45]],[[68.1,24.463],[68.106,24.467],[68.1,24.467],[68.1,24.463]],[[68.127,24.467],[68.123,24.463],[68.127,24.463],[68.127,24.467]],[[68.13,24.47],[68.133,24.477],[68.13,24.477],[68.13,24.47]],[[68.042,24.473],[68.046,24.477],[68.042,24.477],[68.042,24.473]],[[68.083,24.473],[68.079,24.48],[68.073,24.483],[68.083,24.473]],[[68.167,24.477],[68.164,24.473],[68.167,24.473],[68.167,24.477]],[[68.14,24.473],[68.137,24.47],[68.14,24.47],[68.14,24.473]],[[68.042,24.487],[68.046,24.49],[68.042,24.49],[68.042,24.487]],[[68.062,24.49],[68.066,24.494],[68.062,24.494],[68.062,24.49]],[[68.113,24.494],[68.11,24.49],[68.113,24.49],[68.113,24.494]],[[68.15,24.494],[68.157,24.497],[68.15,24.497],[68.15,24.494]],[[68.052,24.497],[68.056,24.5],[68.052,24.5],[68.052,24.497]],[[68.106,24.5],[68.113,24.497],[68.113,24.5],[68.106,24.5]],[[68.096,24.51],[68.103,24.504],[68.103,24.51],[68.096,24.51]],[[68.079,24.507],[68.083,24.517],[68.076,24.514],[68.079,24.507]],[[68.029,24.514],[68.032,24.517],[68.029,24.517],[68.029,24.514]],[[68.096,24.517],[68.086,24.52],[68.093,24.51],[68.096,24.517]],[[68.137,24.517],[68.133,24.514],[68.137,24.514],[68.137,24.517]],[[68.164,24.517],[68.16,24.514],[68.164,24.514],[68.164,24.517]],[[68.1,24.517],[68.103,24.52],[68.1,24.52],[68.1,24.517]],[[68.174,24.507],[68.17,24.504],[68.174,24.504],[68.174,24.507]],[[68.11,24.504],[68.113,24.507],[68.11,24.507],[68.11,24.504]],[[68.123,24.504],[68.12,24.5],[68.123,24.5],[68.123,24.504]],[[68.16,24.52],[68.164,24.524],[68.16,24.524],[68.16,24.52]],[[68.079,24.524],[68.059,24.554],[68.069,24.534],[68.056,24.537],[68.049,24.534],[68.079,24.524]],[[68.086,24.547],[68.083,24.544],[68.086,24.544],[68.086,24.547]],[[68.14,24.551],[68.133,24.544],[68.14,24.544],[68.14,24.551]],[[68.11,24.551],[68.113,24.554],[68.11,24.554],[68.11,24.551]],[[68.127,24.554],[68.123,24.551],[68.127,24.551],[68.127,24.554]],[[68.214,24.561],[68.221,24.551],[68.224,24.561],[68.214,24.561]],[[68.197,24.564],[68.204,24.558],[68.204,24.561],[68.197,24.564]],[[68.177,24.554],[68.18,24.558],[68.177,24.558],[68.177,24.554]],[[68.157,24.554],[68.16,24.558],[68.157,24.558],[68.157,24.554]],[[68.076,24.558],[68.079,24.561],[68.076,24.561],[68.076,24.558]],[[68.231,24.564],[68.228,24.561],[68.231,24.561],[68.231,24.564]],[[68.278,24.564],[68.282,24.561],[68.282,24.571],[68.278,24.564]],[[68.133,24.578],[68.116,24.581],[68.13,24.568],[68.133,24.578]],[[68.153,24.581],[68.15,24.578],[68.153,24.578],[68.153,24.581]],[[68.258,24.581],[68.261,24.574],[68.261,24.581],[68.258,24.581]],[[68.272,24.585],[68.268,24.574],[68.275,24.574],[68.272,24.585]],[[68.245,24.585],[68.251,24.591],[68.245,24.588],[68.245,24.585]],[[68.11,24.588],[68.113,24.591],[68.11,24.591],[68.11,24.588]],[[68.066,24.605],[68.083,24.595],[68.083,24.612],[68.066,24.605]],[[68.046,24.595],[68.042,24.601],[68.039,24.601],[68.039,24.598],[68.046,24.595]],[[68.029,24.605],[68.032,24.612],[68.029,24.612],[68.029,24.605]],[[68.066,24.612],[68.059,24.608],[68.066,24.608],[68.066,24.612]],[[68.056,24.608],[68.049,24.605],[68.056,24.605],[68.056,24.608]],[[68.137,24.642],[68.174,24.652],[68.177,24.659],[68.127,24.642],[68.12,24.612],[68.137,24.642]],[[68.204,24.645],[68.211,24.635],[68.211,24.645],[68.204,24.645]],[[68.278,24.649],[68.265,24.639],[68.278,24.642],[68.278,24.649]],[[68.288,24.652],[68.312,24.571],[68.332,24.568],[68.315,24.601],[68.329,24.598],[68.339,24.608],[68.319,24.605],[68.309,24.625],[68.329,24.635],[68.315,24.665],[68.288,24.652]],[[68.201,24.632],[68.191,24.622],[68.214,24.628],[68.201,24.632]],[[68.157,24.632],[68.153,24.608],[68.143,24.608],[68.147,24.598],[68.164,24.615],[68.157,24.632]],[[68.184,24.618],[68.174,24.625],[68.177,24.618],[68.184,24.618]],[[68.265,24.622],[68.245,24.615],[68.245,24.605],[68.268,24.612],[68.265,24.622]],[[68.187,24.615],[68.194,24.618],[68.187,24.618],[68.187,24.615]],[[68.282,24.618],[68.278,24.615],[68.282,24.615],[68.282,24.618]],[[68.288,24.615],[68.285,24.612],[68.288,24.612],[68.288,24.615]],[[68.265,24.608],[68.261,24.605],[68.265,24.605],[68.265,24.608]],[[68.221,24.601],[68.218,24.608],[68.214,24.601],[68.221,24.601]],[[68.184,24.598],[68.18,24.608],[68.18,24.598],[68.184,24.598]],[[68.298,24.601],[68.295,24.598],[68.298,24.598],[68.298,24.601]],[[68.204,24.608],[68.201,24.605],[68.204,24.605],[68.204,24.608]],[[68.127,24.591],[68.137,24.601],[68.12,24.605],[68.127,24.591]],[[68.143,24.595],[68.147,24.588],[68.147,24.595],[68.143,24.595]],[[68.13,24.605],[68.137,24.608],[68.13,24.608],[68.13,24.605]],[[68.255,24.632],[68.258,24.635],[68.255,24.635],[68.255,24.632]],[[68.221,24.635],[68.224,24.639],[68.221,24.639],[68.221,24.635]],[[68.275,24.652],[68.278,24.655],[68.275,24.655],[68.275,24.652]],[[68.207,24.655],[68.211,24.665],[68.207,24.665],[68.207,24.655]],[[68.16,24.659],[68.167,24.662],[68.16,24.662],[68.16,24.659]],[[68.127,24.659],[68.133,24.662],[68.127,24.662],[68.127,24.659]],[[68.056,24.649],[68.049,24.662],[68.049,24.649],[68.056,24.649]],[[68.123,24.645],[68.103,24.659],[68.113,24.639],[68.123,24.645]],[[68.076,24.635],[68.079,24.639],[68.076,24.639],[68.076,24.635]],[[68.015,24.635],[68.019,24.642],[68.009,24.635],[68.015,24.635]],[[68.062,24.635],[68.059,24.632],[68.062,24.632],[68.062,24.635]],[[68.019,24.649],[68.022,24.652],[68.019,24.652],[68.019,24.649]],[[68.025,24.659],[68.029,24.662],[68.025,24.662],[68.025,24.659]],[[68.147,24.665],[68.143,24.662],[68.147,24.662],[68.147,24.665]],[[68.191,24.665],[68.187,24.662],[68.191,24.662],[68.191,24.665]],[[68.096,24.665],[68.127,24.676],[68.123,24.706],[68.093,24.682],[68.096,24.665]],[[68.258,24.669],[68.255,24.665],[68.258,24.665],[68.258,24.669]],[[68.268,24.676],[68.272,24.665],[68.272,24.676],[68.268,24.676]],[[68.255,24.672],[68.258,24.679],[68.255,24.679],[68.255,24.672]],[[68.248,24.689],[68.228,24.679],[68.241,24.686],[68.241,24.669],[68.248,24.669],[68.248,24.689]],[[68.346,24.692],[68.336,24.686],[68.346,24.686],[68.346,24.692]],[[68.255,24.692],[68.258,24.699],[68.255,24.699],[68.255,24.692]],[[68.201,24.703],[68.207,24.706],[68.201,24.706],[68.201,24.703]],[[68.157,24.699],[68.184,24.723],[68.15,24.726],[68.157,24.699]],[[68.201,24.709],[68.218,24.716],[68.218,24.719],[68.211,24.723],[68.201,24.709]],[[68.241,24.719],[68.245,24.709],[68.255,24.709],[68.241,24.719]],[[68.221,24.726],[68.238,24.733],[68.221,24.733],[68.221,24.726]],[[68.191,24.723],[68.194,24.726],[68.191,24.726],[68.191,24.723]],[[68.218,24.703],[68.211,24.713],[68.211,24.703],[68.218,24.703]],[[68.336,24.706],[68.352,24.699],[68.349,24.706],[68.336,24.706]],[[68.366,24.706],[68.373,24.699],[68.376,24.719],[68.366,24.706]],[[68.329,24.713],[68.339,24.716],[68.329,24.716],[68.329,24.713]],[[68.315,24.723],[68.322,24.709],[68.322,24.723],[68.315,24.723]],[[68.305,24.709],[68.312,24.719],[68.302,24.719],[68.305,24.709]],[[68.285,24.713],[68.288,24.716],[68.285,24.716],[68.285,24.713]],[[68.302,24.723],[68.305,24.726],[68.302,24.726],[68.302,24.723]],[[68.562,24.723],[68.558,24.719],[68.562,24.719],[68.562,24.723]],[[68.602,24.723],[68.599,24.719],[68.602,24.719],[68.602,24.723]],[[68.568,24.716],[68.572,24.719],[68.568,24.719],[68.568,24.716]],[[68.521,24.716],[68.524,24.719],[68.521,24.719],[68.521,24.716]],[[68.46,24.692],[68.45,24.699],[68.45,24.709],[68.433,24.692],[68.43,24.679],[68.413,24.696],[68.417,24.669],[68.403,24.692],[68.4,24.669],[68.356,24.692],[68.342,24.669],[68.356,24.679],[68.359,24.665],[68.329,24.665],[68.349,24.652],[68.342,24.615],[68.39,24.618],[68.356,24.591],[68.403,24.608],[68.39,24.581],[68.366,24.585],[68.383,24.571],[68.363,24.551],[68.396,24.551],[68.379,24.52],[68.403,24.531],[68.4,24.527],[68.403,24.517],[68.437,24.544],[68.447,24.618],[68.43,24.598],[68.413,24.605],[68.44,24.628],[68.44,24.655],[68.481,24.665],[68.47,24.652],[68.491,24.655],[68.481,24.642],[68.491,24.635],[68.521,24.659],[68.531,24.632],[68.545,24.628],[68.528,24.662],[68.548,24.662],[68.548,24.682],[68.497,24.659],[68.474,24.679],[68.467,24.723],[68.46,24.692]],[[68.379,24.706],[68.383,24.713],[68.379,24.713],[68.379,24.706]],[[68.386,24.709],[68.396,24.703],[68.41,24.703],[68.386,24.709]],[[68.417,24.709],[68.413,24.706],[68.417,24.706],[68.417,24.709]],[[68.325,24.719],[68.329,24.723],[68.325,24.723],[68.325,24.719]],[[68.383,24.723],[68.379,24.719],[68.383,24.719],[68.383,24.723]],[[68.521,24.709],[68.511,24.709],[68.511,24.699],[68.518,24.699],[68.521,24.709]],[[68.497,24.696],[68.501,24.692],[68.501,24.696],[68.497,24.696]],[[68.528,24.692],[68.524,24.689],[68.528,24.689],[68.528,24.692]],[[68.511,24.689],[68.514,24.692],[68.511,24.692],[68.511,24.689]],[[68.497,24.686],[68.491,24.676],[68.497,24.679],[68.497,24.686]],[[69.003,24.686],[69.0,24.682],[69.003,24.682],[69.003,24.686]],[[68.794,24.686],[68.801,24.689],[68.794,24.689],[68.794,24.686]],[[68.518,24.686],[68.511,24.682],[68.518,24.682],[68.518,24.686]],[[68.973,24.679],[68.97,24.682],[68.97,24.679],[68.973,24.679]],[[68.814,24.682],[68.818,24.676],[68.821,24.676],[68.821,24.679],[68.814,24.682]],[[68.669,24.662],[68.686,24.655],[68.673,24.679],[68.669,24.662]],[[68.622,24.676],[68.626,24.679],[68.622,24.679],[68.622,24.676]],[[68.821,24.672],[68.814,24.669],[68.814,24.665],[68.821,24.672]],[[68.703,24.669],[68.707,24.672],[68.703,24.672],[68.703,24.669]],[[68.7,24.665],[68.696,24.662],[68.7,24.662],[68.7,24.665]],[[68.781,24.655],[68.787,24.652],[68.781,24.659],[68.781,24.655]],[[68.696,24.649],[68.69,24.659],[68.686,24.645],[68.696,24.649]],[[68.801,24.652],[68.798,24.649],[68.801,24.649],[68.801,24.652]],[[68.818,24.649],[68.811,24.645],[68.818,24.645],[68.818,24.649]],[[68.787,24.645],[68.791,24.649],[68.787,24.649],[68.787,24.645]],[[68.673,24.645],[68.676,24.652],[68.673,24.652],[68.673,24.645]],[[68.713,24.642],[68.71,24.639],[68.713,24.639],[68.713,24.642]],[[68.683,24.642],[68.68,24.628],[68.693,24.639],[68.683,24.642]],[[68.649,24.635],[68.659,24.642],[68.649,24.642],[68.649,24.635]],[[68.68,24.639],[68.676,24.635],[68.68,24.635],[68.68,24.639]],[[68.71,24.635],[68.703,24.632],[68.71,24.632],[68.71,24.635]],[[68.717,24.635],[68.713,24.632],[68.717,24.632],[68.717,24.635]],[[68.521,24.622],[68.524,24.605],[68.538,24.608],[68.531,24.625],[68.521,24.622]],[[68.642,24.612],[68.636,24.608],[68.636,24.605],[68.642,24.612]],[[68.575,24.598],[68.578,24.591],[68.582,24.598],[68.575,24.598]],[[68.636,24.585],[68.629,24.578],[68.636,24.578],[68.636,24.585]],[[68.518,24.578],[68.514,24.574],[68.518,24.574],[68.518,24.578]],[[68.524,24.568],[68.528,24.558],[68.531,24.564],[68.524,24.568]],[[68.551,24.564],[68.548,24.561],[68.551,24.561],[68.551,24.564]],[[68.659,24.561],[68.653,24.554],[68.659,24.554],[68.659,24.561]],[[68.787,24.561],[68.784,24.558],[68.787,24.558],[68.787,24.561]],[[68.757,24.558],[68.754,24.554],[68.757,24.554],[68.757,24.558]],[[68.838,24.554],[68.835,24.551],[68.838,24.551],[68.838,24.554]],[[68.885,24.551],[68.882,24.547],[68.885,24.547],[68.885,24.551]],[[68.872,24.547],[68.875,24.551],[68.872,24.551],[68.872,24.547]],[[68.565,24.544],[68.565,24.558],[68.555,24.547],[68.565,24.544]],[[68.642,24.547],[68.639,24.544],[68.642,24.544],[68.642,24.547]],[[68.447,24.551],[68.437,24.541],[68.433,24.531],[68.447,24.541],[68.447,24.551]],[[68.491,24.544],[68.487,24.541],[68.491,24.541],[68.491,24.544]],[[68.626,24.541],[68.622,24.534],[68.626,24.534],[68.626,24.541]],[[68.609,24.537],[68.605,24.531],[68.612,24.537],[68.609,24.537]],[[68.592,24.537],[68.595,24.541],[68.592,24.541],[68.592,24.537]],[[68.443,24.531],[68.45,24.527],[68.443,24.534],[68.443,24.531]],[[68.491,24.531],[68.487,24.527],[68.491,24.527],[68.491,24.531]],[[68.508,24.527],[68.501,24.524],[68.508,24.524],[68.508,24.527]],[[68.592,24.524],[68.588,24.517],[68.592,24.517],[68.592,24.524]],[[68.43,24.517],[68.433,24.52],[68.43,24.52],[68.43,24.517]],[[68.423,24.527],[68.43,24.531],[68.423,24.531],[68.423,24.527]],[[68.363,24.51],[68.346,24.524],[68.346,24.51],[68.363,24.51]],[[68.393,24.517],[68.39,24.514],[68.393,24.514],[68.393,24.517]],[[68.447,24.514],[68.433,24.51],[68.44,24.5],[68.447,24.514]],[[68.457,24.51],[68.46,24.504],[68.464,24.504],[68.464,24.507],[68.457,24.51]],[[68.551,24.5],[68.545,24.497],[68.551,24.497],[68.551,24.5]],[[68.615,24.497],[68.612,24.494],[68.615,24.494],[68.615,24.497]],[[68.528,24.494],[68.531,24.497],[68.528,24.497],[68.528,24.494]],[[68.467,24.48],[68.45,24.494],[68.454,24.48],[68.467,24.48]],[[68.528,24.48],[68.538,24.477],[68.531,24.49],[68.528,24.48]],[[68.605,24.487],[68.615,24.473],[68.622,24.48],[68.605,24.487]],[[68.636,24.473],[68.629,24.467],[68.636,24.467],[68.636,24.473]],[[68.406,24.514],[68.403,24.51],[68.406,24.51],[68.406,24.514]],[[68.4,24.51],[68.39,24.504],[68.4,24.507],[68.4,24.51]],[[68.305,24.507],[68.312,24.51],[68.305,24.51],[68.305,24.507]],[[68.272,24.51],[68.275,24.514],[68.272,24.514],[68.272,24.51]],[[68.332,24.507],[68.329,24.51],[68.329,24.507],[68.332,24.507]],[[68.211,24.514],[68.214,24.517],[68.211,24.517],[68.211,24.514]],[[68.231,24.517],[68.228,24.514],[68.231,24.514],[68.231,24.517]],[[68.339,24.517],[68.342,24.52],[68.339,24.52],[68.339,24.517]],[[68.241,24.524],[68.248,24.527],[68.241,24.531],[68.241,24.524]],[[68.278,24.537],[68.275,24.524],[68.282,24.527],[68.278,24.537]],[[68.265,24.554],[68.248,24.558],[68.258,24.547],[68.248,24.534],[68.265,24.554]],[[68.295,24.544],[68.292,24.541],[68.295,24.541],[68.295,24.544]],[[68.376,24.541],[68.373,24.537],[68.376,24.537],[68.376,24.541]],[[68.342,24.531],[68.339,24.537],[68.336,24.531],[68.342,24.531]],[[68.359,24.531],[68.356,24.527],[68.359,24.527],[68.359,24.531]],[[68.12,24.534],[68.11,24.544],[68.106,24.534],[68.12,24.534]],[[68.147,24.534],[68.143,24.531],[68.147,24.531],[68.147,24.534]],[[68.13,24.534],[68.137,24.541],[68.133,24.541],[68.13,24.534]],[[68.15,24.541],[68.147,24.537],[68.15,24.537],[68.15,24.541]],[[68.248,24.544],[68.245,24.541],[68.248,24.541],[68.248,24.544]],[[68.143,24.544],[68.147,24.547],[68.143,24.547],[68.143,24.544]],[[68.214,24.547],[68.224,24.544],[68.224,24.547],[68.214,24.547]],[[68.153,24.547],[68.157,24.551],[68.153,24.551],[68.153,24.547]],[[68.238,24.547],[68.234,24.544],[68.238,24.544],[68.238,24.547]],[[68.231,24.551],[68.238,24.554],[68.231,24.554],[68.231,24.551]],[[68.285,24.558],[68.282,24.554],[68.285,24.554],[68.285,24.558]],[[68.309,24.558],[68.315,24.561],[68.309,24.561],[68.309,24.558]],[[68.332,24.561],[68.339,24.564],[68.332,24.564],[68.332,24.561]],[[68.292,24.568],[68.295,24.571],[68.292,24.571],[68.292,24.568]],[[68.352,24.568],[68.356,24.574],[68.352,24.574],[68.352,24.568]],[[68.366,24.571],[68.363,24.568],[68.366,24.568],[68.366,24.571]],[[68.346,24.581],[68.349,24.585],[68.346,24.585],[68.346,24.581]],[[68.332,24.585],[68.336,24.588],[68.332,24.588],[68.332,24.585]],[[68.349,24.605],[68.356,24.612],[68.349,24.608],[68.349,24.605]],[[68.325,24.612],[68.329,24.615],[68.325,24.615],[68.325,24.612]],[[68.336,24.615],[68.339,24.618],[68.336,24.618],[68.336,24.615]],[[68.329,24.622],[68.336,24.628],[68.332,24.628],[68.329,24.622]],[[68.336,24.642],[68.339,24.645],[68.336,24.645],[68.336,24.642]],[[68.295,24.665],[68.292,24.672],[68.292,24.665],[68.295,24.665]],[[68.302,24.676],[68.305,24.679],[68.302,24.679],[68.302,24.676]],[[68.275,24.679],[68.278,24.682],[68.275,24.682],[68.275,24.679]],[[68.285,24.686],[68.282,24.679],[68.285,24.679],[68.285,24.686]],[[68.255,24.686],[68.258,24.689],[68.255,24.689],[68.255,24.686]],[[68.292,24.682],[68.288,24.679],[68.292,24.679],[68.292,24.682]],[[68.379,24.689],[68.386,24.692],[68.386,24.696],[68.383,24.696],[68.379,24.689]],[[68.41,24.696],[68.406,24.692],[68.41,24.692],[68.41,24.696]],[[68.278,24.699],[68.282,24.703],[68.278,24.703],[68.278,24.699]],[[68.221,24.706],[68.224,24.709],[68.221,24.709],[68.221,24.706]],[[68.201,24.699],[68.197,24.696],[68.201,24.696],[68.201,24.699]],[[68.174,24.692],[68.17,24.699],[68.157,24.692],[68.174,24.692]],[[68.127,24.696],[68.13,24.703],[68.127,24.703],[68.127,24.696]],[[68.14,24.703],[68.143,24.716],[68.137,24.73],[68.13,24.73],[68.14,24.703]],[[68.15,24.699],[68.147,24.696],[68.15,24.696],[68.15,24.699]],[[68.062,24.709],[68.073,24.696],[68.069,24.709],[68.062,24.709]],[[68.062,24.716],[68.073,24.719],[68.062,24.719],[68.062,24.716]],[[68.194,24.696],[68.191,24.692],[68.194,24.692],[68.194,24.696]],[[68.204,24.676],[68.224,24.672],[68.221,24.689],[68.204,24.676]],[[68.177,24.669],[68.184,24.672],[68.184,24.676],[68.177,24.669]],[[68.147,24.672],[68.15,24.679],[68.147,24.679],[68.147,24.672]],[[68.133,24.679],[68.137,24.682],[68.133,24.682],[68.133,24.679]],[[68.164,24.676],[68.16,24.672],[68.164,24.672],[68.164,24.676]],[[68.174,24.686],[68.177,24.689],[68.174,24.689],[68.174,24.686]],[[68.059,24.676],[68.062,24.679],[68.059,24.679],[68.059,24.676]],[[68.076,24.682],[68.079,24.686],[68.076,24.686],[68.076,24.682]],[[68.278,24.662],[68.275,24.659],[68.278,24.659],[68.278,24.662]],[[68.265,24.659],[68.268,24.662],[68.265,24.662],[68.265,24.659]],[[68.298,24.571],[68.302,24.574],[68.298,24.574],[68.298,24.571]],[[68.251,24.574],[68.255,24.578],[68.251,24.578],[68.251,24.574]],[[68.292,24.578],[68.298,24.581],[68.292,24.581],[68.292,24.578]],[[68.16,24.639],[68.164,24.642],[68.16,24.642],[68.16,24.639]],[[68.11,24.612],[68.113,24.615],[68.11,24.615],[68.11,24.612]],[[68.012,24.628],[68.015,24.632],[68.012,24.632],[68.012,24.628]],[[68.133,24.531],[68.127,24.524],[68.133,24.524],[68.133,24.531]],[[68.059,24.537],[68.062,24.541],[68.059,24.541],[68.059,24.537]],[[68.406,24.5],[68.403,24.497],[68.406,24.497],[68.406,24.5]],[[68.123,24.413],[68.133,24.419],[68.12,24.419],[68.123,24.413]],[[68.106,24.416],[68.11,24.419],[68.106,24.419],[68.106,24.416]],[[68.106,24.399],[68.1,24.396],[68.106,24.396],[68.106,24.399]],[[68.16,24.382],[68.153,24.389],[68.153,24.382],[68.16,24.382]],[[68.066,24.392],[68.056,24.399],[68.056,24.389],[68.066,24.392]],[[68.113,24.392],[68.093,24.392],[68.1,24.386],[68.113,24.386],[68.113,24.392]],[[68.073,24.382],[68.076,24.386],[68.073,24.386],[68.073,24.382]],[[68.022,24.389],[68.025,24.392],[68.022,24.392],[68.022,24.389]],[[68.079,24.389],[68.083,24.392],[68.079,24.392],[68.079,24.389]],[[68.298,24.389],[68.295,24.386],[68.298,24.386],[68.298,24.389]],[[68.221,24.379],[68.231,24.376],[68.224,24.386],[68.221,24.379]],[[68.18,24.376],[68.177,24.372],[68.18,24.372],[68.18,24.376]],[[67.975,24.271],[67.978,24.274],[67.975,24.274],[67.975,24.271]],[[68.1,24.264],[68.096,24.261],[68.1,24.261],[68.1,24.264]],[[68.093,24.257],[68.096,24.251],[68.1,24.251],[68.093,24.257]],[[68.089,24.251],[68.086,24.247],[68.089,24.247],[68.089,24.251]],[[68.083,24.247],[68.062,24.241],[68.083,24.244],[68.083,24.247]],[[68.076,24.231],[68.073,24.227],[68.076,24.227],[68.076,24.231]],[[68.11,24.217],[68.106,24.207],[68.12,24.207],[68.11,24.217]],[[68.16,24.21],[68.16,24.193],[68.17,24.193],[68.17,24.2],[68.16,24.21]],[[68.127,24.193],[68.13,24.2],[68.123,24.2],[68.127,24.193]],[[68.143,24.193],[68.14,24.19],[68.143,24.19],[68.143,24.193]],[[68.177,24.19],[68.174,24.187],[68.177,24.187],[68.177,24.19]],[[68.083,24.21],[68.086,24.214],[68.083,24.214],[68.083,24.21]],[[67.978,24.22],[67.978,24.244],[67.958,24.247],[67.978,24.22]],[[67.941,24.2],[67.938,24.193],[67.941,24.193],[67.941,24.2]],[[67.901,24.197],[67.907,24.2],[67.901,24.2],[67.901,24.197]],[[67.948,24.187],[67.944,24.183],[67.948,24.183],[67.948,24.187]],[[67.934,24.177],[67.914,24.183],[67.911,24.177],[67.934,24.177]],[[68.019,24.18],[68.015,24.177],[68.019,24.177],[68.019,24.18]],[[68.187,24.18],[68.184,24.177],[68.187,24.177],[68.187,24.18]],[[68.089,24.177],[68.093,24.18],[68.089,24.18],[68.089,24.177]],[[68.15,24.153],[68.12,24.166],[68.116,24.156],[68.15,24.153]],[[68.1,24.15],[68.093,24.133],[68.11,24.15],[68.1,24.15]],[[68.059,24.133],[68.062,24.136],[68.059,24.136],[68.059,24.133]],[[68.241,24.217],[68.238,24.214],[68.241,24.214],[68.241,24.217]],[[68.285,24.136],[68.282,24.133],[68.285,24.133],[68.285,24.136]],[[68.278,24.116],[68.265,24.129],[68.265,24.116],[68.278,24.116]],[[68.366,24.129],[68.352,24.123],[68.366,24.119],[68.366,24.129]],[[68.336,24.119],[68.325,24.109],[68.336,24.109],[68.336,24.119]],[[68.342,24.119],[68.339,24.116],[68.342,24.116],[68.342,24.119]],[[68.369,24.109],[68.363,24.099],[68.373,24.099],[68.369,24.109]],[[68.272,24.099],[68.282,24.102],[68.272,24.102],[68.272,24.099]],[[68.221,24.112],[68.231,24.123],[68.221,24.123],[68.221,24.112]],[[68.329,24.092],[68.336,24.082],[68.339,24.092],[68.329,24.092]],[[68.558,24.123],[68.555,24.119],[68.558,24.119],[68.558,24.123]],[[68.555,24.112],[68.551,24.109],[68.555,24.109],[68.555,24.112]],[[68.535,24.106],[68.531,24.102],[68.535,24.102],[68.535,24.106]],[[68.386,24.136],[68.39,24.139],[68.386,24.139],[68.386,24.136]],[[68.383,24.139],[68.379,24.146],[68.376,24.146],[68.376,24.143],[68.383,24.139]],[[68.197,24.224],[68.201,24.227],[68.197,24.227],[68.197,24.224]],[[68.18,24.231],[68.187,24.234],[68.18,24.234],[68.18,24.231]],[[68.201,24.261],[68.197,24.247],[68.177,24.254],[68.177,24.241],[68.211,24.234],[68.201,24.261]],[[68.234,24.254],[68.228,24.251],[68.234,24.251],[68.234,24.254]],[[68.204,24.274],[68.207,24.278],[68.204,24.278],[68.204,24.274]],[[68.615,24.467],[68.612,24.463],[68.615,24.463],[68.615,24.467]],[[68.582,24.463],[68.585,24.467],[68.582,24.467],[68.582,24.463]],[[68.481,24.46],[68.474,24.456],[68.481,24.456],[68.481,24.46]],[[68.531,24.453],[68.528,24.45],[68.531,24.45],[68.531,24.453]],[[68.555,24.45],[68.551,24.446],[68.555,24.446],[68.555,24.45]],[[68.457,24.446],[68.47,24.45],[68.457,24.45],[68.457,24.446]],[[68.501,24.446],[68.497,24.44],[68.501,24.44],[68.501,24.446]],[[68.538,24.443],[68.535,24.44],[68.538,24.44],[68.538,24.443]],[[68.514,24.44],[68.518,24.443],[68.514,24.443],[68.514,24.44]],[[68.615,24.416],[68.612,24.413],[68.615,24.413],[68.615,24.416]],[[68.592,24.413],[68.599,24.396],[68.612,24.392],[68.612,24.402],[68.592,24.413]],[[68.69,24.402],[68.686,24.399],[68.69,24.399],[68.69,24.402]],[[68.683,24.396],[68.68,24.392],[68.683,24.392],[68.683,24.396]],[[68.585,24.389],[68.582,24.392],[68.582,24.389],[68.585,24.389]],[[68.676,24.389],[68.673,24.386],[68.676,24.386],[68.676,24.389]],[[68.609,24.372],[68.605,24.379],[68.602,24.379],[68.602,24.376],[68.609,24.372]],[[68.562,24.376],[68.565,24.379],[68.562,24.379],[68.562,24.376]],[[68.545,24.342],[68.548,24.335],[68.551,24.335],[68.545,24.342]],[[68.656,24.382],[68.653,24.379],[68.656,24.379],[68.656,24.382]],[[68.781,24.446],[68.777,24.443],[68.781,24.443],[68.781,24.446]],[[68.821,24.396],[68.828,24.392],[68.821,24.399],[68.821,24.396]],[[68.808,24.392],[68.811,24.396],[68.808,24.396],[68.808,24.392]],[[68.852,24.402],[68.858,24.409],[68.848,24.409],[68.852,24.402]],[[68.865,24.426],[68.858,24.419],[68.865,24.419],[68.865,24.426]],[[68.946,24.426],[68.939,24.419],[68.949,24.416],[68.946,24.426]],[[68.885,24.436],[68.892,24.44],[68.885,24.44],[68.885,24.436]],[[68.973,24.44],[68.966,24.436],[68.973,24.436],[68.973,24.44]],[[68.926,24.433],[68.919,24.429],[68.926,24.429],[68.926,24.433]],[[68.727,24.456],[68.72,24.46],[68.727,24.45],[68.727,24.456]],[[68.683,24.453],[68.686,24.456],[68.683,24.456],[68.683,24.453]],[[68.825,24.453],[68.821,24.45],[68.825,24.45],[68.825,24.453]],[[68.878,24.453],[68.872,24.446],[68.878,24.446],[68.878,24.453]],[[68.909,24.46],[68.902,24.453],[68.909,24.45],[68.909,24.46]],[[68.973,24.446],[68.97,24.443],[68.973,24.443],[68.973,24.446]],[[68.889,24.443],[68.892,24.446],[68.889,24.446],[68.889,24.443]],[[68.74,24.46],[68.744,24.463],[68.74,24.463],[68.74,24.46]],[[68.673,24.463],[68.676,24.467],[68.673,24.467],[68.673,24.463]],[[68.825,24.463],[68.821,24.46],[68.825,24.46],[68.825,24.463]],[[68.754,24.547],[68.75,24.544],[68.754,24.544],[68.754,24.547]],[[68.845,24.544],[68.841,24.541],[68.845,24.541],[68.845,24.544]],[[68.696,24.541],[68.696,24.547],[68.693,24.537],[68.696,24.541]],[[68.72,24.534],[68.717,24.531],[68.72,24.531],[68.72,24.534]],[[68.767,24.527],[68.764,24.524],[68.767,24.524],[68.767,24.527]],[[68.723,24.5],[68.737,24.517],[68.72,24.507],[68.723,24.5]],[[68.7,24.507],[68.703,24.51],[68.7,24.51],[68.7,24.507]],[[68.76,24.504],[68.757,24.5],[68.76,24.5],[68.76,24.504]],[[68.841,24.47],[68.838,24.473],[68.838,24.47],[68.841,24.47]],[[68.899,24.477],[68.905,24.47],[68.902,24.477],[68.899,24.477]],[[68.868,24.494],[68.875,24.497],[68.868,24.497],[68.868,24.494]],[[68.818,24.541],[68.814,24.537],[68.818,24.537],[68.818,24.541]],[[68.828,24.534],[68.825,24.531],[68.828,24.531],[68.828,24.534]],[[69.0,24.561],[68.996,24.558],[69.0,24.558],[69.0,24.561]],[[68.916,24.558],[68.919,24.561],[68.916,24.561],[68.916,24.558]],[[69.0,24.554],[68.996,24.551],[69.0,24.551],[69.0,24.554]],[[68.764,24.571],[68.76,24.568],[68.764,24.568],[68.764,24.571]],[[68.767,24.618],[68.76,24.612],[68.767,24.612],[68.767,24.618]],[[68.831,24.608],[68.828,24.605],[68.831,24.605],[68.831,24.608]],[[69.05,24.608],[69.061,24.605],[69.061,24.608],[69.05,24.608]],[[69.034,24.605],[69.04,24.608],[69.034,24.612],[69.034,24.605]],[[69.094,24.605],[69.091,24.601],[69.094,24.601],[69.094,24.605]],[[68.872,24.696],[68.868,24.692],[68.872,24.692],[68.872,24.696]],[[68.865,24.706],[68.862,24.703],[68.865,24.703],[68.865,24.706]],[[68.922,24.706],[68.919,24.703],[68.922,24.703],[68.922,24.706]],[[68.966,24.706],[68.963,24.703],[68.966,24.703],[68.966,24.706]],[[68.909,24.706],[68.912,24.709],[68.909,24.709],[68.909,24.706]],[[68.814,24.706],[68.818,24.709],[68.814,24.709],[68.814,24.706]],[[68.787,24.706],[68.784,24.713],[68.781,24.706],[68.787,24.706]],[[68.676,24.706],[68.68,24.709],[68.676,24.709],[68.676,24.706]],[[68.838,24.713],[68.835,24.709],[68.838,24.709],[68.838,24.713]],[[68.912,24.713],[68.916,24.716],[68.912,24.716],[68.912,24.713]],[[68.926,24.716],[68.922,24.713],[68.926,24.713],[68.926,24.716]],[[68.946,24.716],[68.943,24.713],[68.946,24.713],[68.946,24.716]],[[68.986,24.716],[68.983,24.713],[68.986,24.713],[68.986,24.716]],[[68.932,24.716],[68.936,24.719],[68.932,24.719],[68.932,24.716]],[[68.912,24.719],[68.919,24.723],[68.912,24.723],[68.912,24.719]],[[68.902,24.723],[68.905,24.726],[68.902,24.726],[68.902,24.723]],[[68.939,24.726],[68.936,24.723],[68.939,24.723],[68.939,24.726]],[[68.929,24.726],[68.932,24.73],[68.929,24.73],[68.929,24.726]],[[68.905,24.73],[68.909,24.733],[68.905,24.733],[68.905,24.73]],[[68.983,24.736],[68.99,24.73],[68.99,24.736],[68.983,24.736]],[[68.943,24.733],[68.946,24.736],[68.943,24.736],[68.943,24.733]],[[69.0,24.733],[68.996,24.73],[69.0,24.73],[69.0,24.733]],[[68.973,24.73],[68.97,24.726],[68.973,24.726],[68.973,24.73]],[[68.959,24.726],[68.963,24.73],[68.959,24.73],[68.959,24.726]],[[68.993,24.719],[68.99,24.716],[68.993,24.716],[68.993,24.719]],[[69.02,24.736],[69.023,24.74],[69.02,24.74],[69.02,24.736]],[[69.034,24.74],[69.027,24.736],[69.034,24.736],[69.034,24.74]],[[68.771,24.746],[68.774,24.75],[68.771,24.75],[68.771,24.746]],[[68.76,24.75],[68.764,24.753],[68.76,24.753],[68.76,24.75]],[[68.75,24.757],[68.757,24.763],[68.75,24.763],[68.75,24.757]],[[68.73,24.76],[68.74,24.763],[68.73,24.763],[68.73,24.76]],[[68.791,24.763],[68.794,24.757],[68.794,24.763],[68.791,24.763]],[[68.315,24.726],[68.322,24.73],[68.315,24.733],[68.315,24.726]],[[68.295,24.73],[68.298,24.733],[68.295,24.733],[68.295,24.73]],[[68.417,24.73],[68.41,24.726],[68.417,24.726],[68.417,24.73]],[[68.484,24.767],[68.481,24.763],[68.484,24.763],[68.484,24.767]],[[68.46,24.763],[68.467,24.767],[68.46,24.767],[68.46,24.763]],[[68.696,24.773],[68.693,24.77],[68.696,24.77],[68.696,24.773]],[[68.669,24.77],[68.666,24.767],[68.669,24.767],[68.669,24.77]],[[68.673,24.76],[68.669,24.757],[68.673,24.757],[68.673,24.76]],[[68.062,24.763],[68.069,24.77],[68.062,24.773],[68.062,24.763]],[[68.059,24.78],[68.062,24.784],[68.059,24.784],[68.059,24.78]],[[68.032,24.79],[68.035,24.797],[68.032,24.797],[68.032,24.79]],[[68.025,24.794],[68.029,24.797],[68.025,24.797],[68.025,24.794]],[[68.046,24.8],[68.039,24.794],[68.046,24.794],[68.046,24.8]],[[68.066,24.794],[68.062,24.79],[68.066,24.79],[68.066,24.794]],[[68.056,24.864],[68.073,24.871],[68.062,24.875],[68.056,24.864]],[[68.127,24.915],[68.123,24.908],[68.127,24.908],[68.127,24.915]],[[68.12,24.895],[68.116,24.891],[68.12,24.891],[68.12,24.895]],[[68.15,24.854],[68.147,24.851],[68.15,24.851],[68.15,24.854]],[[68.143,24.851],[68.14,24.844],[68.143,24.844],[68.143,24.851]],[[68.325,24.844],[68.312,24.807],[68.329,24.8],[68.342,24.878],[68.309,24.864],[68.325,24.844]],[[68.211,24.844],[68.218,24.848],[68.211,24.848],[68.211,24.844]],[[68.241,24.864],[68.238,24.871],[68.238,24.864],[68.241,24.864]],[[68.231,24.875],[68.234,24.878],[68.231,24.878],[68.231,24.875]],[[68.4,24.861],[68.41,24.841],[68.41,24.868],[68.4,24.861]],[[68.373,24.858],[68.376,24.861],[68.373,24.861],[68.373,24.858]],[[68.605,24.864],[68.602,24.861],[68.605,24.861],[68.605,24.864]],[[68.626,24.864],[68.619,24.861],[68.626,24.861],[68.626,24.864]],[[68.656,24.871],[68.683,24.824],[68.673,24.807],[68.72,24.824],[68.733,24.797],[68.73,24.821],[68.747,24.821],[68.747,24.827],[68.727,24.821],[68.71,24.858],[68.68,24.861],[68.72,24.895],[68.7,24.908],[68.693,24.881],[68.656,24.871]],[[68.632,24.844],[68.639,24.854],[68.632,24.851],[68.632,24.844]],[[68.642,24.848],[68.639,24.844],[68.642,24.844],[68.642,24.848]],[[68.592,24.844],[68.595,24.848],[68.592,24.848],[68.592,24.844]],[[68.588,24.848],[68.575,24.837],[68.588,24.841],[68.588,24.848]],[[68.46,24.858],[68.467,24.851],[68.467,24.858],[68.46,24.858]],[[68.653,24.854],[68.646,24.851],[68.653,24.851],[68.653,24.854]],[[68.504,24.854],[68.508,24.848],[68.511,24.848],[68.511,24.851],[68.504,24.854]],[[68.521,24.851],[68.518,24.848],[68.521,24.848],[68.521,24.851]],[[68.642,24.841],[68.639,24.837],[68.642,24.837],[68.642,24.841]],[[68.464,24.837],[68.467,24.841],[68.464,24.841],[68.464,24.837]],[[68.423,24.834],[68.43,24.844],[68.423,24.844],[68.423,24.834]],[[68.639,24.817],[68.629,24.827],[68.626,24.814],[68.639,24.817]],[[68.457,24.834],[68.46,24.837],[68.457,24.837],[68.457,24.834]],[[68.447,24.807],[68.45,24.814],[68.447,24.814],[68.447,24.807]],[[68.46,24.807],[68.457,24.804],[68.46,24.804],[68.46,24.807]],[[68.599,24.807],[68.612,24.797],[68.612,24.814],[68.599,24.807]],[[68.43,24.8],[68.433,24.804],[68.43,24.804],[68.43,24.8]],[[68.342,24.807],[68.356,24.81],[68.349,24.821],[68.342,24.807]],[[68.332,24.814],[68.339,24.817],[68.332,24.817],[68.332,24.814]],[[68.413,24.824],[68.41,24.81],[68.42,24.821],[68.413,24.824]],[[68.454,24.827],[68.45,24.824],[68.454,24.824],[68.454,24.827]],[[68.467,24.824],[68.477,24.827],[68.477,24.831],[68.47,24.831],[68.467,24.824]],[[68.393,24.831],[68.379,24.841],[68.379,24.834],[68.393,24.831]],[[68.619,24.831],[68.615,24.827],[68.619,24.827],[68.619,24.831]],[[68.363,24.841],[68.373,24.854],[68.363,24.854],[68.363,24.841]],[[68.42,24.824],[68.423,24.827],[68.42,24.827],[68.42,24.824]],[[68.524,24.821],[68.521,24.817],[68.524,24.817],[68.524,24.821]],[[68.393,24.814],[68.396,24.817],[68.393,24.817],[68.393,24.814]],[[68.373,24.81],[68.369,24.807],[68.373,24.807],[68.373,24.81]],[[68.592,24.864],[68.595,24.868],[68.592,24.868],[68.592,24.864]],[[68.602,24.868],[68.605,24.871],[68.602,24.871],[68.602,24.868]],[[68.669,24.878],[68.673,24.881],[68.669,24.881],[68.669,24.878]],[[68.592,24.888],[68.595,24.891],[68.592,24.891],[68.592,24.888]],[[68.663,24.895],[68.669,24.898],[68.663,24.898],[68.663,24.895]],[[68.629,24.895],[68.632,24.898],[68.629,24.898],[68.629,24.895]],[[68.683,24.898],[68.686,24.895],[68.686,24.898],[68.683,24.898]],[[68.737,24.918],[68.727,24.891],[68.74,24.888],[68.737,24.918]],[[68.717,24.915],[68.723,24.918],[68.717,24.918],[68.717,24.915]],[[68.787,24.915],[68.784,24.908],[68.787,24.908],[68.787,24.915]],[[68.777,24.915],[68.781,24.918],[68.777,24.918],[68.777,24.915]],[[68.831,24.885],[68.808,24.915],[68.794,24.868],[68.808,24.878],[68.814,24.861],[68.828,24.878],[68.831,24.858],[68.831,24.885]],[[68.835,24.895],[68.831,24.891],[68.835,24.891],[68.835,24.895]],[[68.946,24.898],[68.963,24.891],[68.963,24.898],[68.946,24.898]],[[68.889,24.885],[68.895,24.891],[68.885,24.891],[68.889,24.885]],[[68.855,24.881],[68.835,24.875],[68.858,24.861],[68.855,24.881]],[[68.939,24.881],[68.943,24.888],[68.932,24.881],[68.939,24.881]],[[68.983,24.885],[68.986,24.895],[68.983,24.878],[68.983,24.885]],[[69.054,24.878],[69.05,24.875],[69.054,24.875],[69.054,24.878]],[[69.007,24.875],[69.013,24.878],[69.007,24.878],[69.007,24.875]],[[68.949,24.875],[68.953,24.878],[68.949,24.878],[68.949,24.875]],[[68.929,24.875],[68.932,24.878],[68.929,24.878],[68.929,24.875]],[[68.902,24.881],[68.895,24.878],[68.895,24.875],[68.899,24.875],[68.902,24.881]],[[68.865,24.881],[68.868,24.885],[68.865,24.885],[68.865,24.881]],[[68.885,24.861],[68.882,24.878],[68.865,24.864],[68.885,24.861]],[[68.895,24.864],[68.902,24.868],[68.895,24.871],[68.895,24.864]],[[68.909,24.868],[68.905,24.864],[68.909,24.864],[68.909,24.868]],[[68.973,24.851],[68.99,24.854],[68.976,24.868],[68.973,24.851]],[[68.956,24.848],[68.966,24.854],[68.956,24.851],[68.956,24.848]],[[68.811,24.844],[68.818,24.854],[68.811,24.851],[68.811,24.844]],[[68.943,24.848],[68.939,24.837],[68.946,24.837],[68.943,24.848]],[[68.996,24.844],[69.0,24.837],[69.007,24.844],[68.996,24.844]],[[69.023,24.824],[69.044,24.824],[69.03,24.841],[69.023,24.824]],[[69.003,24.817],[69.013,24.827],[69.003,24.827],[69.003,24.817]],[[68.929,24.824],[68.909,24.814],[68.926,24.8],[68.943,24.804],[68.929,24.824]],[[68.784,24.814],[68.781,24.817],[68.781,24.814],[68.784,24.814]],[[68.811,24.814],[68.804,24.807],[68.808,24.807],[68.811,24.814]],[[68.794,24.81],[68.801,24.814],[68.794,24.814],[68.794,24.81]],[[68.791,24.817],[68.794,24.827],[68.791,24.827],[68.791,24.817]],[[68.889,24.831],[68.885,24.824],[68.892,24.824],[68.889,24.831]],[[68.895,24.844],[68.919,24.827],[68.909,24.848],[68.895,24.844]],[[68.838,24.831],[68.845,24.837],[68.838,24.841],[68.838,24.831]],[[68.868,24.834],[68.865,24.831],[68.868,24.831],[68.868,24.834]],[[68.858,24.831],[68.855,24.827],[68.858,24.827],[68.858,24.831]],[[68.818,24.827],[68.828,24.837],[68.811,24.837],[68.818,24.827]],[[68.811,24.827],[68.808,24.834],[68.801,24.834],[68.811,24.827]],[[68.737,24.841],[68.757,24.844],[68.757,24.851],[68.733,24.861],[68.737,24.841]],[[68.717,24.858],[68.71,24.868],[68.707,24.868],[68.707,24.864],[68.717,24.858]],[[68.787,24.875],[68.781,24.861],[68.787,24.864],[68.791,24.858],[68.787,24.875]],[[68.727,24.868],[68.73,24.871],[68.727,24.871],[68.727,24.868]],[[68.723,24.875],[68.717,24.885],[68.723,24.888],[68.713,24.885],[68.717,24.875],[68.723,24.875]],[[68.804,24.864],[68.798,24.851],[68.804,24.851],[68.804,24.864]],[[68.855,24.858],[68.848,24.854],[68.848,24.851],[68.855,24.858]],[[68.865,24.858],[68.862,24.851],[68.865,24.851],[68.865,24.858]],[[68.889,24.858],[68.892,24.851],[68.895,24.851],[68.895,24.854],[68.889,24.858]],[[68.872,24.858],[68.875,24.861],[68.872,24.861],[68.872,24.858]],[[68.835,24.861],[68.841,24.868],[68.835,24.871],[68.835,24.861]],[[68.936,24.851],[68.946,24.858],[68.932,24.858],[68.936,24.851]],[[68.794,24.844],[68.791,24.854],[68.781,24.854],[68.794,24.844]],[[68.845,24.844],[68.848,24.837],[68.855,24.837],[68.845,24.844]],[[68.76,24.848],[68.777,24.854],[68.774,24.861],[68.76,24.848]],[[68.882,24.841],[68.878,24.837],[68.882,24.837],[68.882,24.841]],[[68.97,24.837],[68.966,24.834],[68.97,24.834],[68.97,24.837]],[[68.993,24.834],[68.99,24.831],[68.993,24.831],[68.993,24.834]],[[68.946,24.827],[68.949,24.834],[68.943,24.834],[68.946,24.827]],[[68.922,24.827],[68.926,24.831],[68.922,24.831],[68.922,24.827]],[[68.919,24.834],[68.922,24.837],[68.919,24.837],[68.919,24.834]],[[68.855,24.824],[68.852,24.821],[68.855,24.821],[68.855,24.824]],[[68.798,24.817],[68.804,24.824],[68.798,24.824],[68.798,24.817]],[[68.811,24.821],[68.808,24.817],[68.811,24.817],[68.811,24.821]],[[69.044,24.814],[69.037,24.81],[69.044,24.81],[69.044,24.814]],[[68.963,24.81],[68.946,24.804],[68.963,24.8],[68.963,24.81]],[[69.04,24.807],[69.034,24.804],[69.034,24.797],[69.04,24.807]],[[69.108,24.804],[69.111,24.794],[69.115,24.794],[69.115,24.8],[69.108,24.804]],[[69.067,24.797],[69.071,24.804],[69.067,24.804],[69.067,24.797]],[[69.071,24.79],[69.054,24.8],[69.047,24.787],[69.071,24.79]],[[68.986,24.784],[69.0,24.79],[68.986,24.794],[68.986,24.784]],[[68.976,24.784],[68.98,24.787],[68.976,24.787],[68.976,24.784]],[[68.959,24.777],[68.976,24.794],[68.959,24.79],[68.959,24.777]],[[68.976,24.777],[68.973,24.773],[68.976,24.773],[68.976,24.777]],[[69.023,24.773],[69.02,24.767],[69.023,24.767],[69.023,24.773]],[[68.996,24.763],[68.993,24.773],[68.99,24.763],[68.996,24.763]],[[69.01,24.767],[69.003,24.757],[69.013,24.757],[69.01,24.767]],[[69.061,24.763],[69.054,24.757],[69.061,24.76],[69.061,24.763]],[[69.03,24.76],[69.027,24.757],[69.03,24.757],[69.03,24.76]],[[69.037,24.757],[69.034,24.753],[69.037,24.753],[69.037,24.757]],[[68.973,24.76],[68.98,24.763],[68.973,24.767],[68.973,24.76]],[[68.936,24.767],[68.939,24.773],[68.936,24.773],[68.936,24.767]],[[68.814,24.77],[68.821,24.777],[68.814,24.78],[68.814,24.77]],[[68.845,24.777],[68.835,24.787],[68.825,24.79],[68.845,24.777]],[[68.878,24.78],[68.875,24.777],[68.878,24.777],[68.878,24.78]],[[68.818,24.787],[68.821,24.79],[68.818,24.79],[68.818,24.787]],[[68.943,24.784],[68.936,24.79],[68.936,24.784],[68.943,24.784]],[[68.949,24.787],[68.946,24.784],[68.949,24.784],[68.949,24.787]],[[68.912,24.797],[68.919,24.804],[68.916,24.804],[68.912,24.797]],[[68.771,24.797],[68.774,24.8],[68.771,24.8],[68.771,24.797]],[[68.781,24.804],[68.794,24.797],[68.798,24.807],[68.781,24.804]],[[68.831,24.804],[68.828,24.8],[68.831,24.8],[68.831,24.804]],[[68.814,24.8],[68.821,24.804],[68.814,24.804],[68.814,24.8]],[[68.983,24.8],[68.98,24.797],[68.983,24.797],[68.983,24.8]],[[68.99,24.8],[69.0,24.794],[69.0,24.807],[68.99,24.8]],[[68.875,24.773],[68.872,24.77],[68.875,24.77],[68.875,24.773]],[[68.986,24.77],[68.983,24.767],[68.986,24.767],[68.986,24.77]],[[68.993,24.78],[68.986,24.777],[68.993,24.777],[68.993,24.78]],[[69.091,24.817],[69.088,24.814],[69.091,24.814],[69.091,24.817]],[[69.047,24.817],[69.05,24.821],[69.047,24.821],[69.047,24.817]],[[69.128,24.821],[69.125,24.817],[69.128,24.817],[69.128,24.821]],[[69.104,24.821],[69.094,24.827],[69.088,24.821],[69.104,24.821]],[[69.054,24.824],[69.067,24.827],[69.054,24.827],[69.054,24.824]],[[69.081,24.824],[69.077,24.831],[69.074,24.831],[69.074,24.827],[69.081,24.824]],[[69.088,24.831],[69.084,24.827],[69.088,24.827],[69.088,24.831]],[[69.023,24.837],[69.027,24.841],[69.023,24.841],[69.023,24.837]],[[69.098,24.834],[69.094,24.831],[69.098,24.831],[69.098,24.834]],[[69.108,24.834],[69.104,24.831],[69.108,24.831],[69.108,24.834]],[[69.118,24.834],[69.115,24.831],[69.118,24.831],[69.118,24.834]],[[69.0,24.861],[68.996,24.858],[69.0,24.858],[69.0,24.861]],[[69.098,24.851],[69.094,24.848],[69.098,24.848],[69.098,24.851]],[[69.034,24.848],[69.037,24.851],[69.034,24.851],[69.034,24.848]],[[69.017,24.844],[69.013,24.851],[69.01,24.844],[69.017,24.844]],[[68.973,24.891],[68.976,24.895],[68.973,24.895],[68.973,24.891]],[[69.0,24.902],[69.0,24.888],[69.007,24.888],[69.0,24.902]],[[69.067,24.895],[69.064,24.891],[69.067,24.891],[69.067,24.895]],[[69.054,24.888],[69.05,24.885],[69.054,24.885],[69.054,24.888]],[[68.878,24.888],[68.882,24.891],[68.878,24.891],[68.878,24.888]],[[68.936,24.898],[68.939,24.902],[68.936,24.902],[68.936,24.898]],[[68.818,24.861],[68.821,24.864],[68.818,24.864],[68.818,24.861]],[[68.744,24.895],[68.754,24.902],[68.754,24.905],[68.747,24.905],[68.744,24.895]],[[68.787,24.905],[68.784,24.902],[68.787,24.902],[68.787,24.905]],[[68.767,24.902],[68.771,24.895],[68.774,24.895],[68.774,24.898],[68.767,24.902]],[[68.794,24.908],[68.798,24.912],[68.794,24.912],[68.794,24.908]],[[68.862,24.912],[68.858,24.908],[68.862,24.908],[68.862,24.912]],[[68.845,24.908],[68.848,24.912],[68.845,24.912],[68.845,24.908]],[[68.889,24.905],[68.885,24.902],[68.889,24.902],[68.889,24.905]],[[68.878,24.898],[68.882,24.905],[68.878,24.905],[68.878,24.898]],[[68.868,24.898],[68.872,24.902],[68.868,24.902],[68.868,24.898]],[[68.474,24.864],[68.477,24.868],[68.474,24.868],[68.474,24.864]],[[68.234,24.804],[68.245,24.81],[68.245,24.814],[68.238,24.814],[68.234,24.804]],[[68.187,24.81],[68.191,24.814],[68.187,24.814],[68.187,24.81]],[[68.278,24.814],[68.282,24.817],[68.278,24.817],[68.278,24.814]],[[68.191,24.824],[68.197,24.827],[68.197,24.831],[68.191,24.824]],[[68.251,24.827],[68.255,24.824],[68.255,24.827],[68.251,24.827]],[[68.184,24.784],[68.167,24.8],[68.164,24.794],[68.184,24.784]],[[68.204,24.787],[68.201,24.784],[68.204,24.784],[68.204,24.787]],[[68.137,24.794],[68.14,24.797],[68.137,24.797],[68.137,24.794]],[[68.228,24.784],[68.231,24.787],[68.228,24.787],[68.228,24.784]],[[68.646,24.784],[68.649,24.787],[68.646,24.787],[68.646,24.784]],[[69.192,24.864],[69.189,24.861],[69.192,24.861],[69.192,24.864]],[[69.145,24.888],[69.131,24.885],[69.145,24.885],[69.145,24.888]],[[69.152,24.891],[69.155,24.895],[69.152,24.895],[69.152,24.891]],[[69.192,24.895],[69.189,24.891],[69.192,24.891],[69.192,24.895]],[[69.084,24.902],[69.091,24.912],[69.084,24.908],[69.084,24.902]],[[69.131,24.898],[69.138,24.902],[69.138,24.905],[69.131,24.898]],[[69.209,24.898],[69.206,24.895],[69.209,24.895],[69.209,24.898]],[[69.155,24.898],[69.158,24.902],[69.155,24.902],[69.155,24.898]],[[69.179,24.902],[69.175,24.898],[69.179,24.898],[69.179,24.902]],[[68.905,24.918],[68.909,24.922],[68.905,24.922],[68.905,24.918]],[[68.717,24.929],[68.72,24.935],[68.713,24.935],[68.717,24.929]],[[68.636,24.929],[68.632,24.935],[68.629,24.929],[68.636,24.929]],[[68.541,24.929],[68.545,24.932],[68.541,24.932],[68.541,24.929]],[[68.69,24.942],[68.7,24.932],[68.7,24.939],[68.69,24.942]],[[68.774,24.942],[68.771,24.939],[68.774,24.939],[68.774,24.942]],[[68.717,24.942],[68.72,24.945],[68.717,24.945],[68.717,24.942]],[[68.531,24.945],[68.535,24.949],[68.531,24.949],[68.531,24.945]],[[68.676,24.955],[68.683,24.945],[68.683,24.955],[68.676,24.955]],[[68.538,24.952],[68.541,24.955],[68.538,24.955],[68.538,24.952]],[[68.551,24.955],[68.555,24.959],[68.551,24.959],[68.551,24.955]],[[68.727,24.962],[68.73,24.949],[68.74,24.949],[68.733,24.962],[68.727,24.962]],[[68.71,24.952],[68.703,24.955],[68.703,24.952],[68.71,24.952]],[[68.649,24.959],[68.642,24.972],[68.639,24.972],[68.649,24.959]],[[68.673,24.969],[68.68,24.959],[68.683,24.969],[68.673,24.969]],[[68.757,24.966],[68.76,24.989],[68.73,24.996],[68.757,24.979],[68.757,24.966]],[[68.717,24.979],[68.72,24.976],[68.72,24.979],[68.717,24.979]],[[68.622,24.976],[68.646,24.999],[68.653,24.993],[68.663,24.996],[68.649,25.003],[68.615,24.996],[68.622,24.976]],[[68.7,24.993],[68.703,24.982],[68.703,24.993],[68.7,24.993]],[[68.676,24.993],[68.68,24.996],[68.676,24.996],[68.676,24.993]],[[68.7,24.996],[68.696,25.003],[68.693,25.003],[68.693,24.999],[68.7,24.996]],[[68.707,24.999],[68.71,24.993],[68.71,24.999],[68.707,24.999]],[[68.727,25.003],[68.713,25.006],[68.72,25.026],[68.71,25.023],[68.71,25.006],[68.727,25.003]],[[68.757,24.999],[68.764,24.986],[68.767,24.986],[68.767,24.993],[68.757,24.999]],[[68.784,25.006],[68.794,24.989],[68.801,25.003],[68.784,25.006]],[[68.744,25.003],[68.75,25.006],[68.744,25.006],[68.744,25.003]],[[68.821,24.989],[68.818,24.986],[68.821,24.986],[68.821,24.989]],[[68.777,24.989],[68.771,24.979],[68.781,24.976],[68.777,24.989]],[[68.811,24.986],[68.787,24.976],[68.784,24.949],[68.811,24.986]],[[68.818,24.976],[68.814,24.969],[68.818,24.969],[68.818,24.976]],[[68.821,24.966],[68.818,24.962],[68.821,24.962],[68.821,24.966]],[[68.828,24.959],[68.825,24.955],[68.828,24.955],[68.828,24.959]],[[68.811,24.949],[68.818,24.955],[68.811,24.955],[68.811,24.949]],[[68.835,24.949],[68.831,24.945],[68.835,24.945],[68.835,24.949]],[[68.75,24.952],[68.754,24.942],[68.757,24.952],[68.75,24.952]],[[68.781,24.949],[68.771,24.945],[68.781,24.945],[68.781,24.949]],[[68.781,24.966],[68.784,24.969],[68.781,24.969],[68.781,24.966]],[[68.555,25.003],[68.558,25.006],[68.555,25.006],[68.555,25.003]],[[68.7,25.013],[68.703,25.003],[68.707,25.009],[68.7,25.013]],[[68.696,25.009],[68.693,25.013],[68.693,25.009],[68.696,25.009]],[[68.646,25.013],[68.649,25.016],[68.646,25.016],[68.646,25.013]],[[68.669,25.003],[68.666,24.999],[68.669,24.999],[68.669,25.003]],[[68.582,25.003],[68.578,24.999],[68.582,24.999],[68.582,25.003]],[[68.632,25.02],[68.636,25.026],[68.629,25.026],[68.632,25.02]],[[68.686,25.02],[68.683,25.03],[68.676,25.03],[68.686,25.02]],[[68.754,25.03],[68.75,25.026],[68.754,25.026],[68.754,25.03]],[[68.804,25.026],[68.801,25.023],[68.804,25.023],[68.804,25.026]],[[68.717,25.03],[68.723,25.033],[68.717,25.033],[68.717,25.03]],[[68.696,25.033],[68.703,25.036],[68.696,25.036],[68.696,25.033]],[[68.784,25.036],[68.798,25.04],[68.784,25.04],[68.784,25.036]],[[68.74,25.036],[68.744,25.04],[68.74,25.04],[68.74,25.036]],[[68.707,25.036],[68.71,25.04],[68.707,25.04],[68.707,25.036]],[[68.818,25.036],[68.814,25.033],[68.818,25.033],[68.818,25.036]],[[68.774,25.033],[68.771,25.03],[68.774,25.03],[68.774,25.033]],[[68.707,25.026],[68.703,25.023],[68.707,25.023],[68.707,25.026]],[[68.76,25.023],[68.757,25.02],[68.76,25.02],[68.76,25.023]],[[68.801,25.02],[68.794,25.016],[68.801,25.016],[68.801,25.02]],[[68.737,25.016],[68.74,25.02],[68.737,25.02],[68.737,25.016]],[[68.717,25.013],[68.72,25.009],[68.72,25.013],[68.717,25.013]],[[68.808,25.013],[68.804,25.009],[68.808,25.009],[68.808,25.013]],[[68.798,25.006],[68.801,25.009],[68.798,25.009],[68.798,25.006]],[[68.649,24.986],[68.653,24.989],[68.649,24.989],[68.649,24.986]],[[68.663,24.982],[68.659,24.979],[68.663,24.979],[68.663,24.982]],[[68.72,24.962],[68.723,24.966],[68.72,24.966],[68.72,24.962]],[[68.548,24.966],[68.558,24.969],[68.548,24.969],[68.548,24.966]],[[68.75,24.935],[68.754,24.939],[68.75,24.939],[68.75,24.935]],[[68.723,24.922],[68.727,24.925],[68.723,24.925],[68.723,24.922]],[[68.747,24.925],[68.744,24.922],[68.747,24.922],[68.747,24.925]],[[68.615,24.905],[68.619,24.908],[68.615,24.908],[68.615,24.905]],[[68.089,24.932],[68.093,24.935],[68.089,24.935],[68.089,24.932]],[[68.106,24.932],[68.11,24.939],[68.103,24.932],[68.106,24.932]],[[68.113,24.949],[68.11,24.952],[68.11,24.949],[68.113,24.949]],[[68.096,24.949],[68.103,24.955],[68.096,24.959],[68.096,24.949]],[[68.11,24.962],[68.106,24.959],[68.11,24.959],[68.11,24.962]],[[68.123,24.962],[68.116,24.959],[68.123,24.959],[68.123,24.962]],[[68.12,24.969],[68.123,24.976],[68.116,24.976],[68.12,24.969]],[[68.12,24.982],[68.123,24.986],[68.12,24.986],[68.12,24.982]],[[67.921,24.665],[67.911,24.632],[67.951,24.645],[67.938,24.686],[67.938,24.665],[67.921,24.665]],[[67.911,24.672],[67.924,24.696],[67.887,24.692],[67.89,24.676],[67.911,24.672]],[[67.907,24.784],[67.86,24.703],[67.847,24.699],[67.857,24.736],[67.837,24.736],[67.813,24.689],[67.816,24.659],[67.833,24.655],[67.82,24.625],[67.864,24.578],[67.843,24.547],[67.87,24.571],[67.87,24.554],[67.887,24.551],[67.887,24.574],[67.864,24.588],[67.864,24.659],[67.88,24.669],[67.874,24.713],[67.904,24.74],[67.907,24.784]],[[67.799,24.777],[67.799,24.817],[67.759,24.817],[67.756,24.784],[67.799,24.777]],[[67.823,24.777],[67.816,24.77],[67.823,24.77],[67.823,24.777]],[[67.88,24.77],[67.877,24.767],[67.88,24.767],[67.88,24.77]],[[67.796,24.767],[67.799,24.77],[67.796,24.77],[67.796,24.767]],[[67.779,24.763],[67.762,24.763],[67.759,24.74],[67.772,24.736],[67.779,24.763]],[[67.833,24.763],[67.83,24.76],[67.833,24.76],[67.833,24.763]],[[67.864,24.76],[67.857,24.757],[67.864,24.757],[67.864,24.76]],[[67.783,24.76],[67.786,24.763],[67.783,24.763],[67.783,24.76]],[[67.87,24.753],[67.864,24.75],[67.87,24.75],[67.87,24.753]],[[67.783,24.746],[67.786,24.743],[67.786,24.746],[67.783,24.746]],[[67.837,24.743],[67.833,24.74],[67.837,24.74],[67.837,24.743]],[[67.87,24.74],[67.867,24.736],[67.87,24.736],[67.87,24.74]],[[67.796,24.736],[67.799,24.74],[67.796,24.74],[67.796,24.736]],[[67.692,24.736],[67.695,24.74],[67.692,24.74],[67.692,24.736]],[[67.614,24.74],[67.617,24.743],[67.614,24.743],[67.614,24.74]],[[67.712,24.736],[67.695,24.723],[67.708,24.723],[67.712,24.736]],[[67.685,24.73],[67.695,24.733],[67.685,24.733],[67.685,24.73]],[[67.678,24.723],[67.671,24.733],[67.665,24.723],[67.678,24.723]],[[67.739,24.719],[67.729,24.723],[67.729,24.716],[67.739,24.719]],[[67.651,24.716],[67.654,24.719],[67.651,24.719],[67.651,24.716]],[[67.611,24.723],[67.577,24.719],[67.577,24.709],[67.594,24.713],[67.59,24.696],[67.594,24.696],[67.611,24.723]],[[67.627,24.726],[67.621,24.723],[67.627,24.723],[67.627,24.726]],[[67.644,24.723],[67.648,24.73],[67.634,24.723],[67.644,24.723]],[[67.516,24.73],[67.526,24.733],[67.516,24.733],[67.516,24.73]],[[67.513,24.73],[67.506,24.726],[67.513,24.726],[67.513,24.73]],[[67.654,24.73],[67.651,24.726],[67.654,24.726],[67.654,24.73]],[[67.617,24.716],[67.621,24.709],[67.624,24.716],[67.617,24.716]],[[67.796,24.709],[67.779,24.709],[67.779,24.699],[67.796,24.709]],[[67.759,24.699],[67.762,24.703],[67.759,24.703],[67.759,24.699]],[[67.644,24.703],[67.627,24.706],[67.6,24.686],[67.627,24.682],[67.644,24.703]],[[67.671,24.689],[67.681,24.689],[67.671,24.699],[67.671,24.689]],[[67.793,24.689],[67.789,24.686],[67.793,24.686],[67.793,24.689]],[[67.766,24.689],[67.772,24.682],[67.769,24.689],[67.766,24.689]],[[67.644,24.689],[67.648,24.692],[67.644,24.692],[67.644,24.689]],[[67.688,24.672],[67.678,24.682],[67.681,24.672],[67.688,24.672]],[[67.81,24.679],[67.806,24.676],[67.81,24.676],[67.81,24.679]],[[67.803,24.676],[67.799,24.672],[67.803,24.672],[67.803,24.676]],[[67.776,24.672],[67.766,24.662],[67.772,24.659],[67.776,24.672]],[[67.806,24.669],[67.799,24.665],[67.806,24.665],[67.806,24.669]],[[67.749,24.655],[67.752,24.665],[67.749,24.665],[67.749,24.655]],[[67.631,24.655],[67.648,24.632],[67.638,24.639],[67.611,24.632],[67.634,24.628],[67.634,24.612],[67.624,24.622],[67.617,24.615],[67.641,24.595],[67.665,24.615],[67.665,24.591],[67.708,24.588],[67.705,24.564],[67.735,24.591],[67.742,24.618],[67.705,24.608],[67.739,24.622],[67.732,24.645],[67.719,24.622],[67.695,24.645],[67.654,24.622],[67.651,24.632],[67.671,24.635],[67.675,24.642],[67.631,24.655]],[[67.627,24.649],[67.614,24.655],[67.617,24.642],[67.627,24.649]],[[67.604,24.645],[67.59,24.649],[67.584,24.635],[67.59,24.635],[67.604,24.645]],[[67.506,24.615],[67.543,24.605],[67.533,24.588],[67.55,24.571],[67.58,24.591],[67.58,24.612],[67.607,24.608],[67.543,24.628],[67.56,24.628],[67.553,24.642],[67.523,24.625],[67.53,24.645],[67.506,24.615]],[[67.506,24.632],[67.509,24.635],[67.506,24.635],[67.506,24.632]],[[67.567,24.635],[67.563,24.628],[67.567,24.628],[67.567,24.635]],[[67.6,24.625],[67.59,24.622],[67.6,24.622],[67.6,24.625]],[[67.614,24.618],[67.611,24.605],[67.621,24.608],[67.614,24.618]],[[67.614,24.598],[67.59,24.574],[67.587,24.554],[67.621,24.574],[67.614,24.534],[67.644,24.531],[67.627,24.574],[67.631,24.571],[67.648,24.574],[67.614,24.598]],[[67.6,24.591],[67.604,24.598],[67.6,24.598],[67.6,24.591]],[[67.584,24.595],[67.587,24.598],[67.584,24.598],[67.584,24.595]],[[67.641,24.591],[67.634,24.588],[67.641,24.588],[67.641,24.591]],[[67.661,24.581],[67.665,24.574],[67.665,24.581],[67.661,24.581]],[[67.688,24.574],[67.678,24.564],[67.688,24.564],[67.688,24.574]],[[67.786,24.558],[67.779,24.561],[67.779,24.558],[67.786,24.558]],[[67.806,24.564],[67.796,24.558],[67.796,24.554],[67.806,24.564]],[[67.752,24.564],[67.756,24.568],[67.752,24.568],[67.752,24.564]],[[67.745,24.564],[67.749,24.568],[67.745,24.568],[67.745,24.564]],[[67.833,24.564],[67.826,24.561],[67.826,24.558],[67.83,24.558],[67.833,24.564]],[[67.823,24.554],[67.82,24.551],[67.823,24.551],[67.823,24.554]],[[67.732,24.554],[67.739,24.558],[67.732,24.558],[67.732,24.554]],[[67.783,24.551],[67.786,24.544],[67.789,24.544],[67.783,24.551]],[[67.907,24.564],[67.897,24.551],[67.911,24.544],[67.907,24.564]],[[67.924,24.554],[67.921,24.551],[67.924,24.551],[67.924,24.554]],[[67.921,24.547],[67.917,24.541],[67.924,24.541],[67.921,24.547]],[[67.84,24.541],[67.833,24.547],[67.83,24.537],[67.84,24.541]],[[67.914,24.537],[67.907,24.524],[67.914,24.524],[67.914,24.537]],[[67.698,24.524],[67.702,24.527],[67.698,24.527],[67.698,24.524]],[[67.641,24.52],[67.631,24.531],[67.631,24.524],[67.641,24.52]],[[67.59,24.517],[67.587,24.531],[67.574,24.527],[67.59,24.517]],[[67.654,24.517],[67.651,24.514],[67.654,24.514],[67.654,24.517]],[[67.547,24.51],[67.543,24.517],[67.543,24.51],[67.547,24.51]],[[67.621,24.51],[67.617,24.507],[67.621,24.507],[67.621,24.51]],[[67.648,24.514],[67.644,24.5],[67.648,24.5],[67.648,24.514]],[[67.887,24.504],[67.877,24.487],[67.894,24.473],[67.907,24.49],[67.924,24.487],[67.911,24.494],[67.924,24.504],[67.887,24.504]],[[67.793,24.5],[67.789,24.51],[67.786,24.51],[67.786,24.504],[67.793,24.5]],[[67.816,24.49],[67.81,24.497],[67.813,24.49],[67.803,24.49],[67.803,24.483],[67.816,24.49]],[[67.752,24.5],[67.759,24.504],[67.752,24.504],[67.752,24.5]],[[67.85,24.487],[67.847,24.49],[67.843,24.487],[67.85,24.487]],[[67.843,24.483],[67.84,24.477],[67.843,24.477],[67.843,24.483]],[[67.786,24.483],[67.749,24.453],[67.766,24.463],[67.772,24.436],[67.793,24.45],[67.786,24.483]],[[67.638,24.473],[67.621,24.473],[67.621,24.456],[67.631,24.456],[67.638,24.473]],[[67.648,24.473],[67.644,24.47],[67.648,24.47],[67.648,24.473]],[[67.749,24.46],[67.719,24.467],[67.729,24.446],[67.749,24.46]],[[67.766,24.446],[67.759,24.443],[67.766,24.443],[67.766,24.446]],[[67.749,24.443],[67.752,24.446],[67.749,24.446],[67.749,24.443]],[[67.702,24.45],[67.675,24.426],[67.651,24.433],[67.668,24.409],[67.644,24.416],[67.651,24.386],[67.604,24.365],[67.621,24.338],[67.644,24.352],[67.641,24.376],[67.671,24.382],[67.665,24.406],[67.705,24.372],[67.695,24.402],[67.705,24.423],[67.719,24.409],[67.725,24.443],[67.702,24.45]],[[67.638,24.446],[67.634,24.456],[67.634,24.446],[67.638,24.446]],[[67.587,24.45],[67.574,24.436],[67.584,24.44],[67.587,24.45]],[[67.493,24.443],[67.496,24.446],[67.493,24.446],[67.493,24.443]],[[67.466,24.446],[67.476,24.453],[67.466,24.453],[67.466,24.446]],[[67.553,24.473],[67.58,24.453],[67.594,24.453],[67.594,24.473],[67.56,24.477],[67.58,24.49],[67.547,24.504],[67.557,24.477],[67.547,24.473],[67.543,24.46],[67.54,24.483],[67.526,24.46],[67.553,24.45],[67.553,24.473]],[[67.499,24.453],[67.503,24.456],[67.499,24.456],[67.499,24.453]],[[67.482,24.456],[67.489,24.46],[67.482,24.463],[67.482,24.456]],[[67.503,24.467],[67.506,24.453],[67.516,24.47],[67.503,24.467]],[[67.489,24.463],[67.499,24.467],[67.489,24.467],[67.489,24.463]],[[67.489,24.48],[67.506,24.473],[67.506,24.48],[67.489,24.48]],[[67.533,24.49],[67.536,24.494],[67.533,24.494],[67.533,24.49]],[[67.54,24.504],[67.533,24.534],[67.503,24.537],[67.526,24.5],[67.54,24.504]],[[67.482,24.524],[67.493,24.531],[67.482,24.527],[67.482,24.524]],[[67.489,24.534],[67.493,24.537],[67.489,24.537],[67.489,24.534]],[[67.563,24.537],[67.56,24.534],[67.563,24.534],[67.563,24.537]],[[67.607,24.534],[67.597,24.531],[67.597,24.527],[67.604,24.527],[67.607,24.534]],[[67.83,24.531],[67.826,24.527],[67.83,24.527],[67.83,24.531]],[[67.614,24.531],[67.611,24.527],[67.614,24.527],[67.614,24.531]],[[67.557,24.524],[67.553,24.52],[67.557,24.52],[67.557,24.524]],[[67.577,24.507],[67.584,24.49],[67.587,24.49],[67.59,24.497],[67.577,24.507]],[[67.624,24.504],[67.621,24.5],[67.624,24.5],[67.624,24.504]],[[67.658,24.5],[67.654,24.494],[67.658,24.494],[67.658,24.5]],[[67.719,24.497],[67.715,24.494],[67.719,24.494],[67.719,24.497]],[[67.759,24.494],[67.752,24.487],[67.759,24.487],[67.759,24.494]],[[67.769,24.49],[67.766,24.487],[67.769,24.487],[67.769,24.49]],[[67.793,24.487],[67.789,24.483],[67.793,24.483],[67.793,24.487]],[[67.634,24.483],[67.644,24.49],[67.621,24.49],[67.634,24.483]],[[67.611,24.483],[67.614,24.487],[67.611,24.487],[67.611,24.483]],[[67.607,24.48],[67.59,24.49],[67.58,24.477],[67.607,24.48]],[[67.621,24.483],[67.614,24.48],[67.614,24.473],[67.621,24.483]],[[67.6,24.497],[67.607,24.5],[67.6,24.5],[67.6,24.497]],[[67.577,24.494],[67.58,24.497],[67.577,24.497],[67.577,24.494]],[[67.617,24.46],[67.597,24.46],[67.6,24.453],[67.617,24.46]],[[67.499,24.45],[67.503,24.446],[67.503,24.45],[67.499,24.45]],[[67.597,24.446],[67.59,24.433],[67.604,24.436],[67.597,24.446]],[[67.651,24.44],[67.648,24.436],[67.651,24.436],[67.651,24.44]],[[67.644,24.436],[67.641,24.433],[67.644,24.433],[67.644,24.436]],[[67.557,24.433],[67.557,24.426],[67.58,24.416],[67.577,24.433],[67.543,24.44],[67.557,24.433]],[[67.503,24.433],[67.506,24.436],[67.503,24.436],[67.503,24.433]],[[67.496,24.433],[67.499,24.436],[67.496,24.436],[67.496,24.433]],[[67.469,24.436],[67.466,24.44],[67.466,24.436],[67.469,24.436]],[[67.594,24.426],[67.59,24.423],[67.594,24.423],[67.594,24.426]],[[67.597,24.419],[67.594,24.416],[67.597,24.416],[67.597,24.419]],[[67.631,24.416],[67.621,24.402],[67.627,24.402],[67.631,24.416]],[[67.641,24.413],[67.634,24.409],[67.641,24.409],[67.641,24.413]],[[67.644,24.402],[67.641,24.399],[67.644,24.399],[67.644,24.402]],[[67.6,24.402],[67.604,24.396],[67.607,24.396],[67.607,24.399],[67.6,24.402]],[[67.584,24.416],[67.587,24.419],[67.584,24.419],[67.584,24.416]],[[67.53,24.419],[67.533,24.423],[67.53,24.423],[67.53,24.419]],[[67.52,24.419],[67.523,24.423],[67.52,24.423],[67.52,24.419]],[[67.503,24.426],[67.506,24.429],[67.503,24.429],[67.503,24.426]],[[67.516,24.429],[67.509,24.426],[67.516,24.426],[67.516,24.429]],[[67.553,24.429],[67.55,24.426],[67.553,24.426],[67.553,24.429]],[[67.651,24.453],[67.648,24.45],[67.651,24.45],[67.651,24.453]],[[67.786,24.436],[67.783,24.433],[67.786,24.433],[67.786,24.436]],[[67.813,24.426],[67.81,24.429],[67.806,24.426],[67.813,24.426]],[[67.776,24.423],[67.762,24.419],[67.776,24.416],[67.776,24.423]],[[67.793,24.426],[67.786,24.423],[67.793,24.423],[67.793,24.426]],[[67.789,24.382],[67.813,24.386],[67.81,24.423],[67.793,24.419],[67.789,24.382]],[[67.803,24.382],[67.799,24.379],[67.803,24.379],[67.803,24.382]],[[67.762,24.379],[67.779,24.392],[67.783,24.406],[67.762,24.379]],[[67.742,24.389],[67.729,24.396],[67.742,24.379],[67.742,24.389]],[[67.725,24.386],[67.715,24.396],[67.705,24.392],[67.705,24.386],[67.725,24.386]],[[67.712,24.399],[67.719,24.402],[67.712,24.402],[67.712,24.399]],[[67.725,24.402],[67.722,24.399],[67.725,24.399],[67.725,24.402]],[[67.742,24.402],[67.739,24.399],[67.742,24.399],[67.742,24.402]],[[67.725,24.406],[67.732,24.409],[67.725,24.409],[67.725,24.406]],[[67.732,24.416],[67.735,24.419],[67.732,24.419],[67.732,24.416]],[[67.82,24.409],[67.813,24.406],[67.82,24.406],[67.82,24.409]],[[67.725,24.426],[67.735,24.433],[67.725,24.433],[67.725,24.426]],[[67.799,24.372],[67.796,24.369],[67.799,24.369],[67.799,24.372]],[[67.685,24.376],[67.688,24.379],[67.685,24.379],[67.685,24.376]],[[67.661,24.369],[67.654,24.365],[67.661,24.365],[67.661,24.369]],[[67.762,24.365],[67.756,24.362],[67.762,24.362],[67.762,24.365]],[[67.732,24.359],[67.719,24.352],[67.722,24.345],[67.732,24.359]],[[67.708,24.342],[67.698,24.355],[67.698,24.342],[67.708,24.342]],[[67.681,24.342],[67.685,24.349],[67.675,24.349],[67.681,24.342]],[[67.658,24.335],[67.651,24.345],[67.651,24.338],[67.658,24.335]],[[67.675,24.325],[67.651,24.308],[67.681,24.278],[67.665,24.274],[67.678,24.247],[67.654,24.231],[67.688,24.247],[67.678,24.268],[67.712,24.261],[67.702,24.305],[67.735,24.315],[67.668,24.342],[67.675,24.325]],[[67.665,24.332],[67.668,24.335],[67.665,24.335],[67.665,24.332]],[[67.712,24.257],[67.708,24.254],[67.712,24.254],[67.712,24.257]],[[67.708,24.247],[67.695,24.247],[67.705,24.237],[67.708,24.247]],[[67.658,24.251],[67.661,24.254],[67.658,24.254],[67.658,24.251]],[[67.651,24.261],[67.654,24.264],[67.651,24.264],[67.651,24.261]],[[67.648,24.274],[67.658,24.284],[67.648,24.281],[67.648,24.274]],[[67.651,24.295],[67.648,24.301],[67.644,24.295],[67.651,24.295]],[[67.644,24.308],[67.648,24.311],[67.644,24.311],[67.644,24.308]],[[67.708,24.359],[67.712,24.352],[67.715,24.359],[67.708,24.359]],[[67.597,24.345],[67.6,24.349],[67.597,24.349],[67.597,24.345]],[[67.594,24.352],[67.597,24.355],[67.594,24.355],[67.594,24.352]],[[67.611,24.379],[67.604,24.382],[67.611,24.372],[67.611,24.379]],[[67.58,24.382],[67.584,24.386],[67.58,24.386],[67.58,24.382]],[[67.597,24.389],[67.6,24.396],[67.597,24.396],[67.597,24.389]],[[67.574,24.392],[67.577,24.396],[67.574,24.396],[67.574,24.392]],[[67.651,24.46],[67.654,24.467],[67.651,24.467],[67.651,24.46]],[[67.715,24.463],[67.712,24.46],[67.715,24.46],[67.715,24.463]],[[67.813,24.456],[67.81,24.453],[67.813,24.453],[67.813,24.456]],[[67.793,24.446],[67.789,24.44],[67.793,24.44],[67.793,24.446]],[[67.796,24.51],[67.793,24.507],[67.796,24.507],[67.796,24.51]],[[67.803,24.51],[67.799,24.507],[67.803,24.507],[67.803,24.51]],[[67.911,24.483],[67.901,24.463],[67.911,24.46],[67.914,24.463],[67.907,24.463],[67.911,24.483]],[[67.914,24.473],[67.911,24.47],[67.914,24.47],[67.914,24.473]],[[67.631,24.517],[67.634,24.52],[67.631,24.52],[67.631,24.517]],[[67.783,24.537],[67.786,24.541],[67.783,24.541],[67.783,24.537]],[[67.597,24.541],[67.6,24.547],[67.597,24.547],[67.597,24.541]],[[67.482,24.558],[67.469,24.561],[67.455,24.554],[67.472,24.544],[67.482,24.558]],[[67.577,24.558],[67.58,24.551],[67.584,24.558],[67.577,24.558]],[[67.526,24.554],[67.533,24.558],[67.526,24.558],[67.526,24.554]],[[67.509,24.551],[67.506,24.544],[67.509,24.544],[67.509,24.551]],[[67.523,24.561],[67.526,24.568],[67.523,24.568],[67.523,24.561]],[[67.482,24.578],[67.493,24.568],[67.499,24.578],[67.482,24.578]],[[67.563,24.578],[67.567,24.564],[67.567,24.578],[67.563,24.578]],[[67.509,24.578],[67.523,24.588],[67.526,24.601],[67.509,24.578]],[[67.506,24.598],[67.513,24.601],[67.513,24.605],[67.509,24.605],[67.506,24.598]],[[67.577,24.645],[67.58,24.649],[67.577,24.649],[67.577,24.645]],[[67.54,24.649],[67.536,24.655],[67.533,24.655],[67.54,24.649]],[[67.557,24.655],[67.56,24.652],[67.56,24.655],[67.557,24.655]],[[67.611,24.655],[67.607,24.652],[67.611,24.652],[67.611,24.655]],[[67.55,24.655],[67.553,24.659],[67.55,24.659],[67.55,24.655]],[[67.574,24.659],[67.584,24.662],[67.574,24.662],[67.574,24.659]],[[67.611,24.662],[67.614,24.665],[67.611,24.665],[67.611,24.662]],[[67.543,24.665],[67.547,24.669],[67.543,24.669],[67.543,24.665]],[[67.54,24.682],[67.523,24.686],[67.509,24.686],[67.52,24.669],[67.54,24.682]],[[67.57,24.689],[67.563,24.682],[67.57,24.679],[67.57,24.689]],[[67.654,24.682],[67.658,24.676],[67.661,24.686],[67.654,24.682]],[[67.668,24.686],[67.671,24.676],[67.675,24.686],[67.668,24.686]],[[67.56,24.672],[67.563,24.679],[67.56,24.679],[67.56,24.672]],[[67.759,24.672],[67.756,24.665],[67.759,24.665],[67.759,24.672]],[[67.705,24.662],[67.708,24.669],[67.705,24.669],[67.705,24.662]],[[67.661,24.662],[67.665,24.665],[67.661,24.665],[67.661,24.662]],[[67.654,24.662],[67.658,24.665],[67.654,24.665],[67.654,24.662]],[[67.58,24.665],[67.584,24.669],[67.58,24.669],[67.58,24.665]],[[67.685,24.662],[67.678,24.659],[67.685,24.659],[67.685,24.662]],[[67.607,24.669],[67.614,24.672],[67.607,24.672],[67.607,24.669]],[[67.55,24.672],[67.553,24.676],[67.55,24.676],[67.55,24.672]],[[67.638,24.672],[67.634,24.669],[67.638,24.669],[67.638,24.672]],[[67.543,24.679],[67.547,24.682],[67.543,24.682],[67.543,24.679]],[[67.813,24.652],[67.806,24.645],[67.81,24.645],[67.813,24.652]],[[67.681,24.645],[67.685,24.649],[67.681,24.649],[67.681,24.645]],[[67.769,24.645],[67.766,24.642],[67.769,24.642],[67.769,24.645]],[[67.745,24.642],[67.749,24.645],[67.745,24.645],[67.745,24.642]],[[67.772,24.649],[67.776,24.652],[67.772,24.652],[67.772,24.649]],[[67.816,24.639],[67.813,24.635],[67.816,24.635],[67.816,24.639]],[[67.745,24.639],[67.752,24.628],[67.762,24.632],[67.745,24.639]],[[67.739,24.635],[67.742,24.639],[67.739,24.639],[67.739,24.635]],[[67.793,24.635],[67.789,24.632],[67.793,24.632],[67.793,24.635]],[[67.813,24.632],[67.81,24.628],[67.813,24.628],[67.813,24.632]],[[67.806,24.625],[67.803,24.622],[67.806,24.622],[67.806,24.625]],[[67.769,24.622],[67.772,24.625],[67.769,24.625],[67.769,24.622]],[[67.796,24.618],[67.789,24.615],[67.786,24.618],[67.789,24.612],[67.793,24.612],[67.796,24.618]],[[67.803,24.615],[67.799,24.612],[67.803,24.612],[67.803,24.615]],[[67.826,24.605],[67.82,24.608],[67.82,24.598],[67.826,24.605]],[[67.833,24.608],[67.83,24.605],[67.833,24.605],[67.833,24.608]],[[67.742,24.605],[67.745,24.608],[67.742,24.608],[67.742,24.605]],[[67.803,24.608],[67.793,24.605],[67.803,24.605],[67.803,24.608]],[[67.766,24.615],[67.769,24.618],[67.766,24.618],[67.766,24.615]],[[67.816,24.598],[67.813,24.595],[67.816,24.595],[67.816,24.598]],[[67.84,24.595],[67.837,24.585],[67.843,24.585],[67.84,24.595]],[[67.756,24.585],[67.752,24.595],[67.749,24.585],[67.756,24.585]],[[67.769,24.595],[67.772,24.598],[67.769,24.598],[67.769,24.595]],[[67.732,24.581],[67.725,24.574],[67.742,24.581],[67.732,24.581]],[[67.847,24.578],[67.843,24.571],[67.85,24.571],[67.847,24.578]],[[67.783,24.571],[67.786,24.574],[67.783,24.574],[67.783,24.571]],[[67.742,24.571],[67.749,24.574],[67.742,24.574],[67.742,24.571]],[[67.654,24.595],[67.658,24.598],[67.654,24.598],[67.654,24.595]],[[67.732,24.696],[67.725,24.692],[67.732,24.692],[67.732,24.696]],[[67.688,24.692],[67.692,24.696],[67.688,24.696],[67.688,24.692]],[[67.57,24.703],[67.577,24.696],[67.577,24.703],[67.57,24.703]],[[67.584,24.699],[67.58,24.689],[67.587,24.689],[67.584,24.699]],[[67.597,24.692],[67.594,24.689],[67.597,24.689],[67.597,24.692]],[[67.536,24.692],[67.543,24.696],[67.536,24.696],[67.536,24.692]],[[67.55,24.699],[67.547,24.692],[67.55,24.692],[67.55,24.699]],[[67.557,24.696],[67.553,24.692],[67.557,24.692],[67.557,24.696]],[[67.772,24.709],[67.776,24.713],[67.772,24.713],[67.772,24.709]],[[67.58,24.703],[67.584,24.706],[67.58,24.706],[67.58,24.703]],[[67.513,24.709],[67.526,24.713],[67.513,24.716],[67.513,24.709]],[[67.722,24.723],[67.729,24.733],[67.722,24.73],[67.722,24.723]],[[67.712,24.726],[67.715,24.73],[67.712,24.73],[67.712,24.726]],[[67.752,24.733],[67.749,24.73],[67.752,24.73],[67.752,24.733]],[[67.779,24.77],[67.783,24.773],[67.779,24.773],[67.779,24.77]],[[67.816,24.814],[67.813,24.807],[67.82,24.807],[67.816,24.814]],[[67.86,24.814],[67.857,24.807],[67.864,24.807],[67.86,24.814]],[[67.887,24.797],[67.897,24.797],[67.887,24.807],[67.887,24.797]],[[67.948,24.797],[67.958,24.79],[67.955,24.797],[67.948,24.797]],[[67.823,24.797],[67.826,24.8],[67.823,24.8],[67.823,24.797]],[[67.88,24.8],[67.877,24.797],[67.88,24.797],[67.88,24.8]],[[67.833,24.8],[67.837,24.804],[67.833,24.804],[67.833,24.8]],[[67.921,24.79],[67.928,24.794],[67.921,24.794],[67.921,24.79]],[[67.948,24.79],[67.944,24.787],[67.948,24.787],[67.948,24.79]],[[67.971,24.787],[67.975,24.784],[67.975,24.787],[67.971,24.787]],[[67.928,24.78],[67.931,24.784],[67.928,24.784],[67.928,24.78]],[[67.921,24.78],[67.921,24.763],[67.928,24.767],[67.921,24.78]],[[67.982,24.78],[67.975,24.773],[67.982,24.773],[67.982,24.78]],[[67.998,24.77],[67.988,24.767],[67.998,24.767],[67.998,24.77]],[[67.931,24.757],[67.914,24.743],[67.931,24.733],[67.931,24.757]],[[67.968,24.75],[67.961,24.746],[67.968,24.746],[67.968,24.75]],[[67.961,24.73],[67.958,24.726],[67.961,24.726],[67.961,24.73]],[[67.941,24.716],[67.934,24.73],[67.931,24.716],[67.941,24.716]],[[67.914,24.716],[67.911,24.719],[67.911,24.716],[67.914,24.716]],[[67.907,24.716],[67.897,24.703],[67.904,24.703],[67.911,24.709],[67.907,24.716]],[[67.944,24.706],[67.941,24.703],[67.944,24.703],[67.944,24.706]],[[67.89,24.665],[67.887,24.662],[67.89,24.662],[67.89,24.665]],[[67.887,24.652],[67.877,24.649],[67.887,24.649],[67.887,24.652]],[[67.894,24.642],[67.874,24.625],[67.89,24.632],[67.894,24.642]],[[67.897,24.625],[67.904,24.618],[67.904,24.612],[67.911,24.625],[67.907,24.628],[67.897,24.625]],[[67.965,24.622],[67.958,24.618],[67.965,24.618],[67.965,24.622]],[[67.951,24.598],[67.944,24.625],[67.928,24.625],[67.907,24.578],[67.951,24.598]],[[67.941,24.585],[67.938,24.581],[67.941,24.581],[67.941,24.585]],[[67.894,24.595],[67.897,24.598],[67.894,24.598],[67.894,24.595]],[[67.89,24.605],[67.894,24.608],[67.89,24.608],[67.89,24.605]],[[67.884,24.612],[67.887,24.615],[67.884,24.615],[67.884,24.612]],[[67.901,24.615],[67.897,24.612],[67.901,24.612],[67.901,24.615]],[[67.958,24.612],[67.955,24.608],[67.958,24.608],[67.958,24.612]],[[67.904,24.574],[67.901,24.571],[67.904,24.571],[67.904,24.574]],[[67.87,24.733],[67.867,24.73],[67.87,24.73],[67.87,24.733]],[[67.955,24.662],[67.948,24.659],[67.955,24.659],[67.955,24.662]],[[67.958,24.635],[67.955,24.632],[67.958,24.632],[67.958,24.635]],[[67.965,24.827],[67.968,24.831],[67.965,24.831],[67.965,24.827]],[[67.53,24.736],[67.526,24.743],[67.52,24.743],[67.53,24.736]],[[67.472,24.736],[67.476,24.74],[67.472,24.74],[67.472,24.736]],[[67.503,24.746],[67.496,24.736],[67.506,24.736],[67.503,24.746]],[[67.482,24.743],[67.493,24.746],[67.489,24.753],[67.482,24.743]],[[67.513,24.746],[67.506,24.743],[67.513,24.743],[67.513,24.746]],[[67.472,24.767],[67.476,24.77],[67.472,24.77],[67.472,24.767]],[[67.412,24.561],[67.415,24.564],[67.412,24.564],[67.412,24.561]],[[67.412,24.568],[67.415,24.574],[67.412,24.574],[67.412,24.568]],[[67.607,24.227],[67.6,24.224],[67.607,24.224],[67.607,24.227]],[[67.607,24.183],[67.604,24.18],[67.607,24.18],[67.607,24.183]],[[67.584,24.177],[67.58,24.173],[67.584,24.173],[67.584,24.177]],[[67.668,24.177],[67.665,24.173],[67.668,24.173],[67.668,24.177]],[[67.651,24.173],[67.648,24.17],[67.651,24.17],[67.651,24.173]],[[67.648,24.106],[67.634,24.092],[67.644,24.092],[67.648,24.106]],[[67.611,24.092],[67.617,24.102],[67.611,24.102],[67.611,24.092]],[[67.621,24.106],[67.624,24.109],[67.621,24.109],[67.621,24.106]],[[67.651,24.086],[67.648,24.082],[67.651,24.082],[67.651,24.086]],[[67.557,24.082],[67.56,24.086],[67.557,24.086],[67.557,24.082]],[[67.547,24.086],[67.55,24.089],[67.547,24.089],[67.547,24.086]],[[67.894,24.46],[67.887,24.456],[67.894,24.456],[67.894,24.46]],[[67.911,24.456],[67.907,24.453],[67.911,24.453],[67.911,24.456]],[[67.85,24.376],[67.857,24.372],[67.85,24.382],[67.85,24.376]],[[67.816,24.092],[67.806,24.089],[67.816,24.089],[67.816,24.092]],[[67.803,24.089],[67.799,24.092],[67.799,24.089],[67.803,24.089]],[[67.715,24.089],[67.705,24.086],[67.705,24.082],[67.712,24.082],[67.715,24.089]],[[67.816,24.086],[67.813,24.082],[67.816,24.082],[67.816,24.086]],[[67.759,24.082],[67.766,24.086],[67.759,24.086],[67.759,24.082]],[[67.685,24.082],[67.688,24.086],[67.685,24.086],[67.685,24.082]],[[67.776,24.069],[67.759,24.079],[67.759,24.075],[67.776,24.069]],[[67.749,24.069],[67.752,24.072],[67.749,24.072],[67.749,24.069]],[[67.688,24.072],[67.692,24.075],[67.688,24.075],[67.688,24.072]],[[67.752,24.079],[67.756,24.075],[67.756,24.079],[67.752,24.079]],[[67.769,24.069],[67.766,24.065],[67.769,24.065],[67.769,24.069]],[[67.698,24.062],[67.695,24.059],[67.698,24.059],[67.698,24.062]],[[67.627,24.055],[67.631,24.059],[67.627,24.059],[67.627,24.055]],[[67.617,24.052],[67.621,24.059],[67.617,24.059],[67.617,24.052]],[[67.577,24.055],[67.59,24.062],[67.577,24.062],[67.577,24.055]],[[67.614,24.062],[67.611,24.059],[67.614,24.059],[67.614,24.062]],[[67.638,24.055],[67.634,24.052],[67.638,24.052],[67.638,24.055]],[[67.614,24.052],[67.611,24.048],[67.614,24.048],[67.614,24.052]],[[67.641,24.048],[67.638,24.045],[67.641,24.045],[67.641,24.048]],[[67.6,24.045],[67.597,24.042],[67.6,24.042],[67.6,24.045]],[[67.54,24.035],[67.533,24.028],[67.54,24.028],[67.54,24.035]],[[67.57,24.032],[67.567,24.028],[67.57,24.028],[67.57,24.032]],[[67.614,24.035],[67.611,24.032],[67.614,24.032],[67.614,24.035]],[[67.607,24.018],[67.611,24.001],[67.614,24.001],[67.614,24.015],[67.607,24.018]],[[67.604,24.001],[67.607,24.005],[67.604,24.005],[67.604,24.001]],[[67.695,24.035],[67.692,24.032],[67.695,24.032],[67.695,24.035]],[[67.688,24.021],[67.702,24.011],[67.698,24.025],[67.688,24.021]],[[67.712,24.021],[67.705,24.018],[67.712,24.018],[67.712,24.021]],[[67.715,24.005],[67.702,24.008],[67.702,24.005],[67.715,24.005]],[[67.698,24.001],[67.695,23.998],[67.698,23.998],[67.698,24.001]],[[67.783,24.052],[67.779,24.048],[67.783,24.048],[67.783,24.052]],[[67.82,24.025],[67.796,24.018],[67.816,24.011],[67.82,24.025]],[[67.732,24.011],[67.735,24.015],[67.732,24.015],[67.732,24.011]],[[67.752,24.018],[67.749,24.015],[67.752,24.015],[67.752,24.018]],[[67.789,24.001],[67.786,23.998],[67.789,23.998],[67.789,24.001]],[[67.833,23.991],[67.826,23.998],[67.83,23.991],[67.833,23.991]],[[67.772,23.988],[67.769,24.001],[67.759,23.994],[67.772,23.988]],[[67.783,24.001],[67.779,23.998],[67.783,23.998],[67.783,24.001]],[[67.762,23.988],[67.759,23.984],[67.762,23.984],[67.762,23.988]],[[67.813,23.984],[67.81,23.981],[67.813,23.981],[67.813,23.984]],[[67.833,23.981],[67.83,23.978],[67.833,23.978],[67.833,23.981]],[[67.82,23.978],[67.826,23.981],[67.82,23.981],[67.82,23.978]],[[67.752,23.984],[67.756,23.988],[67.752,23.988],[67.752,23.984]],[[67.772,23.961],[67.769,23.957],[67.772,23.957],[67.772,23.961]],[[67.823,23.934],[67.82,23.93],[67.823,23.93],[67.823,23.934]],[[67.826,23.917],[67.816,23.92],[67.816,23.917],[67.826,23.917]],[[67.968,24.086],[67.965,24.082],[67.968,24.082],[67.968,24.086]],[[67.971,24.065],[67.965,24.062],[67.965,24.059],[67.971,24.065]],[[67.975,24.052],[67.971,24.048],[67.975,24.048],[67.975,24.052]],[[67.992,24.048],[67.988,24.045],[67.992,24.045],[67.992,24.048]],[[68.366,24.059],[68.363,24.055],[68.366,24.055],[68.366,24.059]],[[68.464,24.045],[68.45,24.052],[68.45,24.045],[68.464,24.045]],[[68.477,24.038],[68.474,24.035],[68.477,24.035],[68.477,24.038]],[[68.464,24.015],[68.46,24.011],[68.464,24.011],[68.464,24.015]],[[68.43,24.008],[68.427,24.005],[68.43,24.005],[68.43,24.008]],[[68.588,24.065],[68.582,24.059],[68.588,24.059],[68.588,24.065]],[[68.609,24.052],[68.592,24.045],[68.592,24.038],[68.609,24.052]],[[68.612,24.038],[68.609,24.035],[68.612,24.035],[68.612,24.038]],[[68.602,24.035],[68.605,24.038],[68.602,24.038],[68.602,24.035]],[[68.562,24.015],[68.558,24.008],[68.562,24.008],[68.562,24.015]],[[68.558,24.001],[68.555,23.998],[68.558,23.998],[68.558,24.001]],[[68.551,23.991],[68.555,23.984],[68.555,23.991],[68.551,23.991]],[[68.72,24.065],[68.717,24.062],[68.72,24.062],[68.72,24.065]],[[68.636,24.345],[68.632,24.342],[68.636,24.342],[68.636,24.345]],[[69.074,24.298],[69.071,24.295],[69.074,24.295],[69.074,24.298]],[[69.081,24.295],[69.077,24.291],[69.081,24.291],[69.081,24.295]],[[69.155,24.291],[69.148,24.288],[69.155,24.284],[69.155,24.291]],[[68.959,24.278],[68.953,24.274],[68.959,24.271],[68.959,24.278]],[[69.189,24.281],[69.192,24.274],[69.195,24.274],[69.195,24.278],[69.189,24.281]],[[69.182,24.278],[69.168,24.271],[69.175,24.268],[69.182,24.278]],[[69.189,24.274],[69.185,24.271],[69.189,24.271],[69.189,24.274]],[[69.182,24.271],[69.179,24.268],[69.182,24.268],[69.182,24.271]],[[69.189,24.261],[69.182,24.247],[69.189,24.244],[69.189,24.261]],[[69.202,24.254],[69.199,24.251],[69.202,24.251],[69.202,24.254]],[[68.99,24.308],[68.993,24.311],[68.99,24.311],[68.99,24.308]],[[68.973,24.345],[68.976,24.349],[68.973,24.349],[68.973,24.345]],[[69.02,24.477],[69.017,24.473],[69.02,24.473],[69.02,24.477]],[[69.03,24.467],[69.027,24.463],[69.03,24.463],[69.03,24.467]],[[69.172,24.669],[69.168,24.665],[69.172,24.665],[69.172,24.669]],[[69.189,24.763],[69.182,24.76],[69.189,24.76],[69.189,24.763]],[[69.172,24.763],[69.175,24.767],[69.172,24.767],[69.172,24.763]],[[69.195,24.753],[69.192,24.75],[69.195,24.75],[69.195,24.753]],[[69.199,24.804],[69.206,24.807],[69.206,24.81],[69.202,24.81],[69.199,24.804]],[[69.125,24.912],[69.131,24.915],[69.125,24.915],[69.125,24.912]],[[69.061,24.915],[69.064,24.918],[69.061,24.918],[69.061,24.915]],[[69.01,24.952],[69.013,24.955],[69.01,24.955],[69.01,24.952]],[[68.976,24.972],[68.98,24.976],[68.976,24.976],[68.976,24.972]],[[68.966,24.989],[68.97,24.993],[68.966,24.993],[68.966,24.989]],[[68.912,24.979],[68.916,24.982],[68.912,24.982],[68.912,24.979]],[[68.723,25.043],[68.727,25.047],[68.723,25.047],[68.723,25.043]],[[68.747,25.05],[68.754,25.053],[68.747,25.053],[68.747,25.05]],[[68.717,25.053],[68.72,25.057],[68.717,25.057],[68.717,25.053]],[[68.703,25.057],[68.707,25.06],[68.703,25.06],[68.703,25.057]],[[68.801,25.057],[68.798,25.063],[68.794,25.063],[68.794,25.06],[68.801,25.057]],[[68.713,25.06],[68.717,25.063],[68.713,25.063],[68.713,25.06]],[[68.73,25.067],[68.737,25.06],[68.737,25.067],[68.73,25.067]],[[68.686,25.067],[68.69,25.07],[68.686,25.07],[68.686,25.067]],[[68.76,25.074],[68.771,25.063],[68.767,25.077],[68.76,25.074]],[[68.707,25.074],[68.713,25.077],[68.707,25.077],[68.707,25.074]],[[68.818,25.077],[68.811,25.074],[68.818,25.074],[68.818,25.077]],[[68.777,25.074],[68.774,25.063],[68.777,25.063],[68.777,25.074]],[[68.747,25.06],[68.754,25.067],[68.747,25.063],[68.747,25.06]],[[68.71,25.08],[68.723,25.097],[68.707,25.09],[68.713,25.104],[68.696,25.111],[68.696,25.09],[68.71,25.08]],[[68.777,25.08],[68.774,25.087],[68.774,25.094],[68.767,25.084],[68.777,25.08]],[[68.723,25.084],[68.727,25.09],[68.723,25.09],[68.723,25.084]],[[68.754,25.09],[68.757,25.094],[68.754,25.094],[68.754,25.09]],[[68.818,25.094],[68.814,25.09],[68.818,25.09],[68.818,25.094]],[[68.855,25.097],[68.841,25.09],[68.858,25.087],[68.855,25.097]],[[68.787,25.097],[68.791,25.104],[68.787,25.104],[68.787,25.097]],[[68.798,25.097],[68.804,25.107],[68.794,25.104],[68.798,25.097]],[[68.845,25.097],[68.841,25.114],[68.848,25.117],[68.845,25.097]],[[68.831,25.111],[68.835,25.114],[68.831,25.114],[68.831,25.111]],[[68.663,25.084],[68.666,25.1],[68.659,25.1],[68.663,25.084]],[[68.653,25.087],[68.656,25.09],[68.653,25.09],[68.653,25.087]],[[68.649,25.1],[68.656,25.104],[68.649,25.104],[68.649,25.1]],[[68.676,25.097],[68.673,25.087],[68.676,25.087],[68.676,25.097]],[[68.73,25.111],[68.737,25.1],[68.74,25.111],[68.73,25.111]],[[68.747,25.111],[68.744,25.107],[68.747,25.107],[68.747,25.111]],[[68.794,25.114],[68.798,25.117],[68.794,25.117],[68.794,25.114]],[[68.707,25.111],[68.713,25.114],[68.707,25.114],[68.707,25.111]],[[68.656,25.114],[68.666,25.117],[68.656,25.117],[68.656,25.114]],[[68.632,25.127],[68.636,25.131],[68.632,25.131],[68.632,25.127]],[[68.673,25.131],[68.676,25.134],[68.673,25.134],[68.673,25.131]],[[68.508,24.999],[68.511,25.003],[68.508,25.003],[68.508,24.999]],[[68.508,25.043],[68.504,25.036],[68.508,25.036],[68.508,25.043]],[[68.535,25.04],[68.528,25.033],[68.535,25.033],[68.535,25.04]],[[68.518,25.033],[68.521,25.04],[68.518,25.04],[68.518,25.033]],[[68.494,25.026],[68.491,25.023],[68.494,25.023],[68.494,25.026]],[[68.558,25.1],[68.562,25.104],[68.558,25.104],[68.558,25.1]],[[68.484,25.316],[68.487,25.32],[68.484,25.32],[68.484,25.316]]]}},{"type":"Feature","properties":{},"geometry":{"type":"Polygon","coordinates":[[[65.864,25.424],[65.975,25.428],[65.975,25.421],[65.864,25.424]]]}},{"type":"Feature","properties":{},"geometry":{"type":"Polygon","coordinates":[[[69.074,25.431],[69.091,25.434],[69.088,25.417],[69.104,25.431],[69.111,25.401],[69.067,25.407],[69.074,25.39],[69.067,25.37],[69.05,25.39],[69.061,25.424],[69.084,25.421],[69.074,25.431]]]}},{"type":"Feature","properties":{},"geometry":{"type":"Polygon","coordinates":[[[62.849,25.407],[62.819,25.411],[62.832,25.438],[62.886,25.451],[62.849,25.407]]]}},{"type":"Feature","properties":{},"geometry":{"type":"Polygon","coordinates":[[[67.88,25.465],[67.921,25.411],[67.944,25.414],[67.931,25.394],[67.843,25.417],[67.88,25.465]]]}},{"type":"Feature","properties":{},"geometry":{"type":"Polygon","coordinates":[[[69.074,25.431],[69.03,25.441],[69.02,25.465],[69.047,25.441],[69.067,25.465],[69.074,25.458],[69.074,25.431]],[[69.064,25.451],[69.071,25.455],[69.064,25.458],[69.064,25.451]]]}},{"type":"Feature","properties":{},"geometry":{"type":"Polygon","coordinates":[[[65.726,25.407],[65.749,25.397],[65.746,25.38],[65.695,25.38],[65.651,25.353],[65.587,25.36],[65.581,25.377],[65.594,25.458],[65.638,25.478],[65.719,25.448],[65.705,25.417],[65.712,25.421],[65.749,25.417],[65.726,25.407]],[[65.722,25.411],[65.716,25.417],[65.716,25.411],[65.722,25.411]]]}},{"type":"Feature","properties":{},"geometry":{"type":"Polygon","coordinates":[[[66.083,25.488],[66.14,25.458],[66.083,25.448],[66.08,25.468],[66.073,25.434],[66.053,25.438],[66.059,25.478],[66.083,25.488]],[[66.083,25.471],[66.08,25.478],[66.07,25.471],[66.083,25.471]]]}},{"type":"Feature","properties":{},"geometry":{"type":"Polygon","coordinates":[[[64.249,25.367],[64.212,25.417],[64.181,25.387],[64.137,25.384],[64.178,25.39],[64.178,25.417],[64.212,25.458],[64.127,25.468],[64.124,25.485],[64.077,25.458],[63.986,25.458],[64.003,25.431],[63.962,25.407],[63.986,25.394],[63.982,25.387],[63.932,25.397],[63.915,25.414],[63.935,25.417],[63.912,25.428],[63.962,25.448],[63.962,25.488],[64.077,25.468],[64.127,25.498],[64.161,25.471],[64.222,25.471],[64.215,25.444],[64.269,25.404],[64.249,25.397],[64.249,25.367]],[[64.245,25.401],[64.249,25.404],[64.245,25.404],[64.245,25.401]],[[64.228,25.424],[64.218,25.438],[64.212,25.434],[64.215,25.421],[64.228,25.424]],[[63.955,25.441],[63.942,25.434],[63.935,25.428],[63.955,25.434],[63.955,25.441]],[[63.928,25.424],[63.925,25.431],[63.925,25.424],[63.928,25.424]]]}},{"type":"Feature","properties":{},"geometry":{"type":"Polygon","coordinates":[[[69.735,25.522],[69.782,25.505],[69.775,25.478],[69.728,25.495],[69.735,25.522]],[[69.759,25.498],[69.755,25.495],[69.759,25.495],[69.759,25.498]]]}},{"type":"Feature","properties":{},"geometry":{"type":"Polygon","coordinates":[[[66.498,25.448],[66.447,25.441],[66.333,25.495],[66.275,25.488],[66.312,25.475],[66.215,25.461],[66.184,25.485],[66.231,25.495],[66.275,25.532],[66.349,25.542],[66.36,25.522],[66.4,25.519],[66.387,25.495],[66.427,25.482],[66.515,25.492],[66.498,25.448]],[[66.437,25.455],[66.457,25.461],[66.437,25.465],[66.437,25.455]],[[66.471,25.465],[66.478,25.468],[66.471,25.468],[66.471,25.465]],[[66.407,25.465],[66.41,25.471],[66.407,25.471],[66.407,25.465]],[[66.461,25.475],[66.457,25.468],[66.461,25.468],[66.461,25.475]],[[66.488,25.468],[66.484,25.465],[66.488,25.465],[66.488,25.468]],[[66.461,25.478],[66.467,25.482],[66.461,25.482],[66.461,25.478]],[[66.41,25.478],[66.414,25.482],[66.41,25.482],[66.41,25.478]],[[66.393,25.482],[66.4,25.485],[66.393,25.485],[66.393,25.482]],[[66.37,25.485],[66.376,25.492],[66.373,25.492],[66.37,25.485]],[[66.366,25.488],[66.349,25.502],[66.36,25.488],[66.366,25.488]],[[66.279,25.495],[66.272,25.498],[66.272,25.495],[66.279,25.495]],[[66.269,25.492],[66.262,25.498],[66.265,25.492],[66.269,25.492]],[[66.252,25.485],[66.245,25.492],[66.245,25.488],[66.252,25.485]],[[66.376,25.502],[66.38,25.508],[66.373,25.508],[66.376,25.502]],[[66.366,25.508],[66.36,25.519],[66.353,25.519],[66.366,25.508]],[[66.201,25.482],[66.198,25.478],[66.201,25.478],[66.201,25.482]]]}},{"type":"Feature","properties":{},"geometry":{"type":"Polygon","coordinates":[[[69.33,25.525],[69.307,25.522],[69.307,25.495],[69.32,25.495],[69.307,25.485],[69.293,25.515],[69.26,25.505],[69.27,25.444],[69.226,25.451],[69.236,25.482],[69.256,25.488],[69.236,25.515],[69.28,25.515],[69.283,25.535],[69.334,25.546],[69.33,25.525]],[[69.303,25.525],[69.3,25.522],[69.303,25.522],[69.303,25.525]],[[69.293,25.522],[69.29,25.519],[69.293,25.519],[69.293,25.522]],[[69.249,25.485],[69.256,25.478],[69.253,25.485],[69.249,25.485]]]}},{"type":"Feature","properties":{},"geometry":{"type":"Polygon","coordinates":[[[69.479,25.569],[69.482,25.556],[69.516,25.559],[69.523,25.532],[69.465,25.546],[69.479,25.569]]]}},{"type":"Feature","properties":{},"geometry":{"type":"Polygon","coordinates":[[[63.399,25.573],[63.409,25.549],[63.433,25.559],[63.419,25.529],[63.345,25.546],[63.385,25.573],[63.392,25.552],[63.399,25.573]]]}},{"type":"Feature","properties":{},"geometry":{"type":"Polygon","coordinates":[[[66.673,25.465],[66.653,25.475],[66.639,25.455],[66.623,25.468],[66.592,25.512],[66.565,25.613],[66.616,25.593],[66.636,25.549],[66.629,25.508],[66.666,25.488],[66.653,25.478],[66.673,25.465]],[[66.646,25.482],[66.653,25.485],[66.653,25.488],[66.65,25.488],[66.646,25.482]]]}},{"type":"Feature","properties":{},"geometry":{"type":"Polygon","coordinates":[[[69.506,25.482],[69.509,25.431],[69.526,25.431],[69.516,25.401],[69.533,25.404],[69.536,25.384],[69.553,25.431],[69.526,25.485],[69.546,25.468],[69.553,25.492],[69.56,25.468],[69.593,25.482],[69.587,25.465],[69.61,25.455],[69.61,25.485],[69.647,25.468],[69.644,25.488],[69.668,25.495],[69.664,25.438],[69.684,25.451],[69.668,25.468],[69.678,25.475],[69.701,25.458],[69.698,25.438],[69.738,25.441],[69.725,25.428],[69.738,25.421],[69.705,25.421],[69.705,25.401],[69.681,25.397],[69.701,25.421],[69.644,25.434],[69.664,25.458],[69.641,25.465],[69.624,25.451],[69.634,25.394],[69.614,25.397],[69.62,25.401],[69.614,25.421],[69.6,25.404],[69.614,25.38],[69.597,25.377],[69.56,25.428],[69.56,25.363],[69.587,25.363],[69.573,25.33],[69.539,25.337],[69.543,25.374],[69.519,25.357],[69.516,25.397],[69.479,25.38],[69.445,25.316],[69.472,25.323],[69.475,25.343],[69.519,25.34],[69.496,25.313],[69.502,25.289],[69.546,25.286],[69.523,25.283],[69.539,25.249],[69.519,25.239],[69.509,25.286],[69.496,25.266],[69.452,25.293],[69.418,25.283],[69.448,25.259],[69.435,25.245],[69.458,25.245],[69.485,25.225],[69.475,25.202],[69.499,25.208],[69.448,25.144],[69.492,25.175],[69.462,25.138],[69.492,25.127],[69.482,25.111],[69.499,25.097],[69.469,25.097],[69.452,25.074],[69.458,25.087],[69.445,25.08],[69.411,25.124],[69.442,25.06],[69.438,25.036],[69.418,25.036],[69.415,25.09],[69.394,25.09],[69.411,25.1],[69.388,25.107],[69.391,25.067],[69.374,25.06],[69.391,25.013],[69.367,25.003],[69.361,25.023],[69.364,24.986],[69.344,24.972],[69.384,24.979],[69.391,24.999],[69.405,24.979],[69.367,24.969],[69.394,24.959],[69.354,24.969],[69.347,24.918],[69.337,24.945],[69.351,24.962],[69.32,24.986],[69.337,24.999],[69.313,24.989],[69.317,25.003],[69.3,25.003],[69.313,24.972],[69.26,24.969],[69.229,24.996],[69.256,25.02],[69.222,25.03],[69.233,25.009],[69.179,24.993],[69.192,25.003],[69.182,25.026],[69.216,25.026],[69.199,25.06],[69.229,25.053],[69.236,25.074],[69.209,25.08],[69.202,25.063],[69.175,25.067],[69.175,25.05],[69.152,25.053],[69.182,25.077],[69.182,25.087],[69.172,25.074],[69.152,25.08],[69.179,25.117],[69.162,25.107],[69.165,25.127],[69.145,25.117],[69.145,25.131],[69.168,25.148],[69.189,25.121],[69.179,25.097],[69.199,25.09],[69.206,25.141],[69.229,25.121],[69.243,25.151],[69.263,25.148],[69.233,25.158],[69.222,25.212],[69.293,25.171],[69.307,25.198],[69.317,25.171],[69.327,25.188],[69.347,25.181],[69.354,25.158],[69.351,25.168],[69.3,25.161],[69.33,25.151],[69.317,25.148],[69.317,25.131],[69.327,25.141],[69.347,25.131],[69.371,25.161],[69.357,25.198],[69.405,25.212],[69.394,25.232],[69.428,25.242],[69.435,25.256],[69.394,25.242],[69.391,25.283],[69.415,25.276],[69.418,25.293],[69.384,25.286],[69.384,25.306],[69.357,25.293],[69.374,25.306],[69.357,25.306],[69.307,25.35],[69.33,25.37],[69.357,25.363],[69.351,25.377],[69.367,25.39],[69.364,25.347],[69.405,25.36],[69.408,25.337],[69.431,25.326],[69.421,25.34],[69.435,25.35],[69.445,25.33],[69.425,25.38],[69.411,25.377],[69.415,25.414],[69.394,25.401],[69.405,25.38],[69.367,25.407],[69.378,25.434],[69.391,25.421],[69.398,25.458],[69.371,25.468],[69.347,25.404],[69.31,25.407],[69.313,25.384],[69.27,25.387],[69.28,25.417],[69.3,25.401],[69.3,25.414],[69.347,25.421],[69.337,25.468],[69.334,25.465],[69.317,25.468],[69.354,25.471],[69.357,25.508],[69.327,25.498],[69.33,25.525],[69.357,25.522],[69.371,25.552],[69.384,25.542],[69.361,25.515],[69.371,25.522],[69.411,25.525],[69.394,25.562],[69.415,25.573],[69.408,25.546],[69.428,25.549],[69.425,25.573],[69.448,25.583],[69.425,25.589],[69.445,25.613],[69.472,25.583],[69.469,25.556],[69.445,25.552],[69.465,25.542],[69.452,25.505],[69.482,25.508],[69.492,25.485],[69.523,25.508],[69.526,25.488],[69.506,25.482]],[[69.465,25.478],[69.458,25.485],[69.458,25.482],[69.465,25.478]],[[69.405,25.471],[69.391,25.485],[69.398,25.471],[69.405,25.471]],[[69.425,25.498],[69.438,25.498],[69.425,25.508],[69.425,25.498]],[[69.371,25.505],[69.394,25.508],[69.378,25.519],[69.371,25.505]],[[69.367,25.505],[69.364,25.512],[69.361,25.512],[69.361,25.508],[69.367,25.505]],[[69.435,25.488],[69.425,25.475],[69.435,25.471],[69.435,25.488]],[[69.458,25.475],[69.455,25.471],[69.458,25.471],[69.458,25.475]],[[69.418,25.478],[69.421,25.482],[69.418,25.482],[69.418,25.478]],[[69.425,25.471],[69.421,25.468],[69.425,25.468],[69.425,25.471]],[[69.378,25.485],[69.381,25.482],[69.388,25.485],[69.378,25.485]],[[69.371,25.478],[69.374,25.482],[69.371,25.482],[69.371,25.478]],[[69.438,25.539],[69.445,25.542],[69.438,25.542],[69.438,25.539]],[[69.448,25.573],[69.455,25.576],[69.448,25.576],[69.448,25.573]],[[69.506,25.438],[69.502,25.434],[69.506,25.434],[69.506,25.438]],[[69.448,25.434],[69.462,25.407],[69.479,25.431],[69.458,25.417],[69.448,25.434]],[[69.479,25.417],[69.485,25.404],[69.489,25.404],[69.492,25.417],[69.479,25.417]],[[69.499,25.404],[69.492,25.397],[69.502,25.397],[69.499,25.404]],[[69.448,25.397],[69.455,25.404],[69.448,25.404],[69.448,25.397]],[[69.479,25.39],[69.472,25.387],[69.479,25.387],[69.479,25.39]],[[69.391,25.32],[69.401,25.343],[69.391,25.343],[69.391,25.32]],[[69.364,25.313],[69.357,25.32],[69.361,25.313],[69.364,25.313]],[[69.411,25.306],[69.425,25.299],[69.411,25.316],[69.411,25.306]],[[69.398,25.303],[69.394,25.316],[69.391,25.303],[69.398,25.303]],[[69.479,25.313],[69.472,25.31],[69.479,25.31],[69.479,25.313]],[[69.492,25.313],[69.489,25.31],[69.492,25.31],[69.492,25.313]],[[69.472,25.303],[69.448,25.303],[69.475,25.293],[69.472,25.303]],[[69.428,25.306],[69.438,25.31],[69.428,25.31],[69.428,25.306]],[[69.354,25.33],[69.357,25.333],[69.354,25.333],[69.354,25.33]],[[69.371,25.34],[69.384,25.333],[69.381,25.343],[69.371,25.34]],[[69.344,25.36],[69.347,25.363],[69.344,25.363],[69.344,25.36]],[[69.398,25.269],[69.401,25.262],[69.405,25.269],[69.398,25.269]],[[69.445,25.242],[69.448,25.215],[69.465,25.212],[69.445,25.242]],[[69.469,25.225],[69.465,25.222],[69.469,25.222],[69.469,25.225]],[[69.435,25.212],[69.431,25.235],[69.418,25.235],[69.418,25.212],[69.435,25.212]],[[69.462,25.208],[69.458,25.205],[69.462,25.205],[69.462,25.208]],[[69.394,25.208],[69.401,25.198],[69.405,25.208],[69.394,25.208]],[[69.452,25.205],[69.448,25.202],[69.452,25.202],[69.452,25.205]],[[69.384,25.198],[69.391,25.165],[69.408,25.165],[69.394,25.171],[69.408,25.188],[69.384,25.198]],[[69.405,25.195],[69.401,25.192],[69.405,25.192],[69.405,25.195]],[[69.415,25.188],[69.411,25.185],[69.415,25.185],[69.415,25.188]],[[69.465,25.178],[69.462,25.175],[69.465,25.175],[69.465,25.178]],[[69.415,25.168],[69.411,25.165],[69.415,25.165],[69.415,25.168]],[[69.445,25.158],[69.425,25.158],[69.411,25.154],[69.445,25.158]],[[69.442,25.154],[69.418,25.131],[69.435,25.124],[69.442,25.154]],[[69.394,25.138],[69.408,25.134],[69.415,25.148],[69.408,25.151],[69.394,25.138]],[[69.384,25.134],[69.378,25.148],[69.378,25.134],[69.384,25.134]],[[69.361,25.141],[69.364,25.148],[69.361,25.148],[69.361,25.141]],[[69.388,25.158],[69.394,25.144],[69.394,25.158],[69.388,25.158]],[[69.421,25.141],[69.418,25.138],[69.421,25.138],[69.421,25.141]],[[69.415,25.134],[69.411,25.127],[69.415,25.127],[69.415,25.134]],[[69.405,25.127],[69.408,25.131],[69.405,25.131],[69.405,25.127]],[[69.344,25.127],[69.337,25.111],[69.344,25.111],[69.344,25.127]],[[69.303,25.127],[69.307,25.131],[69.303,25.131],[69.303,25.127]],[[69.405,25.121],[69.388,25.117],[69.405,25.114],[69.405,25.121]],[[69.458,25.127],[69.438,25.121],[69.438,25.1],[69.458,25.114],[69.458,25.127]],[[69.472,25.117],[69.479,25.111],[69.475,25.117],[69.472,25.117]],[[69.465,25.107],[69.462,25.114],[69.458,25.107],[69.465,25.107]],[[69.465,25.104],[69.455,25.094],[69.462,25.094],[69.465,25.104]],[[69.361,25.117],[69.351,25.124],[69.351,25.117],[69.361,25.117]],[[69.334,25.097],[69.361,25.074],[69.357,25.1],[69.317,25.114],[69.33,25.077],[69.334,25.097]],[[69.324,25.077],[69.327,25.084],[69.324,25.084],[69.324,25.077]],[[69.249,25.087],[69.27,25.094],[69.249,25.1],[69.249,25.087]],[[69.206,25.087],[69.209,25.09],[69.206,25.09],[69.206,25.087]],[[69.236,25.087],[69.233,25.094],[69.229,25.094],[69.229,25.09],[69.236,25.087]],[[69.216,25.09],[69.212,25.097],[69.209,25.097],[69.216,25.09]],[[69.226,25.1],[69.233,25.104],[69.226,25.104],[69.226,25.1]],[[69.27,25.1],[69.266,25.097],[69.27,25.097],[69.27,25.1]],[[69.313,25.097],[69.31,25.094],[69.313,25.094],[69.313,25.097]],[[69.293,25.09],[69.297,25.097],[69.293,25.097],[69.293,25.09]],[[69.31,25.087],[69.307,25.084],[69.31,25.084],[69.31,25.087]],[[69.236,25.104],[69.239,25.107],[69.236,25.107],[69.236,25.104]],[[69.202,25.114],[69.212,25.111],[69.212,25.117],[69.202,25.114]],[[69.246,25.117],[69.239,25.114],[69.246,25.114],[69.246,25.117]],[[69.256,25.117],[69.253,25.114],[69.256,25.114],[69.256,25.117]],[[69.273,25.117],[69.28,25.121],[69.273,25.124],[69.273,25.117]],[[69.273,25.111],[69.27,25.107],[69.273,25.107],[69.273,25.111]],[[69.246,25.107],[69.253,25.111],[69.246,25.111],[69.246,25.107]],[[69.266,25.107],[69.263,25.104],[69.266,25.104],[69.266,25.107]],[[69.357,25.107],[69.354,25.104],[69.357,25.104],[69.357,25.107]],[[69.367,25.077],[69.374,25.074],[69.374,25.08],[69.367,25.077]],[[69.324,25.053],[69.327,25.074],[69.32,25.074],[69.324,25.053]],[[69.313,25.074],[69.317,25.077],[69.313,25.077],[69.313,25.074]],[[69.297,25.077],[69.293,25.063],[69.297,25.053],[69.303,25.057],[69.303,25.07],[69.297,25.077]],[[69.26,25.063],[69.253,25.074],[69.249,25.06],[69.26,25.063]],[[69.313,25.07],[69.31,25.067],[69.313,25.067],[69.313,25.07]],[[69.354,25.053],[69.337,25.047],[69.34,25.023],[69.374,25.047],[69.367,25.067],[69.34,25.063],[69.354,25.053]],[[69.327,25.02],[69.337,25.026],[69.327,25.03],[69.327,25.02]],[[69.317,25.026],[69.303,25.02],[69.3,25.006],[69.317,25.006],[69.317,25.026]],[[69.34,25.009],[69.337,25.003],[69.34,25.003],[69.34,25.009]],[[69.28,25.003],[69.283,25.006],[69.28,25.006],[69.28,25.003]],[[69.256,25.006],[69.263,25.013],[69.256,25.013],[69.256,25.006]],[[69.273,25.02],[69.276,25.023],[69.273,25.023],[69.273,25.02]],[[69.26,25.03],[69.263,25.036],[69.256,25.03],[69.26,25.03]],[[69.33,25.04],[69.317,25.033],[69.33,25.033],[69.33,25.04]],[[69.219,25.04],[69.226,25.043],[69.219,25.043],[69.219,25.04]],[[69.313,25.043],[69.317,25.047],[69.313,25.047],[69.313,25.043]],[[69.286,25.053],[69.29,25.057],[69.286,25.057],[69.286,25.053]],[[69.29,25.124],[69.293,25.127],[69.29,25.127],[69.29,25.124]],[[69.455,25.134],[69.452,25.131],[69.455,25.131],[69.455,25.134]],[[69.465,25.131],[69.462,25.127],[69.465,25.127],[69.465,25.131]],[[69.418,25.161],[69.421,25.165],[69.418,25.165],[69.418,25.161]],[[69.3,25.138],[69.313,25.148],[69.297,25.148],[69.3,25.138]],[[69.283,25.154],[69.286,25.161],[69.283,25.161],[69.283,25.154]],[[69.286,25.165],[69.29,25.171],[69.283,25.171],[69.286,25.165]],[[69.324,25.171],[69.327,25.175],[69.324,25.175],[69.324,25.171]],[[69.34,25.175],[69.344,25.178],[69.34,25.178],[69.34,25.175]],[[69.303,25.175],[69.307,25.178],[69.303,25.178],[69.303,25.175]],[[69.303,25.181],[69.307,25.185],[69.303,25.185],[69.303,25.181]],[[69.303,25.188],[69.307,25.192],[69.303,25.192],[69.303,25.188]],[[69.233,25.178],[69.236,25.181],[69.233,25.181],[69.233,25.178]],[[69.168,25.087],[69.162,25.084],[69.168,25.084],[69.168,25.087]],[[69.202,25.016],[69.212,25.009],[69.209,25.016],[69.202,25.016]],[[69.283,24.996],[69.27,24.986],[69.283,24.986],[69.283,24.996]],[[69.276,24.982],[69.273,24.979],[69.276,24.979],[69.276,24.982]],[[69.276,24.976],[69.273,24.972],[69.276,24.972],[69.276,24.976]],[[69.428,25.06],[69.431,25.053],[69.435,25.053],[69.435,25.057],[69.428,25.06]],[[69.492,25.283],[69.485,25.279],[69.492,25.279],[69.492,25.283]],[[69.529,25.384],[69.526,25.374],[69.536,25.374],[69.529,25.384]],[[69.533,25.37],[69.529,25.367],[69.533,25.367],[69.533,25.37]],[[69.563,25.343],[69.566,25.337],[69.57,25.343],[69.563,25.343]],[[69.58,25.417],[69.576,25.414],[69.58,25.414],[69.58,25.417]],[[69.597,25.404],[69.593,25.401],[69.597,25.401],[69.597,25.404]],[[69.607,25.384],[69.6,25.38],[69.607,25.38],[69.607,25.384]],[[69.627,25.407],[69.624,25.404],[69.627,25.404],[69.627,25.407]],[[69.603,25.431],[69.607,25.434],[69.603,25.434],[69.603,25.431]],[[69.61,25.434],[69.62,25.431],[69.61,25.441],[69.61,25.434]],[[69.62,25.465],[69.617,25.471],[69.614,25.471],[69.62,25.465]],[[69.637,25.468],[69.63,25.465],[69.637,25.465],[69.637,25.468]],[[69.657,25.444],[69.654,25.441],[69.657,25.441],[69.657,25.444]],[[69.657,25.482],[69.661,25.485],[69.657,25.485],[69.657,25.482]],[[69.539,25.458],[69.546,25.461],[69.539,25.461],[69.539,25.458]],[[69.55,25.465],[69.553,25.458],[69.553,25.465],[69.55,25.465]]]}},{"type":"Feature","properties":{},"geometry":{"type":"Polygon","coordinates":[[[68.049,25.62],[68.073,25.576],[68.035,25.562],[68.022,25.593],[68.049,25.62]]]}},{"type":"Feature","properties":{},"geometry":{"type":"Polygon","coordinates":[[[68.562,25.65],[68.514,25.66],[68.514,25.68],[68.562,25.691],[68.562,25.65]],[[68.538,25.67],[68.551,25.684],[68.538,25.677],[68.538,25.67]],[[68.558,25.674],[68.555,25.67],[68.558,25.67],[68.558,25.674]]]}},{"type":"Feature","properties":{},"geometry":{"type":"Polygon","coordinates":[[[68.632,25.664],[68.605,25.674],[68.588,25.65],[68.578,25.657],[68.575,25.691],[68.612,25.694],[68.602,25.687],[68.612,25.677],[68.619,25.697],[68.632,25.664]],[[68.595,25.667],[68.592,25.664],[68.595,25.664],[68.595,25.667]],[[68.588,25.664],[68.582,25.66],[68.588,25.66],[68.588,25.664]]]}},{"type":"Feature","properties":{},"geometry":{"type":"Polygon","coordinates":[[[68.838,25.728],[68.841,25.707],[68.865,25.724],[68.865,25.704],[68.878,25.714],[68.902,25.697],[68.885,25.64],[68.848,25.66],[68.855,25.677],[68.821,25.687],[68.818,25.674],[68.794,25.694],[68.808,25.701],[68.794,25.721],[68.838,25.728]],[[68.828,25.711],[68.825,25.707],[68.828,25.707],[68.828,25.711]],[[68.828,25.704],[68.825,25.701],[68.828,25.701],[68.828,25.704]],[[68.868,25.694],[68.865,25.691],[68.868,25.691],[68.868,25.694]],[[68.892,25.687],[68.889,25.684],[68.892,25.684],[68.892,25.687]],[[68.878,25.68],[68.885,25.677],[68.878,25.684],[68.878,25.68]]]}},{"type":"Feature","properties":{},"geometry":{"type":"Polygon","coordinates":[[[69.192,25.718],[69.249,25.734],[69.246,25.714],[69.27,25.721],[69.27,25.704],[69.246,25.687],[69.226,25.694],[69.229,25.721],[69.222,25.707],[69.192,25.718]],[[69.236,25.728],[69.233,25.724],[69.236,25.724],[69.236,25.728]],[[69.263,25.711],[69.26,25.707],[69.263,25.707],[69.263,25.711]],[[69.249,25.704],[69.253,25.697],[69.256,25.707],[69.249,25.704]]]}},{"type":"Feature","properties":{},"geometry":{"type":"Polygon","coordinates":[[[68.943,25.64],[68.919,25.721],[68.899,25.741],[68.932,25.714],[68.97,25.721],[68.959,25.694],[68.943,25.697],[68.943,25.64]]]}},{"type":"Feature","properties":{},"geometry":{"type":"Polygon","coordinates":[[[68.588,25.741],[68.632,25.758],[68.605,25.711],[68.541,25.718],[68.568,25.751],[68.582,25.741],[68.558,25.734],[68.558,25.724],[68.578,25.718],[68.588,25.741]],[[68.605,25.728],[68.599,25.724],[68.599,25.721],[68.605,25.728]]]}},{"type":"Feature","properties":{},"geometry":{"type":"Polygon","coordinates":[[[66.434,25.775],[66.43,25.751],[66.417,25.751],[66.427,25.734],[66.403,25.721],[66.397,25.755],[66.434,25.775]],[[66.43,25.768],[66.427,25.765],[66.43,25.765],[66.43,25.768]],[[66.414,25.758],[66.41,25.755],[66.414,25.755],[66.414,25.758]]]}},{"type":"Feature","properties":{},"geometry":{"type":"Polygon","coordinates":[[[69.357,25.768],[69.334,25.745],[69.337,25.701],[69.32,25.694],[69.273,25.741],[69.239,25.748],[69.246,25.775],[69.27,25.768],[69.273,25.782],[69.31,25.748],[69.34,25.755],[69.3,25.775],[69.3,25.805],[69.357,25.785],[69.357,25.768]],[[69.32,25.707],[69.334,25.707],[69.324,25.721],[69.32,25.707]]]}},{"type":"Feature","properties":{},"geometry":{"type":"Polygon","coordinates":[[[68.551,25.809],[68.585,25.795],[68.588,25.765],[68.568,25.792],[68.551,25.775],[68.548,25.802],[68.528,25.782],[68.511,25.795],[68.551,25.809]]]}},{"type":"Feature","properties":{},"geometry":{"type":"Polygon","coordinates":[[[68.885,25.832],[68.909,25.815],[68.905,25.798],[68.814,25.832],[68.852,25.842],[68.852,25.825],[68.885,25.832]]]}},{"type":"Feature","properties":{},"geometry":{"type":"Polygon","coordinates":[[[69.34,25.839],[69.367,25.815],[69.361,25.829],[69.381,25.849],[69.378,25.812],[69.33,25.812],[69.324,25.832],[69.34,25.839]]]}},{"type":"Feature","properties":{},"geometry":{"type":"Polygon","coordinates":[[[69.212,25.846],[69.192,25.802],[69.162,25.812],[69.195,25.822],[69.189,25.852],[69.212,25.846]]]}},{"type":"Feature","properties":{},"geometry":{"type":"Polygon","coordinates":[[[68.626,25.836],[68.629,25.815],[68.585,25.795],[68.599,25.819],[68.572,25.815],[68.575,25.842],[68.535,25.852],[68.585,25.863],[68.602,25.829],[68.626,25.836]]]}},{"type":"Feature","properties":{},"geometry":{"type":"Polygon","coordinates":[[[68.656,25.846],[68.639,25.825],[68.663,25.839],[68.669,25.829],[68.639,25.819],[68.619,25.859],[68.642,25.869],[68.632,25.839],[68.639,25.846],[68.656,25.846]]]}},{"type":"Feature","properties":{},"geometry":{"type":"Polygon","coordinates":[[[68.69,25.876],[68.717,25.782],[68.666,25.819],[68.68,25.839],[68.693,25.832],[68.69,25.876]]]}},{"type":"Feature","properties":{},"geometry":{"type":"Polygon","coordinates":[[[69.253,25.876],[69.276,25.785],[69.185,25.772],[69.185,25.802],[69.226,25.812],[69.212,25.846],[69.256,25.846],[69.233,25.856],[69.253,25.876]],[[69.256,25.805],[69.263,25.798],[69.266,25.805],[69.256,25.805]],[[69.209,25.798],[69.206,25.795],[69.209,25.795],[69.209,25.798]],[[69.209,25.792],[69.206,25.788],[69.209,25.788],[69.209,25.792]]]}},{"type":"Feature","properties":{},"geometry":{"type":"Polygon","coordinates":[[[69.0,25.852],[69.04,25.852],[69.061,25.802],[69.017,25.765],[68.99,25.805],[69.0,25.825],[68.97,25.815],[68.946,25.846],[68.919,25.846],[68.939,25.876],[68.956,25.873],[68.953,25.852],[68.963,25.842],[68.97,25.879],[69.01,25.869],[69.0,25.852]],[[69.013,25.842],[69.02,25.836],[69.027,25.836],[69.027,25.839],[69.013,25.842]],[[69.037,25.839],[69.03,25.832],[69.037,25.832],[69.037,25.839]],[[69.01,25.832],[69.013,25.836],[69.01,25.836],[69.01,25.832]],[[69.023,25.788],[69.03,25.812],[69.01,25.825],[69.007,25.795],[69.023,25.788]],[[69.0,25.809],[69.007,25.812],[69.007,25.819],[69.0,25.809]]]}},{"type":"Feature","properties":{},"geometry":{"type":"Polygon","coordinates":[[[68.73,25.906],[68.784,25.869],[68.781,25.852],[68.717,25.879],[68.747,25.883],[68.707,25.896],[68.73,25.906]]]}},{"type":"Feature","properties":{},"geometry":{"type":"Polygon","coordinates":[[[69.263,25.883],[69.219,25.89],[69.226,25.91],[69.239,25.9],[69.243,25.92],[69.27,25.917],[69.263,25.883]]]}},{"type":"Feature","properties":{},"geometry":{"type":"Polygon","coordinates":[[[69.145,25.927],[69.158,25.917],[69.141,25.89],[69.172,25.91],[69.175,25.876],[69.165,25.866],[69.165,25.879],[69.148,25.886],[69.145,25.859],[69.118,25.873],[69.111,25.849],[69.138,25.856],[69.152,25.836],[69.118,25.822],[69.101,25.822],[69.098,25.869],[69.071,25.846],[69.044,25.873],[69.074,25.866],[69.077,25.879],[69.027,25.876],[69.027,25.906],[68.99,25.883],[68.97,25.91],[68.983,25.933],[69.007,25.927],[69.003,25.91],[69.037,25.93],[69.03,25.9],[69.054,25.89],[69.044,25.906],[69.05,25.917],[69.067,25.893],[69.05,25.947],[69.104,25.943],[69.104,25.923],[69.141,25.906],[69.145,25.927]],[[69.077,25.917],[69.067,25.92],[69.067,25.917],[69.077,25.917]],[[69.138,25.896],[69.135,25.89],[69.138,25.89],[69.138,25.896]],[[69.128,25.879],[69.111,25.896],[69.111,25.876],[69.128,25.879]],[[69.138,25.886],[69.135,25.883],[69.138,25.883],[69.138,25.886]],[[69.145,25.879],[69.138,25.876],[69.145,25.876],[69.145,25.879]],[[69.094,25.876],[69.088,25.883],[69.088,25.876],[69.094,25.876]],[[69.118,25.842],[69.115,25.839],[69.118,25.839],[69.118,25.842]],[[69.131,25.836],[69.121,25.832],[69.131,25.832],[69.131,25.836]]]}},{"type":"Feature","properties":{},"geometry":{"type":"Polygon","coordinates":[[[68.909,25.933],[68.889,25.95],[68.939,25.954],[68.932,25.93],[68.946,25.94],[68.966,25.917],[68.895,25.923],[68.909,25.933]]]}},{"type":"Feature","properties":{},"geometry":{"type":"Polygon","coordinates":[[[66.494,25.927],[66.505,25.839],[66.488,25.809],[66.454,25.809],[66.444,25.825],[66.441,25.775],[66.397,25.782],[66.42,25.815],[66.397,25.825],[66.397,25.849],[66.414,25.846],[66.403,25.832],[66.41,25.829],[66.444,25.863],[66.441,25.95],[66.488,25.964],[66.494,25.943],[66.474,25.937],[66.474,25.93],[66.494,25.927]],[[66.484,25.92],[66.481,25.917],[66.484,25.917],[66.484,25.92]],[[66.451,25.866],[66.447,25.863],[66.451,25.863],[66.451,25.866]],[[66.484,25.839],[66.478,25.836],[66.484,25.836],[66.484,25.839]],[[66.427,25.822],[66.424,25.819],[66.427,25.819],[66.427,25.822]],[[66.41,25.795],[66.407,25.792],[66.41,25.792],[66.41,25.795]]]}},{"type":"Feature","properties":{},"geometry":{"type":"Polygon","coordinates":[[[68.501,25.994],[68.531,25.974],[68.524,25.957],[68.481,25.981],[68.501,25.994]]]}},{"type":"Feature","properties":{},"geometry":{"type":"Polygon","coordinates":[[[68.653,26.004],[68.7,25.937],[68.642,25.964],[68.653,25.981],[68.622,26.001],[68.646,26.014],[68.626,26.028],[68.663,26.024],[68.653,26.004]]]}},{"type":"Feature","properties":{},"geometry":{"type":"Polygon","coordinates":[[[62.779,26.014],[62.735,26.011],[62.708,25.93],[62.691,25.937],[62.704,25.954],[62.691,25.97],[62.725,25.981],[62.681,26.011],[62.708,26.018],[62.694,26.041],[62.758,26.048],[62.789,26.031],[62.779,26.014]],[[62.748,26.014],[62.745,26.021],[62.745,26.014],[62.748,26.014]],[[62.714,26.024],[62.725,26.035],[62.711,26.035],[62.714,26.024]]]}},{"type":"Feature","properties":{},"geometry":{"type":"Polygon","coordinates":[[[68.848,25.97],[68.811,26.018],[68.777,26.008],[68.754,26.048],[68.808,26.038],[68.811,26.021],[68.838,26.055],[68.862,26.008],[68.909,26.014],[68.878,25.991],[68.852,25.997],[68.848,25.97]],[[68.855,26.011],[68.848,26.018],[68.845,26.011],[68.855,26.011]]]}},{"type":"Feature","properties":{},"geometry":{"type":"Polygon","coordinates":[[[68.288,26.051],[68.325,26.004],[68.319,25.977],[68.363,25.967],[68.356,25.94],[68.339,25.95],[68.352,25.94],[68.342,25.856],[68.366,25.842],[68.379,25.856],[68.403,25.825],[68.403,25.798],[68.363,25.761],[68.406,25.755],[68.413,25.785],[68.437,25.785],[68.417,25.745],[68.481,25.748],[68.508,25.707],[68.487,25.674],[68.504,25.66],[68.491,25.627],[68.457,25.633],[68.43,25.616],[68.43,25.512],[68.39,25.488],[68.396,25.465],[68.386,25.465],[68.396,25.461],[68.41,25.471],[68.427,25.455],[68.4,25.431],[68.383,25.458],[68.349,25.458],[68.352,25.451],[68.349,25.444],[68.322,25.461],[68.309,25.431],[68.278,25.465],[68.275,25.498],[68.302,25.535],[68.336,25.522],[68.352,25.539],[68.356,25.62],[68.302,25.637],[68.315,25.653],[68.298,25.664],[68.295,25.758],[68.265,25.852],[68.174,25.873],[68.147,25.896],[68.17,25.91],[68.15,25.917],[68.167,25.927],[68.143,25.95],[68.143,26.041],[68.12,26.045],[68.133,26.058],[68.17,26.031],[68.16,26.045],[68.174,26.045],[68.194,26.021],[68.18,26.048],[68.214,26.058],[68.211,26.045],[68.231,26.045],[68.228,26.072],[68.288,26.051]],[[68.292,26.041],[68.288,26.038],[68.292,26.038],[68.292,26.041]],[[68.224,26.038],[68.228,26.024],[68.241,26.024],[68.224,26.038]],[[68.207,26.024],[68.211,26.028],[68.207,26.028],[68.207,26.024]],[[68.15,26.021],[68.16,26.024],[68.15,26.024],[68.15,26.021]],[[68.184,26.024],[68.18,26.021],[68.184,26.021],[68.184,26.024]],[[68.177,26.028],[68.18,26.031],[68.177,26.031],[68.177,26.028]],[[68.167,26.014],[68.174,25.994],[68.18,26.004],[68.167,26.014]],[[68.211,26.004],[68.207,26.001],[68.211,26.001],[68.211,26.004]],[[68.211,25.997],[68.221,25.991],[68.224,25.997],[68.211,25.997]],[[68.191,25.984],[68.204,25.974],[68.191,25.991],[68.191,25.984]],[[68.184,25.981],[68.187,25.984],[68.184,25.984],[68.184,25.981]],[[68.228,25.987],[68.221,25.984],[68.228,25.984],[68.228,25.987]],[[68.309,25.981],[68.305,25.977],[68.309,25.977],[68.309,25.981]],[[68.234,25.977],[68.231,25.974],[68.234,25.974],[68.234,25.977]],[[68.234,25.97],[68.231,25.95],[68.251,25.94],[68.234,25.97]],[[68.278,25.95],[68.272,25.943],[68.278,25.943],[68.278,25.95]],[[68.258,25.937],[68.255,25.93],[68.258,25.93],[68.258,25.937]],[[68.265,25.923],[68.255,25.917],[68.261,25.913],[68.265,25.923]],[[68.268,25.91],[68.258,25.91],[68.261,25.896],[68.268,25.91]],[[68.265,25.89],[68.278,25.876],[68.288,25.876],[68.265,25.89]],[[68.322,25.879],[68.295,25.873],[68.325,25.873],[68.322,25.879]],[[68.339,25.876],[68.336,25.873],[68.339,25.873],[68.339,25.876]],[[68.356,25.829],[68.363,25.825],[68.356,25.836],[68.356,25.829]],[[68.366,25.812],[68.373,25.798],[68.376,25.809],[68.366,25.812]],[[68.356,25.745],[68.339,25.724],[68.342,25.718],[68.356,25.745],[68.376,25.741],[68.366,25.755],[68.356,25.745]],[[68.332,25.721],[68.336,25.724],[68.332,25.724],[68.332,25.721]],[[68.339,25.718],[68.336,25.711],[68.339,25.711],[68.339,25.718]],[[68.315,25.707],[68.332,25.718],[68.319,25.714],[68.315,25.707]],[[68.305,25.704],[68.322,25.694],[68.305,25.711],[68.305,25.704]],[[68.342,25.704],[68.329,25.697],[68.346,25.694],[68.342,25.704]],[[68.356,25.694],[68.349,25.691],[68.356,25.691],[68.356,25.694]],[[68.413,25.687],[68.373,25.687],[68.369,25.68],[68.413,25.687]],[[68.44,25.687],[68.437,25.684],[68.44,25.684],[68.44,25.687]],[[68.47,25.684],[68.467,25.68],[68.47,25.68],[68.47,25.684]],[[68.477,25.68],[68.47,25.674],[68.484,25.67],[68.477,25.68]],[[68.46,25.677],[68.437,25.68],[68.437,25.67],[68.447,25.664],[68.46,25.677]],[[68.481,25.664],[68.484,25.657],[68.481,25.653],[68.487,25.657],[68.487,25.66],[68.481,25.664]],[[68.325,25.657],[68.322,25.667],[68.322,25.657],[68.325,25.657]],[[68.43,25.653],[68.427,25.657],[68.427,25.653],[68.43,25.653]],[[68.477,25.653],[68.464,25.653],[68.46,25.647],[68.474,25.647],[68.477,25.653]],[[68.457,25.65],[68.42,25.643],[68.41,25.62],[68.383,25.61],[68.4,25.603],[68.427,25.643],[68.457,25.65]],[[68.383,25.603],[68.379,25.616],[68.369,25.61],[68.383,25.603]],[[68.42,25.68],[68.43,25.687],[68.417,25.687],[68.42,25.68]],[[68.363,25.684],[68.356,25.687],[68.356,25.684],[68.363,25.684]],[[68.305,25.687],[68.312,25.691],[68.305,25.691],[68.305,25.687]],[[68.322,25.701],[68.325,25.704],[68.322,25.704],[68.322,25.701]],[[68.373,25.603],[68.369,25.6],[68.373,25.6],[68.373,25.603]],[[68.373,25.596],[68.383,25.566],[68.396,25.562],[68.373,25.596]],[[68.403,25.559],[68.4,25.556],[68.403,25.556],[68.403,25.559]],[[68.379,25.556],[68.383,25.559],[68.379,25.559],[68.379,25.556]],[[68.376,25.546],[68.346,25.512],[68.319,25.519],[68.329,25.508],[68.322,25.508],[68.312,25.492],[68.315,25.465],[68.339,25.498],[68.325,25.505],[68.356,25.505],[68.376,25.542],[68.386,25.529],[68.403,25.529],[68.41,25.535],[68.39,25.535],[68.396,25.556],[68.376,25.546]],[[68.373,25.498],[68.376,25.485],[68.376,25.498],[68.373,25.498]],[[68.383,25.492],[68.379,25.488],[68.383,25.488],[68.383,25.492]],[[68.346,25.485],[68.349,25.488],[68.346,25.488],[68.346,25.485]],[[68.336,25.488],[68.342,25.492],[68.336,25.492],[68.336,25.488]],[[68.393,25.475],[68.39,25.471],[68.393,25.471],[68.393,25.475]],[[68.379,25.471],[68.383,25.475],[68.379,25.475],[68.379,25.471]],[[68.302,25.468],[68.305,25.471],[68.302,25.471],[68.302,25.468]],[[68.312,25.515],[68.315,25.519],[68.312,25.519],[68.312,25.515]],[[68.312,25.441],[68.309,25.444],[68.309,25.441],[68.312,25.441]],[[68.427,25.775],[68.43,25.782],[68.423,25.782],[68.427,25.775]]]}},{"type":"Feature","properties":{},"geometry":{"type":"Polygon","coordinates":[[[68.42,26.068],[68.433,26.041],[68.4,26.078],[68.393,26.048],[68.42,26.021],[68.413,26.004],[68.433,26.021],[68.43,25.984],[68.491,26.028],[68.447,25.967],[68.44,25.984],[68.423,25.97],[68.376,25.981],[68.359,26.035],[68.332,26.014],[68.332,26.035],[68.369,26.041],[68.356,26.062],[68.379,26.065],[68.363,26.075],[68.376,26.099],[68.42,26.068]],[[68.379,26.078],[68.383,26.092],[68.376,26.092],[68.379,26.078]],[[68.386,26.065],[68.383,26.062],[68.386,26.062],[68.386,26.065]],[[68.406,25.981],[68.403,25.977],[68.406,25.977],[68.406,25.981]]]}},{"type":"Feature","properties":{},"geometry":{"type":"Polygon","coordinates":[[[68.342,26.115],[68.352,26.099],[68.305,26.082],[68.309,26.102],[68.342,26.115]]]}},{"type":"Feature","properties":{},"geometry":{"type":"Polygon","coordinates":[[[68.764,26.088],[68.787,26.122],[68.821,26.065],[68.808,26.058],[68.798,26.082],[68.764,26.088]]]}},{"type":"Feature","properties":{},"geometry":{"type":"Polygon","coordinates":[[[68.467,26.139],[68.47,26.109],[68.487,26.102],[68.43,26.115],[68.427,26.099],[68.4,26.102],[68.403,26.119],[68.359,26.105],[68.339,26.122],[68.369,26.139],[68.413,26.119],[68.447,26.129],[68.45,26.119],[68.467,26.115],[68.454,26.122],[68.467,26.139]]]}},{"type":"Feature","properties":{},"geometry":{"type":"Polygon","coordinates":[[[68.727,26.142],[68.73,26.169],[68.76,26.163],[68.764,26.132],[68.727,26.142]],[[68.733,26.149],[68.737,26.153],[68.733,26.153],[68.733,26.149]],[[68.747,26.156],[68.75,26.159],[68.747,26.159],[68.747,26.156]]]}},{"type":"Feature","properties":{},"geometry":{"type":"Polygon","coordinates":[[[64.485,26.085],[64.434,26.088],[64.508,26.115],[64.559,26.19],[64.728,26.163],[64.687,26.112],[64.613,26.082],[64.529,26.082],[64.498,26.065],[64.485,26.085]]]}},{"type":"Feature","properties":{},"geometry":{"type":"Polygon","coordinates":[[[68.261,26.163],[68.278,26.2],[68.309,26.156],[68.292,26.163],[68.261,26.163]]]}},{"type":"Feature","properties":{},"geometry":{"type":"Polygon","coordinates":[[[64.812,26.223],[64.866,26.223],[64.859,26.206],[64.822,26.176],[64.798,26.183],[64.819,26.203],[64.812,26.223]]]}},{"type":"Feature","properties":{},"geometry":{"type":"Polygon","coordinates":[[[68.251,26.213],[68.187,26.193],[68.204,26.23],[68.234,26.227],[68.224,26.257],[68.268,26.24],[68.241,26.223],[68.251,26.213]]]}},{"type":"Feature","properties":{},"geometry":{"type":"Polygon","coordinates":[[[68.636,26.254],[68.642,26.217],[68.626,26.213],[68.602,26.254],[68.636,26.254]]]}},{"type":"Feature","properties":{},"geometry":{"type":"Polygon","coordinates":[[[63.942,26.284],[63.999,26.25],[63.989,26.186],[63.962,26.173],[63.797,26.23],[63.864,26.254],[63.901,26.223],[63.912,26.277],[63.942,26.284]]]}},{"type":"Feature","properties":{},"geometry":{"type":"Polygon","coordinates":[[[64.65,26.291],[64.674,26.25],[64.68,26.247],[64.697,26.254],[64.707,26.25],[64.69,26.237],[64.64,26.244],[64.65,26.291]]]}},{"type":"Feature","properties":{},"geometry":{"type":"Polygon","coordinates":[[[69.064,26.247],[69.081,26.264],[69.081,26.244],[69.057,26.233],[69.057,26.223],[69.104,26.237],[69.118,26.22],[69.054,26.18],[69.003,26.196],[69.013,26.139],[69.05,26.153],[69.047,26.139],[69.013,26.119],[69.007,26.156],[68.986,26.156],[68.956,26.122],[68.97,26.159],[68.993,26.159],[68.986,26.203],[69.01,26.213],[69.01,26.233],[69.023,26.227],[69.023,26.294],[69.064,26.247]],[[69.034,26.274],[69.037,26.277],[69.034,26.277],[69.034,26.274]],[[69.047,26.25],[69.044,26.244],[69.047,26.244],[69.047,26.25]],[[69.03,26.244],[69.034,26.247],[69.03,26.247],[69.03,26.244]],[[69.044,26.237],[69.04,26.233],[69.044,26.233],[69.044,26.237]],[[69.088,26.213],[69.084,26.21],[69.088,26.21],[69.088,26.213]],[[69.017,26.206],[69.013,26.203],[69.017,26.203],[69.017,26.206]]]}},{"type":"Feature","properties":{},"geometry":{"type":"Polygon","coordinates":[[[65.341,26.392],[65.348,26.365],[65.308,26.355],[65.321,26.382],[65.341,26.392]]]}},{"type":"Feature","properties":{},"geometry":{"type":"Polygon","coordinates":[[[68.882,26.392],[68.868,26.345],[68.848,26.348],[68.838,26.318],[68.872,26.281],[68.889,26.287],[68.875,26.318],[68.895,26.331],[68.889,26.281],[68.936,26.244],[68.922,26.244],[68.929,26.22],[68.953,26.26],[68.966,26.217],[68.983,26.22],[68.963,26.169],[68.909,26.18],[68.916,26.149],[68.946,26.169],[68.959,26.149],[68.943,26.126],[68.963,26.112],[68.99,26.129],[68.993,26.092],[69.013,26.115],[69.023,26.099],[69.101,26.126],[69.108,26.109],[69.094,26.122],[69.054,26.099],[69.077,26.099],[69.067,26.041],[69.088,26.028],[69.071,26.014],[69.094,26.004],[69.094,26.038],[69.118,26.041],[69.125,26.021],[69.138,26.038],[69.125,26.072],[69.101,26.062],[69.088,26.105],[69.115,26.109],[69.138,26.075],[69.158,26.126],[69.185,26.129],[69.148,26.055],[69.189,26.051],[69.145,26.035],[69.179,26.018],[69.195,26.038],[69.206,26.008],[69.182,25.994],[69.209,25.984],[69.209,25.95],[69.131,25.947],[69.094,25.984],[69.077,25.97],[69.094,25.947],[69.034,25.943],[69.01,25.97],[69.0,25.947],[68.959,25.93],[68.959,25.954],[68.98,25.957],[68.966,25.981],[68.983,26.018],[68.956,26.028],[68.912,26.001],[68.895,26.031],[68.956,26.035],[68.959,26.051],[68.943,26.055],[68.966,26.055],[68.959,26.035],[68.983,26.028],[68.97,26.065],[68.932,26.065],[68.949,26.095],[68.926,26.068],[68.936,26.048],[68.919,26.045],[68.929,26.055],[68.919,26.062],[68.892,26.041],[68.899,26.085],[68.862,26.115],[68.875,26.126],[68.872,26.142],[68.848,26.112],[68.767,26.159],[68.777,26.18],[68.76,26.183],[68.794,26.223],[68.781,26.24],[68.771,26.227],[68.737,26.24],[68.771,26.244],[68.767,26.267],[68.798,26.308],[68.825,26.301],[68.791,26.284],[68.798,26.267],[68.811,26.274],[68.801,26.25],[68.838,26.247],[68.855,26.22],[68.835,26.21],[68.814,26.227],[68.831,26.18],[68.821,26.153],[68.858,26.139],[68.855,26.156],[68.895,26.166],[68.882,26.173],[68.899,26.196],[68.872,26.21],[68.885,26.217],[68.885,26.223],[68.862,26.213],[68.852,26.244],[68.868,26.247],[68.872,26.26],[68.882,26.23],[68.882,26.244],[68.899,26.237],[68.909,26.237],[68.912,26.244],[68.878,26.26],[68.882,26.277],[68.875,26.274],[68.868,26.254],[68.855,26.257],[68.868,26.264],[68.865,26.274],[68.872,26.271],[68.865,26.277],[68.828,26.25],[68.835,26.264],[68.818,26.271],[68.845,26.287],[68.821,26.328],[68.774,26.298],[68.737,26.287],[68.72,26.304],[68.73,26.328],[68.74,26.298],[68.74,26.331],[68.804,26.328],[68.818,26.348],[68.835,26.345],[68.831,26.375],[68.855,26.355],[68.838,26.385],[68.845,26.402],[68.875,26.395],[68.865,26.419],[68.882,26.392]],[[68.868,26.389],[68.865,26.385],[68.868,26.385],[68.868,26.389]],[[68.828,26.341],[68.825,26.338],[68.828,26.338],[68.828,26.341]],[[68.76,26.328],[68.757,26.325],[68.76,26.325],[68.76,26.328]],[[68.808,26.325],[68.804,26.321],[68.808,26.321],[68.808,26.325]],[[68.76,26.308],[68.757,26.304],[68.76,26.304],[68.76,26.308]],[[68.841,26.298],[68.848,26.287],[68.858,26.284],[68.841,26.298]],[[68.919,26.227],[68.912,26.22],[68.916,26.22],[68.919,26.227]],[[68.872,26.223],[68.875,26.227],[68.872,26.227],[68.872,26.223]],[[68.872,26.233],[68.875,26.244],[68.872,26.244],[68.872,26.233]],[[68.899,26.22],[68.926,26.21],[68.922,26.217],[68.899,26.22]],[[68.963,26.213],[68.959,26.21],[68.963,26.21],[68.963,26.213]],[[68.936,26.196],[68.926,26.203],[68.926,26.19],[68.936,26.196]],[[68.966,26.193],[68.963,26.186],[68.966,26.186],[68.966,26.193]],[[68.912,26.183],[68.916,26.186],[68.912,26.186],[68.912,26.183]],[[68.804,26.166],[68.808,26.169],[68.804,26.169],[68.804,26.166]],[[68.784,26.186],[68.801,26.186],[68.801,26.2],[68.784,26.186]],[[68.794,26.21],[68.798,26.217],[68.794,26.217],[68.794,26.21]],[[68.848,26.223],[68.845,26.22],[68.848,26.22],[68.848,26.223]],[[68.791,26.23],[68.794,26.233],[68.791,26.233],[68.791,26.23]],[[68.794,26.237],[68.804,26.247],[68.794,26.24],[68.794,26.237]],[[68.774,26.244],[68.781,26.254],[68.774,26.254],[68.774,26.244]],[[68.774,26.257],[68.784,26.264],[68.774,26.26],[68.774,26.257]],[[68.787,26.267],[68.794,26.257],[68.794,26.267],[68.787,26.267]],[[68.943,26.122],[68.939,26.119],[68.943,26.119],[68.943,26.122]],[[68.878,26.115],[68.875,26.122],[68.875,26.115],[68.878,26.115]],[[68.97,26.112],[68.966,26.109],[68.97,26.109],[68.97,26.112]],[[68.956,26.105],[68.953,26.102],[68.956,26.102],[68.956,26.105]],[[68.932,26.092],[68.929,26.088],[68.932,26.088],[68.932,26.092]],[[68.909,26.078],[68.905,26.075],[68.909,26.075],[68.909,26.078]],[[69.02,26.062],[69.017,26.085],[69.013,26.065],[68.993,26.068],[68.983,26.058],[69.02,26.062]],[[69.044,26.082],[69.04,26.078],[69.044,26.078],[69.044,26.082]],[[69.054,26.072],[69.037,26.072],[69.027,26.065],[69.037,26.062],[69.054,26.072]],[[69.034,26.055],[69.04,26.041],[69.047,26.041],[69.044,26.055],[69.034,26.055]],[[69.054,26.041],[69.05,26.038],[69.054,26.038],[69.054,26.041]],[[69.047,26.031],[69.044,26.038],[69.044,26.031],[69.047,26.031]],[[68.953,26.082],[68.956,26.085],[68.953,26.085],[68.953,26.082]],[[68.959,26.085],[68.963,26.088],[68.959,26.088],[68.959,26.085]],[[68.919,26.028],[68.926,26.021],[68.929,26.028],[68.919,26.028]],[[68.986,26.024],[68.983,26.021],[68.986,26.021],[68.986,26.024]],[[69.054,26.011],[69.054,26.001],[69.067,26.001],[69.054,26.011]],[[69.01,26.004],[69.017,26.011],[69.007,26.011],[69.01,26.004]],[[69.034,26.004],[69.027,26.001],[69.034,26.001],[69.034,26.004]],[[68.98,25.954],[68.976,25.95],[68.98,25.95],[68.98,25.954]],[[68.966,25.94],[68.963,25.933],[68.966,25.933],[68.966,25.94]],[[69.185,25.964],[69.179,25.967],[69.179,25.964],[69.185,25.964]],[[69.199,25.96],[69.195,25.957],[69.199,25.957],[69.199,25.96]],[[69.101,26.004],[69.108,26.014],[69.098,26.014],[69.101,26.004]],[[69.155,26.014],[69.152,26.004],[69.158,26.008],[69.155,26.014]],[[69.168,26.115],[69.175,26.119],[69.168,26.119],[69.168,26.115]],[[68.932,26.149],[68.936,26.153],[68.932,26.153],[68.932,26.149]]]}},{"type":"Feature","properties":{},"geometry":{"type":"Polygon","coordinates":[[[67.557,26.463],[67.594,26.409],[67.648,26.378],[67.59,26.395],[67.547,26.449],[67.557,26.463]]]}},{"type":"Feature","properties":{},"geometry":{"type":"Polygon","coordinates":[[[68.069,26.459],[68.042,26.446],[68.035,26.412],[68.022,26.422],[68.049,26.47],[68.005,26.453],[68.032,26.49],[68.069,26.459]]]}},{"type":"Feature","properties":{},"geometry":{"type":"Polygon","coordinates":[[[68.875,26.503],[68.868,26.466],[68.902,26.456],[68.909,26.476],[68.919,26.449],[68.878,26.429],[68.852,26.443],[68.862,26.483],[68.848,26.513],[68.875,26.503]],[[68.882,26.453],[68.878,26.449],[68.882,26.449],[68.882,26.453]],[[68.889,26.449],[68.885,26.446],[68.889,26.446],[68.889,26.449]],[[68.875,26.443],[68.872,26.439],[68.875,26.439],[68.875,26.443]]]}},{"type":"Feature","properties":{},"geometry":{"type":"Polygon","coordinates":[[[68.922,26.598],[68.892,26.567],[68.878,26.574],[68.872,26.618],[68.899,26.628],[68.922,26.598]],[[68.889,26.584],[68.892,26.611],[68.885,26.604],[68.889,26.584]],[[68.905,26.601],[68.902,26.598],[68.905,26.598],[68.905,26.601]],[[68.875,26.604],[68.878,26.608],[68.875,26.608],[68.875,26.604]],[[68.905,26.608],[68.902,26.604],[68.905,26.604],[68.905,26.608]]]}},{"type":"Feature","properties":{},"geometry":{"type":"Polygon","coordinates":[[[68.224,26.675],[68.248,26.709],[68.278,26.685],[68.272,26.675],[68.224,26.675]]]}},{"type":"Feature","properties":{},"geometry":{"type":"Polygon","coordinates":[[[63.544,26.712],[63.76,26.729],[63.746,26.719],[63.767,26.706],[63.804,26.706],[63.75,26.665],[63.767,26.655],[63.75,26.638],[63.76,26.618],[63.672,26.604],[63.588,26.645],[63.547,26.631],[63.517,26.645],[63.544,26.672],[63.544,26.712]],[[63.763,26.695],[63.76,26.692],[63.763,26.692],[63.763,26.695]]]}},{"type":"Feature","properties":{},"geometry":{"type":"Polygon","coordinates":[[[64.997,26.79],[65.041,26.78],[65.048,26.766],[65.007,26.763],[64.997,26.79]]]}},{"type":"Feature","properties":{},"geometry":{"type":"Polygon","coordinates":[[[68.582,27.009],[68.518,26.989],[68.548,26.985],[68.551,26.975],[68.501,26.965],[68.528,26.955],[68.504,26.948],[68.518,26.942],[68.508,26.925],[68.545,26.928],[68.538,26.905],[68.508,26.901],[68.514,26.888],[68.487,26.878],[68.477,26.847],[68.47,26.871],[68.443,26.857],[68.443,26.837],[68.484,26.84],[68.477,26.82],[68.457,26.82],[68.47,26.837],[68.45,26.837],[68.46,26.827],[68.437,26.82],[68.43,26.807],[68.447,26.82],[68.46,26.813],[68.44,26.793],[68.413,26.81],[68.423,26.82],[68.406,26.813],[68.413,26.79],[68.363,26.803],[68.369,26.824],[68.393,26.82],[68.386,26.851],[68.363,26.857],[68.41,26.864],[68.413,26.918],[68.447,26.925],[68.46,26.952],[68.481,26.952],[68.474,26.928],[68.497,26.925],[68.481,26.935],[68.497,26.972],[68.464,26.962],[68.46,26.982],[68.535,27.033],[68.548,27.009],[68.582,27.026],[68.582,27.009]],[[68.501,26.992],[68.504,26.972],[68.514,26.985],[68.501,26.992]],[[68.457,26.925],[68.467,26.928],[68.457,26.928],[68.457,26.925]],[[68.504,26.911],[68.491,26.901],[68.528,26.915],[68.494,26.921],[68.504,26.911]],[[68.494,26.915],[68.484,26.905],[68.494,26.911],[68.494,26.915]],[[68.45,26.901],[68.44,26.878],[68.443,26.867],[68.447,26.881],[68.484,26.878],[68.481,26.908],[68.45,26.901]],[[68.44,26.888],[68.443,26.891],[68.44,26.891],[68.44,26.888]],[[68.45,26.908],[68.454,26.911],[68.45,26.911],[68.45,26.908]],[[68.44,26.867],[68.423,26.864],[68.413,26.837],[68.437,26.837],[68.44,26.867]],[[68.44,26.834],[68.437,26.824],[68.44,26.824],[68.44,26.834]],[[68.42,26.83],[68.427,26.834],[68.42,26.834],[68.42,26.83]],[[68.46,26.911],[68.474,26.915],[68.474,26.918],[68.467,26.921],[68.46,26.911]],[[68.386,26.817],[68.376,26.807],[68.39,26.807],[68.386,26.817]]]}},{"type":"Feature","properties":{},"geometry":{"type":"Polygon","coordinates":[[[68.953,27.023],[68.932,27.029],[68.926,27.06],[68.956,27.063],[68.959,27.039],[68.976,27.076],[68.996,27.076],[68.953,27.023]]]}},{"type":"Feature","properties":{},"geometry":{"type":"Polygon","coordinates":[[[68.966,27.154],[68.976,27.107],[68.959,27.1],[68.943,27.117],[68.966,27.114],[68.953,27.134],[68.966,27.154]],[[68.973,27.12],[68.97,27.117],[68.973,27.117],[68.973,27.12]]]}},{"type":"Feature","properties":{},"geometry":{"type":"Polygon","coordinates":[[[64.873,27.586],[64.876,27.569],[64.812,27.552],[64.829,27.586],[64.873,27.586]]]}},{"type":"Feature","properties":{},"geometry":{"type":"Polygon","coordinates":[[[68.983,27.599],[69.027,27.559],[69.023,27.535],[69.0,27.532],[69.01,27.525],[69.007,27.505],[68.983,27.599]]]}},{"type":"Feature","properties":{},"geometry":{"type":"Polygon","coordinates":[[[66.002,27.613],[65.965,27.582],[65.952,27.603],[66.002,27.613]]]}},{"type":"Feature","properties":{},"geometry":{"type":"Polygon","coordinates":[[[68.835,27.653],[68.899,27.643],[68.885,27.619],[68.828,27.609],[68.835,27.653]],[[68.848,27.643],[68.852,27.646],[68.848,27.646],[68.848,27.643]]]}},{"type":"Feature","properties":{},"geometry":{"type":"Polygon","coordinates":[[[69.303,27.619],[69.283,27.656],[69.32,27.66],[69.34,27.633],[69.303,27.619]]]}},{"type":"Feature","properties":{},"geometry":{"type":"Polygon","coordinates":[[[69.023,27.69],[69.061,27.643],[69.077,27.646],[69.061,27.623],[69.074,27.609],[69.054,27.613],[69.071,27.599],[69.057,27.562],[68.983,27.616],[68.996,27.636],[69.017,27.629],[69.013,27.643],[69.037,27.623],[69.027,27.64],[69.05,27.65],[69.02,27.677],[69.023,27.69]],[[69.04,27.64],[69.037,27.633],[69.04,27.633],[69.04,27.64]],[[69.027,27.616],[69.013,27.609],[69.01,27.603],[69.02,27.599],[69.027,27.616]],[[69.04,27.576],[69.044,27.582],[69.037,27.582],[69.04,27.576]]]}},{"type":"Feature","properties":{},"geometry":{"type":"Polygon","coordinates":[[[69.108,27.714],[69.067,27.697],[69.044,27.717],[69.108,27.714]],[[69.057,27.71],[69.061,27.714],[69.057,27.714],[69.057,27.71]]]}},{"type":"Feature","properties":{},"geometry":{"type":"Polygon","coordinates":[[[69.384,27.727],[69.411,27.717],[69.378,27.704],[69.394,27.677],[69.374,27.663],[69.357,27.707],[69.384,27.727]],[[69.374,27.7],[69.371,27.697],[69.374,27.697],[69.374,27.7]]]}},{"type":"Feature","properties":{},"geometry":{"type":"Polygon","coordinates":[[[69.607,27.805],[69.614,27.778],[69.563,27.764],[69.587,27.801],[69.607,27.805]]]}},{"type":"Feature","properties":{},"geometry":{"type":"Polygon","coordinates":[[[69.192,27.859],[69.175,27.835],[69.145,27.845],[69.182,27.872],[69.192,27.859]]]}},{"type":"Feature","properties":{},"geometry":{"type":"Polygon","coordinates":[[[69.253,27.926],[69.263,27.903],[69.246,27.839],[69.246,27.896],[69.229,27.882],[69.202,27.906],[69.212,27.919],[69.236,27.903],[69.253,27.926]]]}},{"type":"Feature","properties":{},"geometry":{"type":"Polygon","coordinates":[[[69.297,27.909],[69.27,27.919],[69.307,27.943],[69.307,27.923],[69.297,27.909]]]}},{"type":"Feature","properties":{},"geometry":{"type":"Polygon","coordinates":[[[69.796,27.99],[69.779,27.984],[69.789,27.973],[69.759,27.973],[69.752,27.913],[69.728,27.903],[69.728,27.93],[69.695,27.943],[69.711,27.98],[69.792,28.024],[69.796,27.99]],[[69.759,27.99],[69.748,27.987],[69.748,27.98],[69.752,27.98],[69.759,27.99]],[[69.765,27.98],[69.759,27.977],[69.765,27.977],[69.765,27.98]],[[69.715,27.967],[69.711,27.963],[69.715,27.963],[69.715,27.967]],[[69.732,27.96],[69.728,27.953],[69.732,27.953],[69.732,27.96]]]}},{"type":"Feature","properties":{},"geometry":{"type":"Polygon","coordinates":[[[69.657,28.017],[69.674,28.024],[69.708,28.021],[69.725,28.011],[69.725,28.004],[69.674,27.984],[69.681,28.0],[69.657,28.017]],[[69.698,28.017],[69.711,28.011],[69.705,28.017],[69.698,28.017]],[[69.688,28.011],[69.684,28.017],[69.678,28.011],[69.688,28.011]],[[69.691,27.997],[69.688,27.994],[69.691,27.994],[69.691,27.997]]]}},{"type":"Feature","properties":{},"geometry":{"type":"Polygon","coordinates":[[[66.599,28.048],[66.619,28.007],[66.579,28.0],[66.582,28.034],[66.599,28.048]]]}},{"type":"Feature","properties":{},"geometry":{"type":"Polygon","coordinates":[[[69.9,28.054],[69.907,28.024],[69.887,28.017],[69.897,28.007],[69.877,27.99],[69.86,28.011],[69.88,28.027],[69.873,28.054],[69.9,28.054]]]}},{"type":"Feature","properties":{},"geometry":{"type":"Polygon","coordinates":[[[62.903,28.115],[62.934,28.105],[63.008,28.027],[62.944,28.061],[62.903,28.115]],[[62.974,28.054],[62.967,28.051],[62.974,28.048],[62.974,28.054]]]}},{"type":"Feature","properties":{},"geometry":{"type":"Polygon","coordinates":[[[69.624,28.159],[69.624,28.139],[69.63,28.115],[69.637,28.112],[69.644,28.115],[69.634,28.142],[69.657,28.105],[69.657,28.122],[69.671,28.118],[69.654,28.061],[69.624,28.071],[69.614,28.044],[69.624,28.051],[69.634,28.044],[69.6,28.034],[69.617,28.071],[69.573,28.078],[69.566,28.034],[69.519,28.024],[69.506,28.034],[69.492,28.017],[69.59,28.007],[69.6,27.973],[69.566,27.973],[69.563,27.953],[69.637,27.97],[69.624,27.933],[69.671,27.933],[69.661,27.916],[69.674,27.899],[69.671,27.93],[69.688,27.943],[69.668,27.96],[69.698,27.963],[69.688,27.946],[69.715,27.936],[69.715,27.909],[69.695,27.903],[69.715,27.886],[69.654,27.869],[69.678,27.839],[69.651,27.818],[69.637,27.869],[69.668,27.899],[69.641,27.892],[69.637,27.909],[69.634,27.869],[69.6,27.859],[69.587,27.818],[69.529,27.805],[69.543,27.788],[69.526,27.801],[69.502,27.788],[69.523,27.788],[69.519,27.771],[69.539,27.768],[69.539,27.758],[69.516,27.768],[69.502,27.754],[69.496,27.771],[69.485,27.774],[69.492,27.758],[69.442,27.748],[69.462,27.744],[69.452,27.71],[69.489,27.724],[69.489,27.748],[69.502,27.717],[69.526,27.714],[69.502,27.7],[69.489,27.721],[69.496,27.694],[69.465,27.694],[69.485,27.656],[69.499,27.677],[69.509,27.663],[69.455,27.613],[69.445,27.633],[69.472,27.646],[69.465,27.67],[69.421,27.694],[69.421,27.677],[69.401,27.68],[69.435,27.717],[69.411,27.724],[69.408,27.744],[69.435,27.751],[69.418,27.768],[69.408,27.748],[69.374,27.744],[69.394,27.734],[69.361,27.714],[69.364,27.731],[69.34,27.737],[69.354,27.707],[69.337,27.694],[69.31,27.704],[69.327,27.683],[69.32,27.667],[69.31,27.683],[69.253,27.646],[69.28,27.64],[69.283,27.619],[69.236,27.623],[69.189,27.542],[69.172,27.592],[69.202,27.586],[69.243,27.663],[69.226,27.653],[69.216,27.667],[69.226,27.636],[69.192,27.643],[69.195,27.656],[69.209,27.653],[69.209,27.66],[69.175,27.687],[69.179,27.653],[69.155,27.636],[69.138,27.646],[69.162,27.606],[69.135,27.596],[69.118,27.616],[69.141,27.619],[69.145,27.629],[69.118,27.623],[69.091,27.643],[69.111,27.65],[69.128,27.7],[69.108,27.737],[69.155,27.731],[69.179,27.751],[69.175,27.771],[69.199,27.771],[69.195,27.761],[69.199,27.754],[69.253,27.788],[69.243,27.812],[69.297,27.828],[69.293,27.842],[69.276,27.828],[69.273,27.852],[69.3,27.855],[69.3,27.876],[69.276,27.886],[69.313,27.886],[69.31,27.916],[69.327,27.903],[69.361,27.926],[69.364,27.953],[69.33,27.946],[69.337,27.967],[69.371,27.967],[69.33,27.98],[69.337,28.0],[69.405,28.034],[69.418,27.977],[69.401,27.97],[69.394,27.98],[69.374,27.984],[69.367,27.98],[69.394,27.977],[69.398,27.94],[69.431,27.923],[69.425,27.94],[69.462,27.977],[69.502,27.984],[69.499,27.997],[69.479,27.984],[69.489,27.997],[69.472,28.017],[69.445,28.011],[69.469,27.997],[69.442,27.97],[69.425,27.973],[69.445,27.98],[69.438,28.027],[69.472,28.031],[69.472,28.064],[69.509,28.061],[69.502,28.044],[69.509,28.044],[69.546,28.088],[69.543,28.108],[69.573,28.091],[69.583,28.142],[69.607,28.145],[69.593,28.132],[69.597,28.112],[69.624,28.159]],[[69.624,28.122],[69.617,28.118],[69.624,28.118],[69.624,28.122]],[[69.607,28.112],[69.603,28.091],[69.62,28.091],[69.62,28.102],[69.607,28.112]],[[69.634,28.102],[69.63,28.098],[69.634,28.098],[69.634,28.102]],[[69.634,28.088],[69.63,28.085],[69.634,28.085],[69.634,28.088]],[[69.597,28.085],[69.6,28.088],[69.597,28.088],[69.597,28.085]],[[69.573,28.081],[69.576,28.088],[69.573,28.088],[69.573,28.081]],[[69.617,28.081],[69.614,28.078],[69.617,28.078],[69.617,28.081]],[[69.597,28.081],[69.603,28.075],[69.6,28.081],[69.597,28.081]],[[69.563,28.071],[69.533,28.058],[69.539,28.031],[69.563,28.071]],[[69.485,28.034],[69.489,28.037],[69.485,28.037],[69.485,28.034]],[[69.523,28.041],[69.533,28.034],[69.533,28.044],[69.523,28.041]],[[69.502,28.034],[69.496,28.027],[69.499,28.027],[69.502,28.034]],[[69.536,28.068],[69.539,28.071],[69.536,28.071],[69.536,28.068]],[[69.489,28.027],[69.485,28.024],[69.489,28.024],[69.489,28.027]],[[69.516,28.0],[69.512,27.997],[69.516,27.997],[69.516,28.0]],[[69.55,27.99],[69.546,27.987],[69.55,27.987],[69.55,27.99]],[[69.529,27.98],[69.526,27.97],[69.536,27.98],[69.529,27.98]],[[69.56,27.973],[69.533,27.953],[69.55,27.95],[69.56,27.973]],[[69.593,27.953],[69.59,27.95],[69.593,27.95],[69.593,27.953]],[[69.512,27.96],[69.516,27.957],[69.519,27.96],[69.512,27.96]],[[69.546,27.946],[69.543,27.936],[69.546,27.936],[69.546,27.946]],[[69.509,27.94],[69.506,27.946],[69.506,27.94],[69.509,27.94]],[[69.448,27.943],[69.452,27.946],[69.448,27.946],[69.448,27.943]],[[69.536,27.93],[69.533,27.923],[69.536,27.923],[69.536,27.93]],[[69.553,27.923],[69.55,27.919],[69.553,27.919],[69.553,27.923]],[[69.523,27.919],[69.519,27.916],[69.523,27.916],[69.523,27.919]],[[69.475,27.913],[69.472,27.916],[69.472,27.913],[69.475,27.913]],[[69.391,27.913],[69.394,27.919],[69.391,27.919],[69.391,27.913]],[[69.401,27.919],[69.405,27.913],[69.405,27.919],[69.401,27.919]],[[69.401,27.926],[69.405,27.93],[69.401,27.93],[69.401,27.926]],[[69.371,27.953],[69.378,27.946],[69.381,27.953],[69.371,27.953]],[[69.344,27.987],[69.347,27.98],[69.347,27.987],[69.344,27.987]],[[69.384,28.004],[69.391,27.994],[69.394,28.004],[69.384,28.004]],[[69.337,27.889],[69.34,27.882],[69.344,27.882],[69.337,27.889]],[[69.317,27.879],[69.313,27.876],[69.317,27.876],[69.317,27.879]],[[69.357,27.872],[69.354,27.869],[69.357,27.869],[69.357,27.872]],[[69.469,27.855],[69.465,27.866],[69.462,27.855],[69.469,27.855]],[[69.307,27.869],[69.31,27.872],[69.307,27.872],[69.307,27.869]],[[69.509,27.869],[69.506,27.862],[69.509,27.862],[69.509,27.869]],[[69.418,27.825],[69.431,27.859],[69.398,27.842],[69.398,27.835],[69.418,27.825]],[[69.57,27.849],[69.57,27.835],[69.576,27.845],[69.57,27.849]],[[69.405,27.825],[69.394,27.822],[69.401,27.815],[69.405,27.825]],[[69.378,27.828],[69.361,27.822],[69.364,27.808],[69.378,27.828]],[[69.485,27.808],[69.482,27.805],[69.485,27.805],[69.485,27.808]],[[69.354,27.812],[69.357,27.825],[69.354,27.825],[69.354,27.812]],[[69.398,27.845],[69.401,27.849],[69.398,27.849],[69.398,27.845]],[[69.337,27.862],[69.34,27.866],[69.337,27.866],[69.337,27.862]],[[69.337,27.798],[69.33,27.805],[69.324,27.805],[69.324,27.801],[69.337,27.798]],[[69.485,27.791],[69.469,27.798],[69.469,27.795],[69.485,27.791]],[[69.357,27.774],[69.364,27.798],[69.334,27.781],[69.324,27.798],[69.303,27.791],[69.3,27.744],[69.276,27.724],[69.256,27.737],[69.239,27.714],[69.26,27.721],[69.27,27.69],[69.293,27.737],[69.31,27.731],[69.34,27.761],[69.361,27.764],[69.357,27.748],[69.371,27.764],[69.391,27.758],[69.384,27.778],[69.405,27.778],[69.384,27.795],[69.357,27.774]],[[69.485,27.785],[69.482,27.781],[69.485,27.781],[69.485,27.785]],[[69.418,27.781],[69.421,27.785],[69.418,27.785],[69.418,27.781]],[[69.401,27.774],[69.398,27.771],[69.401,27.771],[69.401,27.774]],[[69.458,27.771],[69.469,27.764],[69.465,27.771],[69.458,27.771]],[[69.337,27.748],[69.33,27.744],[69.337,27.744],[69.337,27.748]],[[69.33,27.734],[69.327,27.731],[69.33,27.731],[69.33,27.734]],[[69.33,27.727],[69.317,27.714],[69.334,27.71],[69.33,27.727]],[[69.317,27.71],[69.313,27.707],[69.317,27.707],[69.317,27.71]],[[69.29,27.7],[69.286,27.697],[69.29,27.697],[69.29,27.7]],[[69.249,27.7],[69.226,27.69],[69.229,27.707],[69.209,27.71],[69.216,27.697],[69.199,27.69],[69.233,27.673],[69.249,27.7]],[[69.195,27.69],[69.199,27.707],[69.185,27.71],[69.185,27.7],[69.195,27.69]],[[69.155,27.694],[69.165,27.704],[69.155,27.704],[69.155,27.694]],[[69.145,27.7],[69.148,27.704],[69.145,27.704],[69.145,27.7]],[[69.182,27.721],[69.199,27.724],[69.195,27.741],[69.175,27.721],[69.179,27.7],[69.182,27.721]],[[69.148,27.717],[69.155,27.724],[69.148,27.724],[69.148,27.717]],[[69.219,27.737],[69.216,27.734],[69.219,27.734],[69.219,27.737]],[[69.233,27.727],[69.216,27.727],[69.212,27.717],[69.229,27.721],[69.233,27.727]],[[69.28,27.734],[69.273,27.731],[69.28,27.731],[69.28,27.734]],[[69.206,27.744],[69.283,27.741],[69.286,27.751],[69.243,27.761],[69.206,27.744]],[[69.185,27.748],[69.189,27.751],[69.185,27.751],[69.185,27.748]],[[69.222,27.761],[69.229,27.764],[69.222,27.764],[69.222,27.761]],[[69.256,27.764],[69.253,27.761],[69.256,27.761],[69.256,27.764]],[[69.293,27.768],[69.29,27.761],[69.293,27.761],[69.293,27.768]],[[69.233,27.764],[69.236,27.771],[69.233,27.771],[69.233,27.764]],[[69.27,27.795],[69.273,27.798],[69.27,27.798],[69.27,27.795]],[[69.263,27.798],[69.266,27.801],[69.263,27.801],[69.263,27.798]],[[69.172,27.667],[69.165,27.66],[69.172,27.66],[69.172,27.667]],[[69.206,27.673],[69.209,27.663],[69.212,27.663],[69.212,27.67],[69.206,27.673]],[[69.246,27.67],[69.243,27.667],[69.246,27.667],[69.246,27.67]],[[69.452,27.69],[69.435,27.707],[69.431,27.694],[69.452,27.69]],[[69.428,27.704],[69.431,27.707],[69.428,27.707],[69.428,27.704]],[[69.482,27.646],[69.479,27.643],[69.482,27.643],[69.482,27.646]],[[69.688,27.899],[69.681,27.892],[69.688,27.892],[69.688,27.899]],[[69.657,27.852],[69.654,27.849],[69.657,27.849],[69.657,27.852]]]}},{"type":"Feature","properties":{},"geometry":{"type":"Polygon","coordinates":[[[62.913,28.23],[62.94,28.199],[62.974,28.216],[62.984,28.189],[62.971,28.196],[62.957,28.193],[62.994,28.162],[62.94,28.179],[62.917,28.203],[62.913,28.23]],[[62.927,28.213],[62.92,28.209],[62.927,28.206],[62.927,28.213]]]}},{"type":"Feature","properties":{},"geometry":{"type":"Polygon","coordinates":[[[69.765,28.169],[69.718,28.166],[69.718,28.182],[69.678,28.186],[69.691,28.159],[69.644,28.172],[69.681,28.23],[69.691,28.209],[69.691,28.226],[69.725,28.23],[69.708,28.24],[69.735,28.247],[69.732,28.277],[69.782,28.287],[69.782,28.236],[69.772,28.22],[69.782,28.216],[69.786,28.199],[69.769,28.196],[69.765,28.169]],[[69.759,28.182],[69.765,28.196],[69.759,28.209],[69.748,28.203],[69.759,28.182]],[[69.718,28.189],[69.721,28.193],[69.718,28.193],[69.718,28.189]],[[69.668,28.193],[69.671,28.196],[69.668,28.196],[69.668,28.193]],[[69.681,28.196],[69.678,28.193],[69.681,28.193],[69.681,28.196]],[[69.708,28.203],[69.711,28.196],[69.711,28.203],[69.708,28.203]],[[69.678,28.203],[69.681,28.206],[69.678,28.206],[69.678,28.203]],[[69.668,28.199],[69.671,28.203],[69.668,28.203],[69.668,28.199]],[[69.732,28.203],[69.718,28.199],[69.735,28.196],[69.732,28.203]],[[69.745,28.206],[69.742,28.213],[69.742,28.206],[69.745,28.206]],[[69.779,28.213],[69.769,28.216],[69.779,28.206],[69.779,28.213]],[[69.738,28.22],[69.725,28.216],[69.738,28.216],[69.738,28.22]],[[69.728,28.23],[69.735,28.24],[69.728,28.236],[69.728,28.23]],[[69.762,28.233],[69.759,28.23],[69.762,28.23],[69.762,28.233]],[[69.779,28.243],[69.775,28.247],[69.775,28.243],[69.779,28.243]],[[69.738,28.25],[69.742,28.253],[69.738,28.253],[69.738,28.25]],[[69.742,28.257],[69.745,28.26],[69.742,28.26],[69.742,28.257]]]}},{"type":"Feature","properties":{},"geometry":{"type":"Polygon","coordinates":[[[62.92,28.327],[62.981,28.314],[63.035,28.253],[63.008,28.257],[62.977,28.297],[62.92,28.327]]]}},{"type":"Feature","properties":{},"geometry":{"type":"Polygon","coordinates":[[[69.725,28.419],[69.759,28.432],[69.772,28.459],[69.792,28.442],[69.742,28.415],[69.725,28.419]]]}},{"type":"Feature","properties":{},"geometry":{"type":"Polygon","coordinates":[[[63.133,28.392],[63.146,28.419],[63.173,28.419],[63.203,28.334],[63.176,28.324],[63.16,28.348],[63.133,28.321],[63.089,28.331],[63.095,28.324],[63.092,28.311],[63.055,28.341],[63.052,28.29],[63.072,28.267],[63.062,28.243],[63.042,28.263],[63.048,28.28],[63.035,28.277],[63.035,28.314],[63.018,28.324],[63.011,28.304],[62.994,28.321],[62.988,28.378],[63.062,28.398],[63.042,28.415],[63.042,28.462],[63.058,28.459],[63.058,28.415],[63.102,28.415],[63.133,28.392]],[[63.089,28.395],[63.119,28.375],[63.106,28.388],[63.089,28.395]],[[63.035,28.378],[63.048,28.388],[63.038,28.385],[63.035,28.378]],[[63.025,28.368],[63.025,28.378],[63.011,28.368],[63.025,28.368]],[[63.119,28.341],[63.116,28.334],[63.119,28.334],[63.119,28.341]]]}},{"type":"Feature","properties":{},"geometry":{"type":"Polygon","coordinates":[[[66.677,28.412],[66.683,28.459],[66.704,28.466],[66.724,28.412],[66.677,28.412]]]}},{"type":"Feature","properties":{},"geometry":{"type":"Polygon","coordinates":[[[70.774,28.644],[70.777,28.628],[70.78,28.631],[70.801,28.628],[70.804,28.614],[70.77,28.614],[70.75,28.624],[70.774,28.644]],[[70.79,28.628],[70.787,28.624],[70.79,28.624],[70.79,28.628]],[[70.79,28.621],[70.784,28.617],[70.79,28.617],[70.79,28.621]]]}},{"type":"Feature","properties":{},"geometry":{"type":"Polygon","coordinates":[[[70.871,28.715],[70.905,28.688],[70.875,28.661],[70.854,28.668],[70.858,28.698],[70.834,28.682],[70.814,28.695],[70.821,28.715],[70.848,28.702],[70.871,28.715]]]}},{"type":"Feature","properties":{},"geometry":{"type":"Polygon","coordinates":[[[70.167,28.651],[70.143,28.655],[70.123,28.614],[70.086,28.617],[70.069,28.58],[70.028,28.58],[70.005,28.56],[70.028,28.614],[70.123,28.651],[70.17,28.742],[70.244,28.742],[70.227,28.725],[70.237,28.709],[70.156,28.685],[70.163,28.675],[70.146,28.685],[70.143,28.668],[70.19,28.678],[70.167,28.651]],[[70.15,28.688],[70.153,28.692],[70.15,28.692],[70.15,28.688]],[[70.183,28.695],[70.187,28.698],[70.183,28.698],[70.183,28.695]],[[70.214,28.715],[70.224,28.719],[70.214,28.719],[70.214,28.715]],[[70.204,28.735],[70.21,28.739],[70.204,28.739],[70.204,28.735]],[[70.086,28.624],[70.082,28.621],[70.086,28.621],[70.086,28.624]],[[70.069,28.621],[70.065,28.617],[70.069,28.617],[70.069,28.621]],[[70.069,28.611],[70.065,28.607],[70.069,28.607],[70.069,28.611]]]}},{"type":"Feature","properties":{},"geometry":{"type":"Polygon","coordinates":[[[70.939,28.762],[70.956,28.746],[70.939,28.725],[70.898,28.746],[70.939,28.762]],[[70.942,28.739],[70.939,28.735],[70.942,28.735],[70.942,28.739]]]}},{"type":"Feature","properties":{},"geometry":{"type":"Polygon","coordinates":[[[70.308,28.813],[70.288,28.803],[70.274,28.783],[70.298,28.8],[70.325,28.793],[70.258,28.756],[70.21,28.752],[70.237,28.81],[70.308,28.813]],[[70.264,28.776],[70.258,28.769],[70.268,28.769],[70.264,28.776]]]}},{"type":"Feature","properties":{},"geometry":{"type":"Polygon","coordinates":[[[70.261,28.739],[70.332,28.796],[70.345,28.793],[70.328,28.816],[70.413,28.827],[70.443,28.85],[70.436,28.82],[70.403,28.82],[70.291,28.739],[70.261,28.739]],[[70.332,28.783],[70.335,28.786],[70.332,28.786],[70.332,28.783]]]}},{"type":"Feature","properties":{},"geometry":{"type":"Polygon","coordinates":[[[68.096,28.874],[68.127,28.867],[68.13,28.857],[68.103,28.827],[68.096,28.874]]]}},{"type":"Feature","properties":{},"geometry":{"type":"Polygon","coordinates":[[[70.119,28.958],[70.123,28.934],[70.079,28.934],[70.089,28.958],[70.086,28.938],[70.119,28.958]]]}},{"type":"Feature","properties":{},"geometry":{"type":"Polygon","coordinates":[[[71.04,28.958],[71.003,28.934],[71.043,28.921],[71.03,28.911],[71.047,28.877],[71.037,28.857],[70.979,28.877],[70.986,28.897],[71.03,28.887],[70.996,28.914],[70.993,28.904],[70.983,28.904],[70.986,28.938],[71.04,28.958]],[[71.003,28.924],[71.006,28.914],[71.02,28.907],[71.016,28.921],[71.003,28.924]],[[71.037,28.884],[71.03,28.88],[71.037,28.88],[71.037,28.884]],[[71.033,28.874],[71.03,28.87],[71.033,28.87],[71.033,28.874]]]}},{"type":"Feature","properties":{},"geometry":{"type":"Polygon","coordinates":[[[65.328,29.12],[65.368,29.14],[65.395,29.14],[65.388,29.117],[65.361,29.12],[65.314,29.076],[65.328,29.12]],[[65.351,29.123],[65.355,29.127],[65.351,29.127],[65.351,29.123]]]}},{"type":"Feature","properties":{},"geometry":{"type":"Polygon","coordinates":[[[68.224,29.157],[68.228,29.11],[68.207,29.11],[68.201,29.1],[68.221,29.1],[68.228,29.086],[68.201,29.096],[68.204,29.073],[68.184,29.076],[68.18,29.086],[68.194,29.079],[68.197,29.12],[68.18,29.09],[68.164,29.1],[68.187,29.15],[68.218,29.14],[68.224,29.157]],[[68.211,29.123],[68.207,29.13],[68.201,29.123],[68.211,29.123]],[[68.191,29.13],[68.201,29.133],[68.201,29.137],[68.194,29.137],[68.191,29.13]]]}},{"type":"Feature","properties":{},"geometry":{"type":"Polygon","coordinates":[[[64.846,29.106],[64.819,29.113],[64.825,29.144],[64.819,29.12],[64.785,29.137],[64.775,29.174],[64.792,29.177],[64.832,29.144],[64.859,29.16],[64.846,29.106]],[[64.815,29.15],[64.802,29.16],[64.798,29.16],[64.805,29.15],[64.815,29.15]]]}},{"type":"Feature","properties":{},"geometry":{"type":"Polygon","coordinates":[[[64.802,29.332],[64.812,29.319],[64.819,29.289],[64.785,29.315],[64.802,29.332]]]}},{"type":"Feature","properties":{},"geometry":{"type":"Polygon","coordinates":[[[71.043,29.322],[70.996,29.315],[70.999,29.302],[70.983,29.285],[71.01,29.299],[70.999,29.275],[70.962,29.278],[70.949,29.241],[70.979,29.265],[70.972,29.241],[70.946,29.235],[70.919,29.248],[70.902,29.231],[70.919,29.211],[70.821,29.184],[70.821,29.144],[70.747,29.154],[70.784,29.15],[70.79,29.197],[70.807,29.187],[70.814,29.211],[70.881,29.231],[70.908,29.285],[70.956,29.285],[71.01,29.356],[71.043,29.322]],[[71.016,29.332],[71.013,29.326],[71.016,29.326],[71.016,29.332]],[[71.006,29.326],[71.01,29.329],[71.006,29.329],[71.006,29.326]],[[70.986,29.309],[70.989,29.302],[70.993,29.309],[70.986,29.309]],[[70.983,29.295],[70.979,29.292],[70.983,29.292],[70.983,29.295]],[[70.952,29.282],[70.946,29.278],[70.952,29.278],[70.952,29.282]],[[70.925,29.275],[70.922,29.272],[70.925,29.272],[70.925,29.275]],[[70.929,29.272],[70.919,29.255],[70.946,29.255],[70.946,29.258],[70.929,29.272]],[[70.902,29.255],[70.905,29.258],[70.902,29.258],[70.902,29.255]],[[70.912,29.251],[70.908,29.248],[70.912,29.248],[70.912,29.251]],[[70.902,29.245],[70.895,29.241],[70.902,29.241],[70.902,29.245]],[[70.902,29.238],[70.895,29.231],[70.902,29.235],[70.902,29.238]],[[70.888,29.224],[70.881,29.221],[70.881,29.218],[70.885,29.218],[70.888,29.224]],[[70.871,29.211],[70.865,29.204],[70.871,29.208],[70.871,29.211]],[[70.851,29.204],[70.848,29.208],[70.848,29.204],[70.851,29.204]],[[70.861,29.204],[70.858,29.201],[70.861,29.201],[70.861,29.204]],[[70.831,29.197],[70.824,29.194],[70.824,29.191],[70.831,29.197]],[[70.817,29.187],[70.814,29.184],[70.817,29.184],[70.817,29.187]],[[70.807,29.181],[70.804,29.177],[70.807,29.177],[70.807,29.181]],[[70.804,29.17],[70.797,29.154],[70.804,29.147],[70.804,29.17]]]}},{"type":"Feature","properties":{},"geometry":{"type":"Polygon","coordinates":[[[70.217,29.305],[70.183,29.342],[70.194,29.369],[70.204,29.342],[70.237,29.339],[70.244,29.322],[70.221,29.322],[70.227,29.309],[70.217,29.305]],[[70.221,29.315],[70.217,29.312],[70.221,29.312],[70.221,29.315]]]}},{"type":"Feature","properties":{},"geometry":{"type":"Polygon","coordinates":[[[70.14,29.403],[70.119,29.403],[70.143,29.393],[70.133,29.38],[70.113,29.4],[70.113,29.423],[70.14,29.403]]]}},{"type":"Feature","properties":{},"geometry":{"type":"Polygon","coordinates":[[[65.79,29.444],[65.749,29.403],[65.705,29.396],[65.746,29.457],[65.79,29.444]]]}},{"type":"Feature","properties":{},"geometry":{"type":"Polygon","coordinates":[[[70.254,29.464],[70.288,29.444],[70.264,29.434],[70.281,29.423],[70.241,29.427],[70.254,29.464]],[[70.264,29.44],[70.261,29.437],[70.264,29.437],[70.264,29.44]]]}},{"type":"Feature","properties":{},"geometry":{"type":"Polygon","coordinates":[[[67.87,29.487],[67.874,29.434],[67.86,29.457],[67.833,29.447],[67.847,29.484],[67.85,29.46],[67.87,29.487]]]}},{"type":"Feature","properties":{},"geometry":{"type":"Polygon","coordinates":[[[73.222,29.467],[73.185,29.454],[73.171,29.471],[73.215,29.487],[73.222,29.467]],[[73.201,29.474],[73.208,29.481],[73.201,29.477],[73.201,29.474]]]}},{"type":"Feature","properties":{},"geometry":{"type":"Polygon","coordinates":[[[70.345,29.447],[70.295,29.4],[70.288,29.427],[70.308,29.44],[70.291,29.45],[70.301,29.457],[70.264,29.46],[70.261,29.491],[70.295,29.487],[70.288,29.467],[70.308,29.46],[70.315,29.481],[70.335,29.46],[70.349,29.474],[70.345,29.447]],[[70.301,29.447],[70.312,29.45],[70.301,29.45],[70.301,29.447]],[[70.339,29.454],[70.332,29.45],[70.339,29.45],[70.339,29.454]],[[70.291,29.46],[70.295,29.464],[70.291,29.464],[70.291,29.46]],[[70.271,29.464],[70.285,29.464],[70.281,29.471],[70.271,29.464]],[[70.268,29.481],[70.271,29.487],[70.268,29.487],[70.268,29.481]]]}},{"type":"Feature","properties":{},"geometry":{"type":"Polygon","coordinates":[[[68.079,29.487],[68.106,29.471],[68.069,29.457],[68.062,29.484],[68.079,29.487]],[[68.089,29.477],[68.083,29.471],[68.086,29.471],[68.089,29.477]]]}},{"type":"Feature","properties":{},"geometry":{"type":"Polygon","coordinates":[[[70.517,29.447],[70.521,29.474],[70.5,29.487],[70.531,29.501],[70.531,29.484],[70.548,29.487],[70.541,29.511],[70.564,29.514],[70.558,29.481],[70.517,29.447]],[[70.544,29.481],[70.548,29.484],[70.544,29.484],[70.544,29.481]]]}},{"type":"Feature","properties":{},"geometry":{"type":"Polygon","coordinates":[[[70.453,29.514],[70.433,29.491],[70.463,29.491],[70.47,29.457],[70.389,29.477],[70.396,29.504],[70.426,29.494],[70.433,29.518],[70.453,29.514]],[[70.409,29.494],[70.406,29.491],[70.409,29.491],[70.409,29.494]],[[70.416,29.487],[70.413,29.484],[70.416,29.484],[70.416,29.487]]]}},{"type":"Feature","properties":{},"geometry":{"type":"Polygon","coordinates":[[[67.988,29.514],[67.944,29.437],[67.941,29.45],[67.904,29.44],[67.948,29.464],[67.938,29.481],[67.951,29.474],[67.968,29.518],[67.988,29.514]]]}},{"type":"Feature","properties":{},"geometry":{"type":"Polygon","coordinates":[[[68.069,29.514],[68.035,29.487],[68.019,29.498],[68.022,29.471],[67.978,29.467],[67.978,29.494],[68.015,29.504],[68.019,29.521],[68.069,29.514]],[[68.052,29.508],[68.049,29.504],[68.052,29.504],[68.052,29.508]],[[68.022,29.504],[68.019,29.501],[68.022,29.501],[68.022,29.504]],[[67.995,29.484],[68.005,29.477],[68.002,29.484],[67.995,29.484]],[[68.019,29.481],[68.015,29.477],[68.019,29.477],[68.019,29.481]]]}},{"type":"Feature","properties":{},"geometry":{"type":"Polygon","coordinates":[[[70.119,29.528],[70.227,29.494],[70.237,29.46],[70.207,29.454],[70.204,29.474],[70.119,29.528]],[[70.16,29.508],[70.163,29.511],[70.16,29.511],[70.16,29.508]],[[70.207,29.487],[70.204,29.491],[70.204,29.487],[70.207,29.487]],[[70.217,29.481],[70.207,29.477],[70.207,29.471],[70.217,29.481]],[[70.221,29.474],[70.217,29.471],[70.221,29.471],[70.221,29.474]]]}},{"type":"Feature","properties":{},"geometry":{"type":"Polygon","coordinates":[[[68.049,29.562],[68.015,29.548],[68.002,29.565],[67.968,29.528],[67.978,29.572],[68.056,29.575],[68.076,29.565],[68.056,29.538],[68.086,29.541],[68.062,29.514],[68.046,29.528],[68.049,29.562]]]}},{"type":"Feature","properties":{},"geometry":{"type":"Polygon","coordinates":[[[70.47,29.555],[70.473,29.602],[70.5,29.609],[70.511,29.578],[70.487,29.572],[70.494,29.545],[70.47,29.555]]]}},{"type":"Feature","properties":{},"geometry":{"type":"Polygon","coordinates":[[[65.908,29.663],[65.901,29.629],[65.844,29.626],[65.847,29.639],[65.864,29.629],[65.874,29.646],[65.908,29.663]],[[65.884,29.643],[65.881,29.639],[65.884,29.639],[65.884,29.643]]]}},{"type":"Feature","properties":{},"geometry":{"type":"Polygon","coordinates":[[[67.105,29.761],[67.118,29.737],[67.068,29.697],[67.051,29.703],[67.071,29.754],[67.105,29.761]]]}},{"type":"Feature","properties":{},"geometry":{"type":"Polygon","coordinates":[[[70.497,29.67],[70.5,29.629],[70.45,29.629],[70.47,29.619],[70.47,29.589],[70.433,29.578],[70.382,29.629],[70.325,29.599],[70.339,29.575],[70.325,29.565],[70.359,29.552],[70.315,29.552],[70.332,29.646],[70.349,29.629],[70.362,29.636],[70.396,29.629],[70.396,29.68],[70.463,29.7],[70.45,29.71],[70.463,29.774],[70.497,29.73],[70.47,29.727],[70.497,29.723],[70.524,29.69],[70.497,29.67]],[[70.406,29.673],[70.409,29.676],[70.406,29.676],[70.406,29.673]],[[70.487,29.734],[70.484,29.74],[70.477,29.74],[70.487,29.734]],[[70.446,29.636],[70.443,29.629],[70.45,29.636],[70.446,29.636]],[[70.345,29.626],[70.342,29.622],[70.345,29.622],[70.345,29.626]]]}},{"type":"Feature","properties":{},"geometry":{"type":"Polygon","coordinates":[[[73.316,29.892],[73.367,29.875],[73.35,29.831],[73.33,29.852],[73.343,29.868],[73.316,29.892]],[[73.343,29.858],[73.346,29.852],[73.346,29.858],[73.343,29.858]]]}},{"type":"Feature","properties":{},"geometry":{"type":"Polygon","coordinates":[[[66.963,29.933],[67.021,29.892],[67.024,29.872],[66.967,29.879],[66.963,29.933]]]}},{"type":"Feature","properties":{},"geometry":{"type":"Polygon","coordinates":[[[68.68,29.966],[68.754,29.939],[68.696,29.919],[68.605,29.939],[68.609,29.963],[68.666,29.953],[68.68,29.966]]]}},{"type":"Feature","properties":{},"geometry":{"type":"Polygon","coordinates":[[[73.346,29.929],[73.316,29.922],[73.306,29.943],[73.289,29.939],[73.306,29.912],[73.286,29.919],[73.262,29.885],[73.242,29.906],[73.195,29.889],[73.191,29.909],[73.158,29.909],[73.154,29.889],[73.12,29.879],[73.137,29.906],[73.09,29.906],[73.171,29.953],[73.158,29.939],[73.185,29.926],[73.158,29.912],[73.238,29.926],[73.255,29.912],[73.252,29.933],[73.286,29.926],[73.272,29.946],[73.265,29.936],[73.252,29.936],[73.262,29.953],[73.296,29.97],[73.316,29.97],[73.319,29.96],[73.316,29.973],[73.34,29.973],[73.323,29.946],[73.346,29.929]],[[73.319,29.936],[73.326,29.939],[73.319,29.939],[73.319,29.936]],[[73.306,29.96],[73.303,29.953],[73.309,29.953],[73.306,29.96]],[[73.299,29.963],[73.313,29.966],[73.299,29.966],[73.299,29.963]],[[73.232,29.916],[73.225,29.912],[73.225,29.909],[73.232,29.916]],[[73.154,29.912],[73.147,29.909],[73.147,29.906],[73.151,29.906],[73.154,29.912]],[[73.208,29.912],[73.211,29.916],[73.208,29.916],[73.208,29.912]],[[73.127,29.916],[73.131,29.919],[73.127,29.919],[73.127,29.916]],[[73.147,29.922],[73.151,29.926],[73.147,29.926],[73.147,29.922]]]}},{"type":"Feature","properties":{},"geometry":{"type":"Polygon","coordinates":[[[70.548,29.98],[70.554,29.96],[70.581,29.963],[70.588,29.953],[70.602,29.953],[70.581,29.963],[70.581,29.976],[70.598,29.98],[70.618,29.946],[70.602,29.892],[70.564,29.875],[70.568,29.811],[70.544,29.784],[70.561,29.747],[70.548,29.734],[70.527,29.767],[70.521,29.703],[70.497,29.737],[70.517,29.754],[70.487,29.784],[70.497,29.798],[70.45,29.815],[70.45,29.825],[70.5,29.838],[70.46,29.852],[70.504,29.892],[70.507,29.956],[70.531,29.953],[70.531,29.976],[70.548,29.98]],[[70.551,29.963],[70.548,29.96],[70.551,29.96],[70.551,29.963]],[[70.575,29.96],[70.571,29.956],[70.575,29.956],[70.575,29.96]],[[70.561,29.956],[70.554,29.953],[70.561,29.953],[70.561,29.956]],[[70.544,29.943],[70.548,29.956],[70.538,29.953],[70.544,29.943]],[[70.524,29.946],[70.534,29.949],[70.524,29.949],[70.524,29.946]],[[70.517,29.946],[70.521,29.949],[70.517,29.949],[70.517,29.946]],[[70.524,29.919],[70.517,29.912],[70.524,29.912],[70.524,29.919]],[[70.564,29.909],[70.558,29.909],[70.554,29.906],[70.564,29.909]],[[70.561,29.902],[70.558,29.895],[70.561,29.895],[70.561,29.902]],[[70.551,29.882],[70.521,29.862],[70.551,29.845],[70.551,29.882]],[[70.487,29.872],[70.49,29.875],[70.487,29.875],[70.487,29.872]],[[70.531,29.838],[70.514,29.835],[70.524,29.804],[70.534,29.804],[70.531,29.838]],[[70.494,29.815],[70.49,29.821],[70.487,29.815],[70.494,29.815]],[[70.484,29.825],[70.487,29.831],[70.484,29.831],[70.484,29.825]],[[70.504,29.794],[70.5,29.791],[70.504,29.791],[70.504,29.794]]]}},{"type":"Feature","properties":{},"geometry":{"type":"Polygon","coordinates":[[[71.549,29.966],[71.593,29.98],[71.613,29.953],[71.549,29.966]],[[71.59,29.966],[71.579,29.963],[71.59,29.963],[71.59,29.966]]]}},{"type":"Feature","properties":{},"geometry":{"type":"Polygon","coordinates":[[[68.73,29.993],[68.733,29.976],[68.676,29.966],[68.69,29.997],[68.73,29.993]],[[68.713,29.99],[68.707,29.987],[68.713,29.987],[68.713,29.99]],[[68.69,29.98],[68.686,29.973],[68.69,29.973],[68.69,29.98]]]}},{"type":"Feature","properties":{},"geometry":{"type":"Polygon","coordinates":[[[73.12,29.98],[73.117,29.963],[73.114,29.956],[73.147,29.973],[73.127,29.939],[73.107,29.949],[73.114,29.929],[73.11,29.919],[73.1,29.916],[73.087,29.96],[73.11,29.956],[73.117,29.983],[73.097,29.99],[73.141,29.99],[73.12,29.98]]]}},{"type":"Feature","properties":{},"geometry":{"type":"Polygon","coordinates":[[[68.494,30.0],[68.599,29.997],[68.575,29.983],[68.585,29.966],[68.494,29.97],[68.494,30.0]]]}},{"type":"Feature","properties":{},"geometry":{"type":"Polygon","coordinates":[[[68.727,29.976],[68.767,30.0],[68.825,30.0],[68.798,29.983],[68.727,29.976]],[[68.777,29.99],[68.784,29.997],[68.777,29.993],[68.777,29.99]]]}},{"type":"Feature","properties":{},"geometry":{"type":"Polygon","coordinates":[[[70.78,29.697],[70.777,29.649],[70.747,29.619],[70.733,29.434],[70.75,29.413],[70.723,29.312],[70.686,29.349],[70.689,29.376],[70.699,29.386],[70.696,29.417],[70.689,29.396],[70.682,29.4],[70.689,29.437],[70.699,29.454],[70.703,29.447],[70.696,29.434],[70.699,29.423],[70.713,29.444],[70.699,29.474],[70.723,29.484],[70.696,29.491],[70.696,29.525],[70.709,29.538],[70.693,29.548],[70.713,29.578],[70.736,29.555],[70.723,29.595],[70.74,29.602],[70.723,29.626],[70.76,29.649],[70.77,29.71],[70.74,29.659],[70.75,29.646],[70.726,29.639],[70.733,29.676],[70.709,29.659],[70.699,29.616],[70.72,29.612],[70.72,29.589],[70.703,29.578],[70.689,29.538],[70.682,29.538],[70.693,29.535],[70.693,29.46],[70.676,29.407],[70.679,29.349],[70.706,29.322],[70.682,29.272],[70.703,29.211],[70.676,29.177],[70.679,29.164],[70.696,29.184],[70.679,29.16],[70.693,29.167],[70.693,29.123],[70.682,29.106],[70.639,29.103],[70.578,29.046],[70.635,29.096],[70.713,29.106],[70.696,29.117],[70.713,29.184],[70.696,29.268],[70.72,29.309],[70.736,29.285],[70.72,29.238],[70.73,29.15],[70.774,29.144],[70.736,29.123],[70.76,29.073],[70.696,29.066],[70.686,29.009],[70.649,29.019],[70.615,28.951],[70.575,28.941],[70.531,28.88],[70.457,28.877],[70.467,28.901],[70.473,28.891],[70.517,28.901],[70.477,28.907],[70.511,28.928],[70.504,28.934],[70.511,28.961],[70.541,28.975],[70.507,28.961],[70.473,28.924],[70.49,28.918],[70.44,28.887],[70.446,28.867],[70.406,28.837],[70.355,28.847],[70.355,28.833],[70.251,28.827],[70.217,28.803],[70.217,28.823],[70.2,28.816],[70.207,28.779],[70.129,28.729],[70.129,28.668],[70.089,28.665],[70.106,28.648],[70.059,28.648],[70.069,28.634],[70.038,28.638],[70.015,28.58],[69.92,28.537],[69.961,28.533],[69.981,28.553],[69.995,28.543],[69.964,28.523],[69.917,28.53],[69.9,28.479],[69.87,28.486],[69.866,28.462],[69.836,28.466],[69.836,28.442],[69.85,28.446],[69.836,28.425],[69.816,28.466],[69.792,28.459],[69.782,28.466],[69.843,28.472],[69.873,28.52],[69.866,28.513],[69.853,28.516],[69.91,28.547],[69.856,28.523],[69.85,28.543],[69.843,28.513],[69.819,28.513],[69.823,28.493],[69.721,28.446],[69.684,28.398],[69.695,28.368],[69.664,28.348],[69.668,28.327],[69.59,28.307],[69.566,28.27],[69.529,28.28],[69.529,28.27],[69.58,28.267],[69.607,28.301],[69.617,28.29],[69.6,28.263],[69.57,28.257],[69.573,28.226],[69.543,28.203],[69.536,28.152],[69.499,28.159],[69.506,28.139],[69.398,28.078],[69.388,28.112],[69.347,28.108],[69.33,28.075],[69.283,28.051],[69.246,28.051],[69.27,28.078],[69.243,28.085],[69.229,28.068],[69.243,28.054],[69.212,28.054],[69.212,28.034],[69.189,28.027],[69.209,28.027],[69.209,28.004],[69.168,27.997],[69.182,27.977],[69.135,27.99],[69.121,27.973],[69.141,27.967],[69.131,27.95],[69.175,27.95],[69.158,27.97],[69.182,27.967],[69.182,27.943],[69.145,27.913],[69.101,27.909],[69.037,27.842],[69.034,27.808],[69.054,27.822],[69.05,27.795],[69.071,27.791],[69.064,27.761],[69.034,27.754],[69.044,27.737],[69.013,27.714],[69.023,27.697],[68.996,27.714],[68.983,27.694],[69.013,27.673],[69.017,27.66],[68.973,27.683],[68.959,27.673],[68.953,27.69],[68.899,27.687],[68.943,27.7],[68.956,27.707],[68.966,27.721],[68.885,27.694],[68.852,27.741],[68.835,27.727],[68.801,27.754],[68.808,27.731],[68.777,27.734],[68.791,27.71],[68.818,27.717],[68.835,27.687],[68.882,27.697],[68.841,27.677],[68.848,27.653],[68.733,27.646],[68.707,27.704],[68.669,27.724],[68.669,27.66],[68.646,27.643],[68.656,27.616],[68.622,27.616],[68.592,27.646],[68.501,27.616],[68.484,27.592],[68.501,27.549],[68.511,27.582],[68.548,27.586],[68.551,27.572],[68.521,27.565],[68.528,27.559],[68.514,27.545],[68.518,27.535],[68.528,27.552],[68.599,27.535],[68.545,27.569],[68.551,27.569],[68.562,27.579],[68.585,27.562],[68.575,27.576],[68.578,27.586],[68.599,27.572],[68.595,27.552],[68.619,27.549],[68.609,27.586],[68.676,27.603],[68.68,27.633],[68.713,27.643],[68.707,27.623],[68.737,27.623],[68.727,27.609],[68.754,27.623],[68.733,27.592],[68.757,27.576],[68.767,27.589],[68.777,27.586],[68.791,27.555],[68.801,27.579],[68.835,27.582],[68.845,27.562],[68.825,27.538],[68.848,27.532],[68.835,27.501],[68.855,27.488],[68.892,27.535],[68.892,27.613],[68.916,27.596],[68.916,27.569],[68.892,27.508],[68.875,27.508],[68.814,27.407],[68.744,27.339],[68.649,27.333],[68.659,27.275],[68.646,27.282],[68.626,27.275],[68.659,27.255],[68.659,27.228],[68.68,27.242],[68.68,27.225],[68.649,27.221],[68.656,27.248],[68.629,27.242],[68.639,27.194],[68.599,27.191],[68.592,27.174],[68.615,27.147],[68.609,27.171],[68.646,27.168],[68.68,27.208],[68.68,27.174],[68.696,27.164],[68.666,27.141],[68.653,27.154],[68.649,27.12],[68.619,27.127],[68.653,27.107],[68.636,27.09],[68.622,27.1],[68.636,27.07],[68.599,27.053],[68.572,27.063],[68.585,27.049],[68.558,27.036],[68.497,27.036],[68.501,27.063],[68.545,27.076],[68.504,27.066],[68.508,27.107],[68.481,27.097],[68.46,27.114],[68.467,27.09],[68.417,27.08],[68.44,27.073],[68.43,27.06],[68.406,27.073],[68.4,27.053],[68.427,27.046],[68.406,27.039],[68.406,27.026],[68.45,27.039],[68.437,27.019],[68.467,27.019],[68.467,26.996],[68.443,26.979],[68.443,26.942],[68.396,26.925],[68.4,26.898],[68.359,26.854],[68.332,26.84],[68.319,26.857],[68.332,26.871],[68.315,26.864],[68.322,26.783],[68.315,26.797],[68.305,26.78],[68.278,26.79],[68.272,26.83],[68.221,26.803],[68.234,26.83],[68.201,26.834],[68.214,26.844],[68.197,26.874],[68.221,26.874],[68.231,26.861],[68.224,26.884],[68.116,26.871],[68.133,26.935],[68.11,26.958],[68.116,26.989],[68.133,27.033],[68.16,27.016],[68.17,27.036],[68.194,27.012],[68.231,27.06],[68.282,27.063],[68.292,27.039],[68.309,27.046],[68.305,27.033],[68.349,27.012],[68.329,27.056],[68.352,27.06],[68.356,27.103],[68.305,27.087],[68.336,27.083],[68.312,27.053],[68.298,27.066],[68.285,27.06],[68.282,27.066],[68.272,27.073],[68.234,27.076],[68.346,27.114],[68.342,27.134],[68.315,27.124],[68.322,27.154],[68.369,27.117],[68.396,27.12],[68.349,27.161],[68.379,27.157],[68.366,27.178],[68.396,27.228],[68.413,27.218],[68.413,27.248],[68.43,27.225],[68.474,27.245],[68.481,27.225],[68.487,27.259],[68.47,27.252],[68.47,27.262],[68.454,27.259],[68.454,27.265],[68.511,27.282],[68.491,27.296],[68.514,27.333],[68.494,27.339],[68.528,27.346],[68.511,27.353],[68.521,27.38],[68.545,27.39],[68.551,27.377],[68.565,27.417],[68.524,27.393],[68.497,27.404],[68.491,27.373],[68.508,27.38],[68.508,27.353],[68.467,27.366],[68.487,27.393],[68.464,27.397],[68.45,27.373],[68.437,27.37],[68.43,27.39],[68.477,27.407],[68.443,27.407],[68.45,27.431],[68.433,27.42],[68.437,27.444],[68.417,27.451],[68.481,27.511],[68.433,27.501],[68.423,27.474],[68.336,27.427],[68.339,27.397],[68.379,27.4],[68.342,27.316],[68.346,27.279],[68.295,27.272],[68.285,27.248],[68.234,27.228],[68.191,27.157],[68.164,27.151],[68.16,27.164],[68.116,27.141],[68.157,27.137],[68.14,27.12],[68.15,27.083],[68.11,27.043],[68.12,27.019],[68.093,26.965],[68.093,26.901],[68.11,26.905],[68.103,26.881],[68.13,26.847],[68.11,26.84],[68.086,26.888],[68.089,26.867],[68.059,26.861],[68.076,26.84],[68.056,26.834],[68.123,26.817],[68.143,26.851],[68.16,26.851],[68.137,26.864],[68.184,26.878],[68.177,26.851],[68.191,26.851],[68.204,26.824],[68.187,26.807],[68.191,26.76],[68.197,26.763],[68.204,26.76],[68.18,26.739],[68.207,26.729],[68.194,26.709],[68.214,26.716],[68.197,26.675],[68.224,26.672],[68.201,26.658],[68.255,26.665],[68.238,26.628],[68.268,26.665],[68.292,26.665],[68.285,26.716],[68.315,26.682],[68.339,26.682],[68.312,26.702],[68.342,26.702],[68.336,26.712],[68.373,26.729],[68.363,26.766],[68.383,26.793],[68.413,26.786],[68.393,26.776],[68.386,26.736],[68.417,26.719],[68.4,26.733],[68.406,26.753],[68.437,26.733],[68.443,26.736],[68.423,26.746],[68.427,26.766],[68.396,26.77],[68.46,26.793],[68.437,26.776],[68.467,26.766],[68.477,26.736],[68.457,26.722],[68.46,26.753],[68.44,26.763],[68.45,26.729],[68.433,26.716],[68.454,26.726],[68.467,26.709],[68.406,26.712],[68.41,26.699],[68.4,26.695],[68.383,26.716],[68.406,26.662],[68.356,26.668],[68.349,26.702],[68.349,26.672],[68.329,26.668],[68.349,26.662],[68.342,26.611],[68.349,26.618],[68.366,26.611],[68.359,26.658],[68.393,26.645],[68.373,26.638],[68.379,26.608],[68.369,26.615],[68.356,26.594],[68.406,26.588],[68.403,26.564],[68.346,26.55],[68.373,26.55],[68.369,26.534],[68.403,26.523],[68.403,26.5],[68.423,26.523],[68.427,26.493],[68.464,26.493],[68.464,26.459],[68.443,26.439],[68.484,26.456],[68.467,26.426],[68.524,26.456],[68.501,26.412],[68.511,26.402],[68.535,26.416],[68.528,26.443],[68.545,26.443],[68.548,26.409],[68.562,26.416],[68.565,26.443],[68.575,26.446],[68.568,26.416],[68.585,26.405],[68.558,26.402],[68.588,26.402],[68.605,26.362],[68.585,26.358],[68.578,26.325],[68.629,26.311],[68.642,26.318],[68.642,26.325],[68.619,26.338],[68.686,26.341],[68.673,26.308],[68.649,26.304],[68.693,26.284],[68.72,26.294],[68.72,26.277],[68.676,26.25],[68.659,26.284],[68.663,26.237],[68.683,26.227],[68.683,26.196],[68.703,26.21],[68.71,26.196],[68.723,26.223],[68.7,26.23],[68.73,26.247],[68.733,26.183],[68.666,26.18],[68.646,26.206],[68.646,26.271],[68.609,26.281],[68.599,26.254],[68.602,26.281],[68.562,26.277],[68.582,26.304],[68.535,26.335],[68.548,26.355],[68.518,26.351],[68.497,26.372],[68.504,26.395],[68.464,26.409],[68.491,26.382],[68.464,26.362],[68.47,26.348],[68.504,26.365],[68.487,26.338],[68.514,26.351],[68.541,26.298],[68.531,26.291],[68.528,26.277],[68.555,26.291],[68.548,26.271],[68.521,26.267],[68.514,26.257],[68.572,26.264],[68.588,26.247],[68.588,26.223],[68.565,26.217],[68.568,26.176],[68.612,26.163],[68.612,26.146],[68.551,26.153],[68.535,26.18],[68.521,26.173],[68.511,26.217],[68.484,26.21],[68.481,26.247],[68.497,26.237],[68.497,26.25],[68.42,26.26],[68.44,26.277],[68.413,26.291],[68.423,26.331],[68.403,26.328],[68.403,26.351],[68.363,26.385],[68.383,26.412],[68.356,26.416],[68.359,26.385],[68.342,26.378],[68.363,26.378],[68.366,26.331],[68.396,26.328],[68.373,26.304],[68.4,26.304],[68.413,26.277],[68.39,26.254],[68.4,26.237],[68.379,26.237],[68.386,26.223],[68.41,26.233],[68.413,26.203],[68.39,26.2],[68.42,26.173],[68.443,26.186],[68.433,26.156],[68.447,26.163],[68.457,26.132],[68.366,26.19],[68.356,26.166],[68.322,26.156],[68.325,26.176],[68.302,26.18],[68.342,26.213],[68.319,26.213],[68.332,26.244],[68.312,26.254],[68.315,26.267],[68.336,26.254],[68.336,26.277],[68.302,26.304],[68.292,26.271],[68.305,26.284],[68.322,26.274],[68.258,26.25],[68.231,26.271],[68.248,26.287],[68.241,26.294],[68.211,26.25],[68.164,26.26],[68.15,26.21],[68.167,26.22],[68.174,26.206],[68.15,26.206],[68.16,26.19],[68.137,26.166],[68.1,26.163],[68.14,26.146],[68.12,26.072],[68.143,26.068],[68.096,26.058],[68.076,26.088],[68.046,26.085],[68.062,26.099],[68.056,26.122],[68.019,26.136],[68.012,26.169],[67.975,26.166],[67.965,26.2],[67.897,26.237],[67.897,26.321],[67.874,26.325],[67.864,26.395],[67.813,26.345],[67.749,26.345],[67.702,26.318],[67.648,26.355],[67.654,26.385],[67.698,26.348],[67.759,26.372],[67.82,26.362],[67.83,26.395],[67.715,26.419],[67.692,26.476],[67.638,26.507],[67.54,26.463],[67.52,26.476],[67.533,26.517],[67.513,26.523],[67.513,26.55],[67.422,26.54],[67.435,26.577],[67.459,26.577],[67.459,26.554],[67.486,26.571],[67.503,26.571],[67.486,26.584],[67.506,26.615],[67.466,26.621],[67.472,26.638],[67.493,26.648],[67.489,26.625],[67.526,26.615],[67.543,26.658],[67.563,26.665],[67.57,26.702],[67.553,26.726],[67.574,26.763],[67.58,26.857],[67.621,26.881],[67.587,26.952],[67.55,26.952],[67.553,26.996],[67.513,27.002],[67.547,27.151],[67.57,27.181],[67.563,27.232],[67.611,27.292],[67.577,27.339],[67.604,27.39],[67.553,27.471],[67.567,27.515],[67.611,27.532],[67.624,27.586],[67.6,27.626],[67.627,27.633],[67.634,27.677],[67.617,27.724],[67.553,27.764],[67.563,27.849],[67.543,27.899],[67.513,27.913],[67.506,28.0],[67.54,28.011],[67.553,27.997],[67.574,28.014],[67.563,28.051],[67.59,28.098],[67.577,28.098],[67.567,28.145],[67.59,28.169],[67.577,28.203],[67.533,28.216],[67.509,28.253],[67.547,28.243],[67.536,28.263],[67.567,28.263],[67.56,28.297],[67.584,28.294],[67.587,28.314],[67.611,28.297],[67.621,28.314],[67.611,28.307],[67.597,28.311],[67.621,28.324],[67.617,28.365],[67.644,28.385],[67.617,28.408],[67.627,28.452],[67.604,28.449],[67.624,28.462],[67.604,28.459],[67.617,28.469],[67.604,28.499],[67.584,28.503],[67.567,28.53],[67.567,28.614],[67.52,28.668],[67.567,28.769],[67.496,28.911],[67.587,29.029],[67.587,29.002],[67.611,29.022],[67.631,29.005],[67.661,29.032],[67.648,29.046],[67.665,29.042],[67.665,29.083],[67.678,29.073],[67.678,29.056],[67.705,29.076],[67.692,29.103],[67.722,29.12],[67.719,29.14],[67.688,29.154],[67.688,29.13],[67.668,29.137],[67.651,29.177],[67.705,29.174],[67.729,29.137],[67.702,29.282],[67.712,29.265],[67.708,29.292],[67.756,29.329],[67.762,29.369],[67.806,29.427],[67.823,29.4],[67.81,29.386],[67.83,29.403],[67.837,29.38],[67.857,29.393],[67.823,29.417],[67.823,29.434],[67.847,29.417],[67.83,29.44],[67.853,29.437],[67.867,29.393],[67.88,29.413],[67.901,29.413],[67.897,29.39],[67.884,29.396],[67.894,29.342],[67.951,29.42],[67.941,29.386],[67.958,29.373],[67.965,29.39],[67.978,29.356],[67.955,29.346],[67.928,29.363],[67.934,29.332],[67.901,29.282],[67.975,29.319],[67.988,29.275],[67.992,29.312],[68.025,29.295],[68.029,29.322],[68.059,29.326],[68.073,29.312],[68.052,29.285],[68.096,29.289],[68.127,29.248],[68.127,29.272],[68.143,29.275],[68.164,29.255],[68.106,29.235],[68.066,29.248],[68.022,29.245],[68.005,29.235],[68.049,29.241],[68.073,29.235],[68.076,29.228],[68.046,29.228],[68.046,29.208],[68.039,29.201],[67.988,29.184],[67.975,29.164],[68.025,29.194],[68.056,29.197],[68.076,29.17],[68.116,29.16],[68.133,29.174],[68.11,29.17],[68.1,29.187],[68.153,29.187],[68.133,29.157],[68.153,29.17],[68.17,29.137],[68.123,29.133],[68.12,29.11],[68.116,29.123],[68.096,29.117],[68.079,29.086],[68.066,29.1],[68.049,29.079],[68.035,29.083],[68.035,29.066],[68.005,29.073],[68.025,29.063],[68.019,29.046],[68.039,29.056],[68.009,29.019],[68.022,28.995],[67.998,29.005],[68.002,29.042],[67.985,29.036],[67.992,29.015],[67.975,29.015],[67.965,28.999],[67.982,29.012],[67.995,29.005],[67.944,28.938],[67.951,28.884],[67.978,28.901],[67.985,28.874],[67.944,28.864],[67.965,28.843],[67.941,28.783],[67.965,28.742],[67.971,28.756],[68.002,28.739],[67.995,28.655],[68.022,28.651],[68.009,28.675],[68.032,28.651],[68.056,28.655],[68.056,28.685],[68.076,28.688],[68.062,28.678],[68.1,28.624],[68.056,28.631],[68.042,28.624],[68.079,28.597],[68.093,28.621],[68.096,28.604],[68.116,28.617],[68.13,28.584],[68.11,28.58],[68.116,28.56],[68.14,28.58],[68.123,28.611],[68.127,28.682],[68.103,28.698],[68.187,28.658],[68.16,28.702],[68.17,28.729],[68.201,28.735],[68.234,28.705],[68.234,28.698],[68.218,28.698],[68.214,28.692],[68.234,28.692],[68.251,28.661],[68.268,28.682],[68.272,28.655],[68.302,28.655],[68.312,28.624],[68.39,28.631],[68.39,28.624],[68.396,28.621],[68.403,28.634],[68.379,28.655],[68.403,28.644],[68.437,28.668],[68.423,28.641],[68.403,28.641],[68.41,28.611],[68.393,28.58],[68.43,28.601],[68.423,28.617],[68.454,28.614],[68.464,28.597],[68.46,28.638],[68.487,28.651],[68.484,28.631],[68.528,28.621],[68.528,28.591],[68.541,28.604],[68.582,28.584],[68.615,28.547],[68.626,28.58],[68.666,28.547],[68.629,28.553],[68.636,28.537],[68.7,28.523],[68.727,28.489],[68.774,28.483],[68.771,28.469],[68.808,28.472],[68.801,28.452],[68.905,28.456],[68.895,28.442],[68.916,28.425],[68.932,28.432],[68.916,28.459],[68.932,28.476],[68.939,28.456],[68.956,28.462],[68.953,28.432],[68.98,28.456],[69.02,28.435],[69.091,28.449],[69.081,28.466],[69.118,28.496],[69.152,28.459],[69.219,28.456],[69.256,28.432],[69.249,28.419],[69.28,28.419],[69.405,28.439],[69.408,28.466],[69.428,28.449],[69.452,28.466],[69.458,28.506],[69.475,28.513],[69.543,28.503],[69.566,28.479],[69.583,28.499],[69.58,28.476],[69.607,28.476],[69.617,28.456],[69.752,28.486],[69.752,28.52],[69.816,28.557],[69.813,28.584],[69.88,28.644],[69.843,28.682],[69.809,28.671],[69.786,28.678],[69.833,28.688],[69.823,28.719],[69.917,28.739],[69.917,28.786],[69.944,28.84],[70.049,28.837],[70.092,28.864],[70.079,28.894],[70.109,28.874],[70.146,28.894],[70.163,28.921],[70.153,28.934],[70.21,28.958],[70.217,29.025],[70.234,29.039],[70.21,29.056],[70.224,29.137],[70.204,29.17],[70.234,29.191],[70.244,29.241],[70.285,29.255],[70.285,29.272],[70.291,29.255],[70.325,29.262],[70.339,29.245],[70.345,29.265],[70.315,29.272],[70.349,29.285],[70.345,29.305],[70.305,29.309],[70.342,29.312],[70.339,29.342],[70.376,29.329],[70.362,29.393],[70.44,29.383],[70.494,29.454],[70.544,29.423],[70.514,29.42],[70.504,29.369],[70.477,29.342],[70.484,29.315],[70.46,29.322],[70.423,29.144],[70.403,29.113],[70.436,29.076],[70.426,29.039],[70.446,29.029],[70.443,28.985],[70.463,28.985],[70.457,28.999],[70.49,29.022],[70.517,29.019],[70.531,29.056],[70.514,29.106],[70.568,29.147],[70.575,29.228],[70.602,29.238],[70.598,29.272],[70.656,29.38],[70.639,29.4],[70.656,29.427],[70.642,29.501],[70.659,29.538],[70.635,29.595],[70.659,29.589],[70.666,29.612],[70.682,29.609],[70.696,29.71],[70.736,29.75],[70.733,29.791],[70.763,29.852],[70.75,29.953],[70.774,30.0],[70.807,29.99],[70.811,29.97],[70.824,29.987],[70.811,30.0],[70.844,30.0],[70.827,29.976],[70.858,29.882],[70.834,29.791],[70.811,29.781],[70.811,29.723],[70.78,29.697]],[[70.757,29.71],[70.76,29.713],[70.757,29.713],[70.757,29.71]],[[70.753,29.693],[70.736,29.71],[70.733,29.683],[70.753,29.693]],[[70.709,29.717],[70.706,29.707],[70.716,29.717],[70.709,29.717]],[[70.77,29.747],[70.75,29.73],[70.75,29.723],[70.767,29.737],[70.767,29.713],[70.79,29.72],[70.77,29.747]],[[70.784,29.75],[70.784,29.794],[70.797,29.794],[70.797,29.835],[70.777,29.798],[70.784,29.75]],[[70.797,29.747],[70.794,29.74],[70.797,29.74],[70.797,29.747]],[[70.757,29.754],[70.767,29.761],[70.753,29.767],[70.757,29.754]],[[70.767,29.798],[70.753,29.794],[70.757,29.777],[70.763,29.781],[70.767,29.798]],[[70.763,29.811],[70.774,29.821],[70.763,29.821],[70.763,29.811]],[[70.767,29.828],[70.774,29.831],[70.767,29.831],[70.767,29.828]],[[70.777,29.831],[70.784,29.848],[70.774,29.855],[70.777,29.831]],[[70.814,29.855],[70.814,29.912],[70.807,29.919],[70.811,29.862],[70.794,29.845],[70.814,29.855]],[[70.824,29.868],[70.821,29.862],[70.824,29.862],[70.824,29.868]],[[70.827,29.848],[70.824,29.845],[70.827,29.845],[70.827,29.848]],[[70.77,29.868],[70.78,29.865],[70.78,29.875],[70.77,29.868]],[[70.777,29.879],[70.78,29.889],[70.777,29.889],[70.777,29.879]],[[70.794,29.889],[70.797,29.892],[70.794,29.892],[70.794,29.889]],[[70.777,29.895],[70.787,29.899],[70.777,29.902],[70.777,29.895]],[[70.777,29.909],[70.774,29.912],[70.774,29.909],[70.777,29.909]],[[70.784,29.949],[70.811,29.946],[70.817,29.966],[70.794,29.963],[70.79,29.966],[70.797,29.973],[70.794,29.976],[70.784,29.949],[70.77,29.953],[70.767,29.933],[70.797,29.912],[70.784,29.949]],[[70.794,29.943],[70.79,29.939],[70.794,29.939],[70.794,29.943]],[[70.834,29.933],[70.831,29.929],[70.834,29.929],[70.834,29.933]],[[70.767,29.916],[70.774,29.922],[70.763,29.922],[70.767,29.916]],[[70.777,29.956],[70.774,29.966],[70.77,29.956],[70.777,29.956]],[[70.777,29.97],[70.78,29.973],[70.777,29.973],[70.777,29.97]],[[70.784,29.973],[70.79,29.976],[70.79,29.983],[70.784,29.973]],[[70.824,29.912],[70.831,29.906],[70.838,29.912],[70.824,29.912]],[[70.811,29.831],[70.807,29.828],[70.811,29.828],[70.811,29.831]],[[70.801,29.784],[70.794,29.774],[70.794,29.767],[70.801,29.784]],[[70.804,29.761],[70.801,29.75],[70.804,29.75],[70.804,29.761]],[[70.723,29.717],[70.733,29.723],[70.726,29.727],[70.723,29.717]],[[70.709,29.67],[70.706,29.666],[70.709,29.666],[70.709,29.67]],[[70.699,29.609],[70.703,29.599],[70.706,29.599],[70.706,29.605],[70.699,29.609]],[[70.682,29.548],[70.686,29.541],[70.686,29.548],[70.682,29.548]],[[70.686,29.531],[70.689,29.528],[70.689,29.531],[70.686,29.531]],[[70.656,29.501],[70.652,29.498],[70.656,29.498],[70.656,29.501]],[[70.656,29.315],[70.659,29.309],[70.659,29.315],[70.656,29.315]],[[70.693,29.235],[70.689,29.228],[70.693,29.228],[70.693,29.235]],[[70.612,29.197],[70.615,29.208],[70.608,29.208],[70.612,29.197]],[[70.689,29.144],[70.686,29.14],[70.689,29.14],[70.689,29.144]],[[70.686,29.137],[70.689,29.133],[70.689,29.137],[70.686,29.137]],[[70.672,29.133],[70.669,29.127],[70.672,29.127],[70.672,29.133]],[[70.554,29.093],[70.551,29.09],[70.554,29.09],[70.554,29.093]],[[70.538,29.09],[70.534,29.086],[70.538,29.086],[70.538,29.09]],[[70.656,29.036],[70.659,29.019],[70.682,29.019],[70.679,29.049],[70.656,29.036]],[[70.605,29.015],[70.612,29.022],[70.605,29.022],[70.605,29.015]],[[70.578,28.968],[70.544,28.978],[70.568,28.955],[70.612,29.009],[70.581,29.012],[70.575,29.042],[70.578,28.968]],[[70.534,28.978],[70.538,28.982],[70.534,28.982],[70.534,28.978]],[[70.382,29.241],[70.318,29.123],[70.291,29.113],[70.312,29.083],[70.291,29.079],[70.295,29.009],[70.274,28.951],[70.194,28.88],[70.18,28.887],[70.163,28.857],[70.197,28.843],[70.089,28.833],[70.113,28.806],[70.086,28.813],[70.079,28.783],[70.015,28.769],[69.998,28.735],[70.065,28.752],[70.079,28.776],[70.16,28.81],[70.177,28.803],[70.21,28.84],[70.254,28.85],[70.258,28.88],[70.268,28.854],[70.295,28.85],[70.315,28.88],[70.349,28.884],[70.355,28.867],[70.382,28.88],[70.359,28.874],[70.376,28.901],[70.413,28.897],[70.386,28.968],[70.419,28.999],[70.399,29.029],[70.423,29.032],[70.423,29.056],[70.376,29.069],[70.355,29.096],[70.376,29.11],[70.369,29.16],[70.389,29.201],[70.382,29.241]],[[70.328,29.238],[70.332,29.241],[70.328,29.241],[70.328,29.238]],[[70.254,29.238],[70.264,29.241],[70.264,29.245],[70.258,29.245],[70.254,29.238]],[[70.426,29.211],[70.419,29.201],[70.426,29.197],[70.426,29.211]],[[70.416,29.197],[70.413,29.194],[70.416,29.194],[70.416,29.197]],[[70.406,29.17],[70.399,29.164],[70.409,29.164],[70.406,29.17]],[[70.43,29.002],[70.426,28.999],[70.43,28.999],[70.43,29.002]],[[70.504,28.975],[70.5,28.972],[70.504,28.972],[70.504,28.975]],[[70.48,28.968],[70.48,28.975],[70.477,28.965],[70.48,28.968]],[[70.467,28.972],[70.47,28.975],[70.467,28.975],[70.467,28.972]],[[70.5,28.968],[70.494,28.958],[70.497,28.958],[70.5,28.968]],[[70.47,28.921],[70.467,28.914],[70.47,28.914],[70.47,28.921]],[[70.423,28.911],[70.413,28.918],[70.413,28.911],[70.423,28.911]],[[70.43,28.911],[70.426,28.904],[70.433,28.904],[70.43,28.911]],[[70.43,28.86],[70.423,28.86],[70.416,28.857],[70.43,28.86]],[[69.988,28.742],[69.991,28.746],[69.988,28.746],[69.988,28.742]],[[70.011,28.773],[70.018,28.783],[70.011,28.779],[70.011,28.773]],[[70.049,28.783],[70.065,28.803],[70.032,28.789],[70.049,28.783]],[[70.079,28.823],[70.082,28.827],[70.079,28.827],[70.079,28.823]],[[70.126,28.857],[70.133,28.86],[70.126,28.86],[70.126,28.857]],[[70.146,28.864],[70.15,28.867],[70.146,28.867],[70.146,28.864]],[[70.156,28.874],[70.16,28.877],[70.156,28.877],[70.156,28.874]],[[70.197,28.901],[70.204,28.904],[70.197,28.904],[70.197,28.901]],[[70.237,28.924],[70.241,28.928],[70.237,28.928],[70.237,28.924]],[[70.264,28.985],[70.244,28.982],[70.251,29.009],[70.244,29.009],[70.241,28.965],[70.264,28.985]],[[70.251,29.015],[70.258,29.019],[70.251,29.022],[70.251,29.015]],[[70.274,29.025],[70.278,29.019],[70.281,29.025],[70.274,29.025]],[[70.234,29.063],[70.231,29.066],[70.231,29.063],[70.234,29.063]],[[70.231,29.096],[70.234,29.1],[70.231,29.1],[70.231,29.096]],[[70.558,28.992],[70.564,29.002],[70.554,28.999],[70.558,28.992]],[[70.473,28.995],[70.477,28.999],[70.473,28.999],[70.473,28.995]],[[70.605,29.032],[70.612,29.029],[70.612,29.032],[70.605,29.032]],[[70.588,29.025],[70.585,29.022],[70.588,29.022],[70.588,29.025]],[[70.629,29.009],[70.625,29.005],[70.629,29.005],[70.629,29.009]],[[70.386,29.262],[70.393,29.268],[70.386,29.268],[70.386,29.262]],[[70.339,29.268],[70.328,29.275],[70.332,29.268],[70.339,29.268]],[[70.406,29.275],[70.403,29.272],[70.406,29.272],[70.406,29.275]],[[70.406,29.282],[70.409,29.285],[70.406,29.285],[70.406,29.282]],[[70.349,29.295],[70.352,29.299],[70.349,29.299],[70.349,29.295]],[[70.352,29.319],[70.355,29.315],[70.359,29.319],[70.352,29.319]],[[70.406,29.326],[70.413,29.329],[70.406,29.329],[70.406,29.326]],[[70.467,29.329],[70.463,29.326],[70.467,29.326],[70.467,29.329]],[[70.396,29.342],[70.403,29.332],[70.409,29.332],[70.396,29.342]],[[70.389,29.353],[70.389,29.376],[70.382,29.373],[70.389,29.353]],[[70.376,29.38],[70.379,29.383],[70.376,29.383],[70.376,29.38]],[[70.473,29.386],[70.477,29.39],[70.473,29.39],[70.473,29.386]],[[70.477,29.403],[70.48,29.407],[70.477,29.407],[70.477,29.403]],[[70.494,29.413],[70.484,29.423],[70.477,29.417],[70.477,29.413],[70.494,29.413]],[[70.119,28.722],[70.103,28.715],[70.103,28.692],[70.119,28.722]],[[70.116,28.702],[70.113,28.698],[70.116,28.698],[70.116,28.702]],[[69.856,28.692],[69.86,28.695],[69.856,28.695],[69.856,28.692]],[[69.846,28.695],[69.853,28.698],[69.846,28.698],[69.846,28.695]],[[69.85,28.692],[69.846,28.688],[69.85,28.688],[69.85,28.692]],[[69.877,28.685],[69.873,28.682],[69.877,28.682],[69.877,28.685]],[[70.099,28.675],[70.096,28.671],[70.099,28.671],[70.099,28.675]],[[69.988,28.671],[69.984,28.668],[69.988,28.668],[69.988,28.671]],[[70.035,28.668],[70.032,28.661],[70.035,28.661],[70.035,28.668]],[[70.059,28.665],[70.045,28.661],[70.059,28.661],[70.059,28.665]],[[69.971,28.648],[69.974,28.638],[69.978,28.638],[69.978,28.644],[69.971,28.648]],[[69.968,28.628],[69.964,28.624],[69.968,28.624],[69.968,28.628]],[[69.958,28.621],[69.947,28.617],[69.947,28.614],[69.954,28.614],[69.958,28.621]],[[69.944,28.614],[69.937,28.611],[69.937,28.604],[69.944,28.614]],[[69.934,28.597],[69.931,28.594],[69.934,28.594],[69.934,28.597]],[[70.011,28.594],[70.008,28.591],[70.011,28.591],[70.011,28.594]],[[69.941,28.58],[69.937,28.577],[69.941,28.577],[69.941,28.58]],[[69.924,28.56],[69.92,28.557],[69.924,28.557],[69.924,28.56]],[[69.907,28.553],[69.91,28.557],[69.907,28.557],[69.907,28.553]],[[69.839,28.557],[69.843,28.56],[69.839,28.56],[69.839,28.557]],[[69.873,28.54],[69.863,28.543],[69.863,28.54],[69.873,28.54]],[[69.799,28.53],[69.796,28.526],[69.799,28.526],[69.799,28.53]],[[69.789,28.526],[69.792,28.53],[69.789,28.53],[69.789,28.526]],[[69.745,28.469],[69.742,28.466],[69.745,28.466],[69.745,28.469]],[[69.711,28.459],[69.708,28.456],[69.711,28.456],[69.711,28.459]],[[69.678,28.452],[69.671,28.456],[69.671,28.452],[69.678,28.452]],[[69.62,28.439],[69.593,28.456],[69.56,28.422],[69.62,28.439]],[[69.698,28.442],[69.678,28.449],[69.678,28.442],[69.698,28.442]],[[69.63,28.439],[69.634,28.442],[69.63,28.442],[69.63,28.439]],[[69.644,28.439],[69.661,28.402],[69.705,28.435],[69.644,28.439]],[[69.651,28.405],[69.59,28.358],[69.576,28.378],[69.56,28.334],[69.58,28.321],[69.576,28.351],[69.634,28.358],[69.651,28.405]],[[69.617,28.392],[69.647,28.408],[69.647,28.412],[69.63,28.415],[69.617,28.392]],[[69.614,28.392],[69.61,28.402],[69.597,28.402],[69.614,28.392]],[[69.593,28.392],[69.566,28.392],[69.566,28.381],[69.587,28.378],[69.593,28.392]],[[69.388,28.378],[69.391,28.381],[69.388,28.381],[69.388,28.378]],[[67.978,28.375],[67.961,28.378],[67.955,28.327],[67.975,28.327],[67.978,28.375]],[[68.356,28.378],[68.339,28.365],[68.356,28.368],[68.356,28.378]],[[69.465,28.378],[69.462,28.375],[69.465,28.375],[69.465,28.378]],[[68.838,28.371],[68.828,28.368],[68.825,28.361],[68.838,28.371]],[[68.535,28.371],[68.538,28.375],[68.535,28.375],[68.535,28.371]],[[69.246,28.371],[69.246,28.361],[69.253,28.361],[69.246,28.371]],[[69.431,28.365],[69.428,28.361],[69.431,28.361],[69.431,28.365]],[[69.222,28.361],[69.226,28.338],[69.233,28.334],[69.236,28.348],[69.222,28.361]],[[69.108,28.354],[69.111,28.361],[69.108,28.361],[69.108,28.354]],[[69.034,28.351],[69.04,28.354],[69.034,28.354],[69.034,28.351]],[[69.121,28.361],[69.125,28.365],[69.121,28.365],[69.121,28.361]],[[69.249,28.358],[69.253,28.354],[69.253,28.358],[69.249,28.358]],[[69.452,28.358],[69.445,28.354],[69.452,28.354],[69.452,28.358]],[[69.313,28.351],[69.317,28.358],[69.313,28.358],[69.313,28.351]],[[69.256,28.351],[69.253,28.348],[69.256,28.348],[69.256,28.351]],[[69.512,28.344],[69.509,28.341],[69.512,28.341],[69.512,28.344]],[[69.273,28.341],[69.276,28.344],[69.273,28.344],[69.273,28.341]],[[69.546,28.338],[69.539,28.331],[69.546,28.334],[69.546,28.338]],[[69.408,28.331],[69.405,28.338],[69.401,28.331],[69.408,28.331]],[[69.502,28.331],[69.499,28.327],[69.502,28.327],[69.502,28.331]],[[68.966,28.321],[68.973,28.334],[68.959,28.338],[68.966,28.321]],[[69.408,28.327],[69.405,28.317],[69.411,28.321],[69.408,28.327]],[[69.394,28.317],[69.398,28.324],[69.394,28.324],[69.394,28.317]],[[69.229,28.321],[69.233,28.314],[69.239,28.314],[69.229,28.321]],[[68.754,28.321],[68.733,28.314],[68.733,28.311],[68.75,28.307],[68.754,28.321]],[[68.541,28.317],[68.528,28.311],[68.548,28.311],[68.541,28.317]],[[68.518,28.307],[68.508,28.321],[68.494,28.304],[68.518,28.307]],[[69.185,28.311],[69.182,28.304],[69.189,28.304],[69.185,28.311]],[[69.108,28.311],[69.111,28.314],[69.108,28.314],[69.108,28.311]],[[68.966,28.314],[68.97,28.317],[68.966,28.317],[68.966,28.314]],[[69.165,28.317],[69.168,28.311],[69.172,28.311],[69.165,28.317]],[[69.388,28.311],[69.384,28.314],[69.384,28.311],[69.388,28.311]],[[69.398,28.314],[69.394,28.304],[69.401,28.304],[69.398,28.314]],[[69.583,28.311],[69.566,28.307],[69.55,28.294],[69.58,28.301],[69.583,28.311]],[[69.543,28.284],[69.536,28.294],[69.533,28.287],[69.543,28.284]],[[69.378,28.294],[69.381,28.297],[69.378,28.297],[69.378,28.294]],[[69.371,28.294],[69.361,28.28],[69.374,28.274],[69.371,28.277],[69.371,28.294]],[[69.526,28.284],[69.482,28.277],[69.472,28.257],[69.526,28.284]],[[69.381,28.267],[69.378,28.287],[69.378,28.267],[69.381,28.267]],[[69.313,28.267],[69.31,28.28],[69.297,28.247],[69.313,28.267]],[[69.347,28.287],[69.351,28.277],[69.351,28.287],[69.347,28.287]],[[69.324,28.267],[69.327,28.257],[69.33,28.267],[69.324,28.267]],[[69.496,28.25],[69.489,28.209],[69.516,28.233],[69.533,28.22],[69.519,28.25],[69.506,28.236],[69.496,28.25]],[[69.394,28.24],[69.388,28.243],[69.384,28.236],[69.394,28.24]],[[69.32,28.25],[69.317,28.253],[69.317,28.25],[69.32,28.25]],[[69.448,28.25],[69.445,28.247],[69.448,28.247],[69.448,28.25]],[[69.445,28.243],[69.428,28.236],[69.425,28.23],[69.448,28.23],[69.445,28.243]],[[69.425,28.24],[69.405,28.233],[69.405,28.226],[69.425,28.24]],[[69.452,28.24],[69.465,28.213],[69.482,28.213],[69.452,28.24]],[[69.391,28.199],[69.378,28.213],[69.378,28.206],[69.391,28.199]],[[69.529,28.172],[69.526,28.206],[69.512,28.169],[69.529,28.172]],[[69.425,28.172],[69.428,28.166],[69.442,28.166],[69.425,28.172]],[[69.378,28.172],[69.384,28.182],[69.384,28.196],[69.378,28.196],[69.378,28.172]],[[69.189,28.179],[69.138,28.172],[69.135,28.152],[69.189,28.179]],[[69.098,28.172],[69.101,28.176],[69.098,28.176],[69.098,28.172]],[[68.99,28.172],[68.996,28.176],[68.996,28.182],[68.99,28.172]],[[68.98,28.169],[68.983,28.172],[68.98,28.172],[68.98,28.169]],[[68.929,28.169],[68.922,28.172],[68.929,28.162],[68.929,28.169]],[[69.131,28.169],[69.128,28.166],[69.131,28.166],[69.131,28.169]],[[69.101,28.152],[69.104,28.166],[69.098,28.162],[69.101,28.152]],[[68.919,28.152],[68.922,28.156],[68.919,28.156],[68.919,28.152]],[[68.642,28.152],[68.653,28.139],[68.653,28.156],[68.642,28.152]],[[68.191,28.142],[68.187,28.145],[68.187,28.139],[68.191,28.142]],[[68.71,28.139],[68.707,28.135],[68.71,28.135],[68.71,28.139]],[[69.064,28.139],[69.081,28.129],[69.084,28.142],[69.091,28.135],[69.091,28.145],[69.064,28.139]],[[68.932,28.135],[68.926,28.132],[68.926,28.125],[68.932,28.135]],[[68.167,28.135],[68.17,28.139],[68.167,28.139],[68.167,28.135]],[[67.897,28.139],[67.901,28.142],[67.897,28.142],[67.897,28.139]],[[68.184,28.142],[68.18,28.139],[68.184,28.139],[68.184,28.142]],[[68.696,28.135],[68.693,28.132],[68.696,28.132],[68.696,28.135]],[[67.904,28.132],[67.907,28.135],[67.904,28.135],[67.904,28.132]],[[69.054,28.135],[69.044,28.132],[69.044,28.129],[69.05,28.129],[69.054,28.135]],[[69.115,28.125],[69.108,28.118],[69.111,28.118],[69.115,28.125]],[[69.141,28.135],[69.138,28.122],[69.141,28.122],[69.141,28.135]],[[69.098,28.132],[69.104,28.139],[69.111,28.142],[69.101,28.142],[69.098,28.132]],[[69.118,28.149],[69.118,28.139],[69.121,28.149],[69.118,28.149]],[[68.909,28.145],[68.905,28.152],[68.902,28.142],[68.909,28.145]],[[69.017,28.142],[69.003,28.139],[69.017,28.139],[69.017,28.142]],[[68.744,28.139],[68.747,28.142],[68.744,28.142],[68.744,28.139]],[[68.68,28.142],[68.683,28.145],[68.68,28.145],[68.68,28.142]],[[68.862,28.142],[68.855,28.139],[68.862,28.139],[68.862,28.142]],[[68.872,28.149],[68.868,28.152],[68.868,28.149],[68.872,28.149]],[[69.131,28.152],[69.128,28.145],[69.138,28.145],[69.131,28.152]],[[69.219,28.156],[69.216,28.149],[69.219,28.149],[69.219,28.156]],[[69.182,28.156],[69.192,28.169],[69.189,28.169],[69.182,28.156]],[[69.219,28.169],[69.216,28.166],[69.219,28.166],[69.219,28.169]],[[69.256,28.169],[69.246,28.162],[69.26,28.162],[69.256,28.169]],[[69.448,28.166],[69.452,28.159],[69.455,28.159],[69.455,28.162],[69.448,28.166]],[[69.381,28.166],[69.351,28.129],[69.327,28.139],[69.337,28.125],[69.31,28.125],[69.303,28.142],[69.303,28.125],[69.276,28.135],[69.263,28.125],[69.334,28.122],[69.317,28.108],[69.337,28.105],[69.334,28.112],[69.374,28.132],[69.381,28.166]],[[69.303,28.152],[69.3,28.145],[69.307,28.145],[69.303,28.152]],[[69.354,28.152],[69.361,28.156],[69.354,28.156],[69.354,28.152]],[[69.276,28.156],[69.266,28.162],[69.27,28.156],[69.276,28.156]],[[69.222,28.159],[69.226,28.162],[69.222,28.162],[69.222,28.159]],[[69.236,28.162],[69.239,28.166],[69.236,28.166],[69.236,28.162]],[[69.283,28.149],[69.286,28.152],[69.283,28.152],[69.283,28.149]],[[69.492,28.156],[69.452,28.135],[69.482,28.139],[69.492,28.156]],[[69.472,28.132],[69.469,28.129],[69.472,28.129],[69.472,28.132]],[[69.448,28.122],[69.445,28.118],[69.448,28.118],[69.448,28.122]],[[69.344,28.108],[69.34,28.105],[69.344,28.105],[69.344,28.108]],[[69.276,28.112],[69.266,28.108],[69.263,28.081],[69.266,28.081],[69.276,28.112]],[[69.303,28.102],[69.29,28.064],[69.307,28.075],[69.303,28.102]],[[69.313,28.098],[69.317,28.091],[69.317,28.098],[69.313,28.098]],[[69.313,28.088],[69.31,28.085],[69.313,28.085],[69.313,28.088]],[[69.276,28.061],[69.273,28.071],[69.273,28.061],[69.276,28.061]],[[69.263,28.061],[69.266,28.068],[69.263,28.068],[69.263,28.061]],[[69.131,28.068],[69.104,28.061],[69.088,28.071],[69.098,28.058],[69.074,28.054],[69.131,28.061],[69.148,28.071],[69.148,28.088],[69.131,28.068]],[[69.081,28.071],[69.077,28.078],[69.071,28.078],[69.081,28.071]],[[69.121,28.071],[69.118,28.068],[69.121,28.068],[69.121,28.071]],[[69.05,28.068],[69.064,28.081],[69.05,28.081],[69.05,28.068]],[[68.983,28.064],[68.98,28.075],[68.973,28.075],[68.983,28.064]],[[68.922,28.064],[68.929,28.068],[68.922,28.068],[68.922,28.064]],[[68.912,28.064],[68.909,28.044],[68.919,28.041],[68.922,28.054],[68.912,28.064]],[[68.821,28.054],[68.828,28.064],[68.818,28.064],[68.821,28.054]],[[68.801,28.048],[68.811,28.064],[68.791,28.048],[68.801,28.048]],[[68.878,28.048],[68.875,28.044],[68.878,28.044],[68.878,28.048]],[[68.771,28.041],[68.781,28.034],[68.784,28.048],[68.771,28.041]],[[68.703,28.037],[68.707,28.041],[68.703,28.041],[68.703,28.037]],[[68.693,28.031],[68.69,28.044],[68.686,28.058],[68.68,28.034],[68.693,28.031]],[[68.838,28.034],[68.835,28.031],[68.838,28.031],[68.838,28.034]],[[69.044,28.037],[69.034,28.011],[69.047,28.0],[69.044,28.037]],[[69.02,28.044],[69.023,28.041],[69.027,28.044],[69.02,28.044]],[[68.835,28.037],[68.838,28.041],[68.835,28.041],[68.835,28.037]],[[69.044,28.041],[69.047,28.061],[69.034,28.044],[69.044,28.041]],[[69.131,28.048],[69.148,28.027],[69.145,28.048],[69.162,28.054],[69.131,28.048]],[[69.182,28.054],[69.165,28.048],[69.165,28.027],[69.192,28.037],[69.182,28.054]],[[69.206,28.058],[69.202,28.054],[69.206,28.054],[69.206,28.058]],[[69.152,28.027],[69.152,28.011],[69.138,28.011],[69.138,28.004],[69.165,28.014],[69.152,28.027]],[[69.195,28.014],[69.192,28.011],[69.195,28.011],[69.195,28.014]],[[69.088,28.017],[69.067,28.014],[69.084,28.0],[69.088,28.017]],[[69.131,28.017],[69.115,28.014],[69.135,28.007],[69.131,28.017]],[[69.091,28.027],[69.101,28.031],[69.091,28.034],[69.091,28.027]],[[68.932,28.051],[68.936,28.054],[68.932,28.054],[68.932,28.051]],[[68.963,28.054],[68.953,28.051],[68.963,28.051],[68.963,28.054]],[[68.939,28.054],[68.943,28.058],[68.939,28.058],[68.939,28.054]],[[68.983,28.058],[68.986,28.061],[68.983,28.061],[68.983,28.058]],[[68.939,28.061],[68.943,28.064],[68.939,28.064],[68.939,28.061]],[[68.976,28.004],[68.963,28.027],[68.953,28.021],[68.963,27.997],[68.976,28.004]],[[68.956,27.997],[68.959,28.0],[68.956,28.0],[68.956,27.997]],[[68.912,27.997],[68.916,28.004],[68.909,28.004],[68.912,27.997]],[[68.878,27.997],[68.882,28.014],[68.875,28.024],[68.872,28.017],[68.878,27.997]],[[68.72,27.997],[68.727,28.0],[68.72,28.004],[68.72,27.997]],[[69.047,27.97],[69.05,27.95],[69.074,27.973],[69.047,27.97],[69.044,27.994],[69.023,27.967],[69.034,27.943],[69.057,27.93],[69.037,27.95],[69.047,27.97]],[[69.081,27.943],[69.077,27.94],[69.081,27.94],[69.081,27.943]],[[69.141,27.936],[69.135,27.933],[69.141,27.933],[69.141,27.936]],[[68.983,27.93],[68.99,27.936],[68.983,27.936],[68.983,27.93]],[[68.889,27.93],[68.892,27.933],[68.889,27.933],[68.889,27.93]],[[68.639,27.933],[68.656,27.96],[68.629,27.98],[68.622,27.957],[68.639,27.933]],[[68.865,27.93],[68.858,27.926],[68.865,27.926],[68.865,27.93]],[[69.061,27.926],[69.05,27.923],[69.05,27.919],[69.057,27.919],[69.061,27.926]],[[68.771,27.926],[68.774,27.93],[68.771,27.93],[68.771,27.926]],[[68.491,27.926],[68.497,27.93],[68.491,27.93],[68.491,27.926]],[[68.39,27.93],[68.393,27.933],[68.39,27.933],[68.39,27.93]],[[68.845,27.926],[68.838,27.923],[68.845,27.923],[68.845,27.926]],[[68.939,27.919],[69.02,27.889],[69.047,27.909],[69.047,27.916],[69.003,27.896],[68.983,27.916],[68.939,27.919]],[[68.976,27.896],[68.98,27.903],[68.976,27.903],[68.976,27.896]],[[68.929,27.906],[68.926,27.886],[68.936,27.906],[68.929,27.906]],[[68.744,27.899],[68.747,27.903],[68.744,27.903],[68.744,27.899]],[[68.457,27.899],[68.46,27.903],[68.457,27.903],[68.457,27.899]],[[67.577,27.896],[67.58,27.899],[67.577,27.899],[67.577,27.896]],[[68.723,27.899],[68.72,27.892],[68.723,27.892],[68.723,27.899]],[[68.855,27.899],[68.848,27.896],[68.855,27.896],[68.855,27.899]],[[67.786,27.896],[67.789,27.889],[67.793,27.889],[67.793,27.892],[67.786,27.896]],[[68.659,27.889],[68.656,27.892],[68.656,27.889],[68.659,27.889]],[[68.366,27.889],[68.363,27.886],[68.366,27.886],[68.366,27.889]],[[68.676,27.886],[68.673,27.882],[68.676,27.882],[68.676,27.886]],[[68.929,27.849],[68.926,27.882],[68.919,27.882],[68.916,27.855],[68.929,27.849]],[[68.707,27.845],[68.7,27.852],[68.7,27.842],[68.707,27.845]],[[68.814,27.845],[68.811,27.842],[68.814,27.842],[68.814,27.845]],[[68.798,27.845],[68.808,27.849],[68.798,27.849],[68.798,27.845]],[[68.932,27.842],[68.936,27.825],[68.943,27.825],[68.943,27.835],[68.932,27.842]],[[68.946,27.825],[68.949,27.812],[68.953,27.812],[68.953,27.822],[68.946,27.825]],[[68.936,27.815],[68.926,27.825],[68.926,27.812],[68.936,27.815]],[[68.919,27.812],[68.922,27.815],[68.919,27.815],[68.919,27.812]],[[68.686,27.805],[68.68,27.812],[68.68,27.805],[68.686,27.805]],[[68.929,27.808],[68.922,27.805],[68.929,27.805],[68.929,27.808]],[[69.044,27.805],[69.037,27.801],[69.044,27.801],[69.044,27.805]],[[68.777,27.798],[68.784,27.805],[68.777,27.805],[68.777,27.798]],[[68.794,27.791],[68.791,27.795],[68.787,27.791],[68.794,27.791]],[[68.932,27.801],[68.926,27.791],[68.926,27.774],[68.932,27.801]],[[68.798,27.761],[68.781,27.781],[68.787,27.758],[68.798,27.761]],[[69.061,27.771],[69.057,27.768],[69.061,27.768],[69.061,27.771]],[[68.922,27.771],[68.899,27.754],[68.899,27.748],[68.919,27.758],[68.922,27.771]],[[68.973,27.748],[68.976,27.727],[68.976,27.748],[68.97,27.754],[68.946,27.754],[68.936,27.744],[68.973,27.748]],[[68.926,27.741],[68.929,27.744],[68.926,27.744],[68.926,27.741]],[[68.922,27.741],[68.912,27.751],[68.919,27.741],[68.922,27.741]],[[69.027,27.751],[69.023,27.744],[69.03,27.744],[69.027,27.751]],[[69.027,27.741],[69.017,27.734],[69.03,27.734],[69.027,27.741]],[[69.023,27.731],[69.017,27.724],[69.023,27.727],[69.023,27.731]],[[68.919,27.737],[68.926,27.731],[68.926,27.737],[68.919,27.737]],[[68.75,27.754],[68.754,27.761],[68.75,27.761],[68.75,27.754]],[[68.626,27.754],[68.629,27.758],[68.626,27.758],[68.626,27.754]],[[68.454,27.761],[68.447,27.741],[68.464,27.748],[68.454,27.761]],[[67.644,27.758],[67.651,27.764],[67.651,27.774],[67.644,27.758]],[[67.607,27.764],[67.627,27.774],[67.604,27.818],[67.607,27.795],[67.577,27.795],[67.577,27.781],[67.607,27.764]],[[67.584,27.798],[67.59,27.801],[67.584,27.805],[67.584,27.798]],[[67.59,27.805],[67.594,27.808],[67.59,27.808],[67.59,27.805]],[[67.59,27.815],[67.594,27.818],[67.59,27.818],[67.59,27.815]],[[68.578,27.818],[68.588,27.815],[68.588,27.818],[68.578,27.818]],[[68.599,27.818],[68.595,27.808],[68.599,27.808],[68.599,27.818]],[[68.669,27.812],[68.666,27.815],[68.666,27.812],[68.669,27.812]],[[68.642,27.812],[68.639,27.815],[68.639,27.812],[68.642,27.812]],[[68.656,27.808],[68.663,27.805],[68.656,27.812],[68.656,27.808]],[[68.292,27.795],[68.282,27.805],[68.282,27.795],[68.292,27.795]],[[68.615,27.801],[68.619,27.795],[68.622,27.795],[68.622,27.798],[68.615,27.801]],[[68.305,27.798],[68.309,27.801],[68.305,27.801],[68.305,27.798]],[[68.582,27.785],[68.572,27.795],[68.562,27.788],[68.582,27.785]],[[68.774,27.795],[68.764,27.791],[68.774,27.791],[68.774,27.795]],[[68.656,27.785],[68.663,27.781],[68.656,27.788],[68.656,27.785]],[[68.922,27.781],[68.919,27.778],[68.922,27.778],[68.922,27.781]],[[68.653,27.778],[68.646,27.781],[68.646,27.778],[68.653,27.778]],[[68.619,27.778],[68.622,27.785],[68.612,27.778],[68.619,27.778]],[[68.558,27.791],[68.535,27.781],[68.551,27.778],[68.558,27.791]],[[68.282,27.785],[68.278,27.791],[68.278,27.785],[68.282,27.785]],[[68.295,27.795],[68.302,27.798],[68.295,27.798],[68.295,27.795]],[[68.406,27.798],[68.403,27.795],[68.406,27.795],[68.406,27.798]],[[68.43,27.812],[68.427,27.805],[68.437,27.805],[68.43,27.812]],[[68.572,27.808],[68.565,27.805],[68.572,27.805],[68.572,27.808]],[[68.511,27.771],[68.518,27.778],[68.511,27.778],[68.511,27.771]],[[68.555,27.774],[68.551,27.771],[68.555,27.771],[68.555,27.774]],[[68.642,27.771],[68.639,27.764],[68.642,27.764],[68.642,27.771]],[[68.69,27.768],[68.683,27.764],[68.69,27.764],[68.69,27.768]],[[68.76,27.764],[68.757,27.761],[68.76,27.761],[68.76,27.764]],[[68.541,27.761],[68.555,27.764],[68.541,27.768],[68.541,27.761]],[[68.528,27.754],[68.538,27.768],[68.514,27.761],[68.528,27.754]],[[68.538,27.761],[68.535,27.758],[68.538,27.758],[68.538,27.761]],[[68.481,27.754],[68.487,27.758],[68.481,27.758],[68.481,27.754]],[[68.497,27.758],[68.501,27.761],[68.497,27.761],[68.497,27.758]],[[68.1,27.758],[68.096,27.764],[68.093,27.758],[68.1,27.758]],[[68.508,27.761],[68.504,27.758],[68.508,27.758],[68.508,27.761]],[[68.467,27.764],[68.474,27.768],[68.467,27.768],[68.467,27.764]],[[68.504,27.768],[68.508,27.771],[68.504,27.771],[68.504,27.768]],[[68.143,27.771],[68.153,27.774],[68.143,27.774],[68.143,27.771]],[[68.487,27.774],[68.484,27.771],[68.487,27.771],[68.487,27.774]],[[68.562,27.771],[68.558,27.768],[68.562,27.768],[68.562,27.771]],[[68.541,27.771],[68.545,27.774],[68.541,27.774],[68.541,27.771]],[[68.774,27.748],[68.771,27.751],[68.771,27.748],[68.774,27.748]],[[68.7,27.744],[68.693,27.748],[68.7,27.737],[68.7,27.744]],[[68.781,27.744],[68.784,27.741],[68.784,27.744],[68.781,27.744]],[[68.707,27.737],[68.703,27.734],[68.707,27.734],[68.707,27.737]],[[68.656,27.734],[68.663,27.737],[68.663,27.741],[68.659,27.741],[68.656,27.734]],[[68.612,27.737],[68.626,27.748],[68.612,27.744],[68.612,27.737]],[[68.18,27.737],[68.184,27.741],[68.18,27.741],[68.18,27.737]],[[68.369,27.748],[68.376,27.744],[68.376,27.748],[68.369,27.748]],[[67.897,27.744],[67.894,27.751],[67.89,27.744],[67.897,27.744]],[[68.433,27.751],[68.43,27.744],[68.437,27.744],[68.433,27.751]],[[68.443,27.744],[68.44,27.741],[68.443,27.741],[68.443,27.744]],[[68.379,27.741],[68.383,27.748],[68.379,27.748],[68.379,27.741]],[[68.595,27.741],[68.599,27.744],[68.595,27.744],[68.595,27.741]],[[68.808,27.764],[68.811,27.768],[68.808,27.768],[68.808,27.764]],[[68.15,27.828],[68.153,27.832],[68.15,27.832],[68.15,27.828]],[[67.59,27.832],[67.594,27.835],[67.59,27.835],[67.59,27.832]],[[67.793,27.835],[67.786,27.832],[67.793,27.832],[67.793,27.835]],[[68.555,27.839],[68.558,27.832],[68.562,27.839],[68.555,27.839]],[[67.59,27.852],[67.604,27.839],[67.597,27.855],[67.59,27.852]],[[68.528,27.859],[68.531,27.852],[68.531,27.859],[68.528,27.859]],[[68.71,27.862],[68.707,27.855],[68.71,27.855],[68.71,27.862]],[[67.789,27.862],[67.793,27.866],[67.789,27.866],[67.789,27.862]],[[68.703,27.862],[68.7,27.859],[68.703,27.859],[68.703,27.862]],[[67.924,27.852],[67.921,27.849],[67.924,27.849],[67.924,27.852]],[[68.258,27.842],[68.261,27.849],[68.258,27.849],[68.258,27.842]],[[68.562,27.845],[68.558,27.842],[68.562,27.842],[68.562,27.845]],[[68.568,27.842],[68.565,27.839],[68.568,27.839],[68.568,27.842]],[[67.894,27.842],[67.911,27.852],[67.894,27.845],[67.894,27.842]],[[67.786,27.872],[67.789,27.879],[67.786,27.879],[67.786,27.872]],[[68.71,27.879],[68.707,27.876],[68.71,27.876],[68.71,27.879]],[[68.278,27.906],[68.288,27.903],[68.288,27.906],[68.278,27.906]],[[68.518,27.906],[68.508,27.903],[68.518,27.903],[68.518,27.906]],[[68.858,27.906],[68.852,27.903],[68.858,27.903],[68.858,27.906]],[[68.943,27.903],[68.939,27.899],[68.943,27.899],[68.943,27.903]],[[68.288,27.909],[68.292,27.913],[68.288,27.913],[68.288,27.909]],[[68.936,27.913],[68.932,27.909],[68.936,27.909],[68.936,27.913]],[[68.551,27.913],[68.555,27.916],[68.551,27.916],[68.551,27.913]],[[68.359,27.916],[68.373,27.926],[68.359,27.926],[68.359,27.916]],[[68.396,27.926],[68.393,27.923],[68.396,27.923],[68.396,27.926]],[[68.403,27.926],[68.4,27.923],[68.403,27.923],[68.403,27.926]],[[68.757,27.919],[68.754,27.916],[68.757,27.916],[68.757,27.919]],[[69.034,27.919],[69.027,27.913],[69.034,27.916],[69.034,27.919]],[[68.474,27.933],[68.477,27.936],[68.474,27.936],[68.474,27.933]],[[68.285,27.946],[68.288,27.94],[68.288,27.946],[68.285,27.946]],[[68.46,27.946],[68.454,27.957],[68.443,27.957],[68.46,27.946]],[[68.588,27.946],[68.585,27.943],[68.588,27.943],[68.588,27.946]],[[68.481,27.946],[68.474,27.943],[68.474,27.94],[68.481,27.946]],[[68.379,27.953],[68.383,27.957],[68.379,27.957],[68.379,27.953]],[[68.369,27.957],[68.373,27.96],[68.369,27.96],[68.369,27.957]],[[67.914,27.96],[67.917,27.97],[67.914,27.97],[67.914,27.96]],[[67.88,27.99],[67.857,28.0],[67.83,27.973],[67.85,27.97],[67.88,27.99]],[[68.197,27.987],[68.194,27.984],[68.197,27.984],[68.197,27.987]],[[68.336,27.99],[68.332,27.984],[68.336,27.984],[68.336,27.99]],[[68.4,27.99],[68.406,27.994],[68.4,27.994],[68.4,27.99]],[[68.39,27.994],[68.396,27.997],[68.39,27.997],[68.39,27.994]],[[68.032,27.994],[68.035,27.997],[68.032,27.997],[68.032,27.994]],[[68.474,27.997],[68.47,27.994],[68.474,27.994],[68.474,27.997]],[[68.717,27.997],[68.713,27.994],[68.717,27.994],[68.717,27.997]],[[68.538,27.994],[68.531,27.987],[68.538,27.987],[68.538,27.994]],[[68.882,27.99],[68.878,27.987],[68.882,27.987],[68.882,27.99]],[[68.437,27.984],[68.427,27.994],[68.423,27.987],[68.437,27.984]],[[68.403,27.97],[68.396,27.984],[68.393,27.977],[68.403,27.97]],[[68.42,27.984],[68.41,27.977],[68.42,27.977],[68.42,27.984]],[[68.855,27.98],[68.841,27.97],[68.858,27.973],[68.855,27.98]],[[68.993,27.973],[68.98,27.963],[68.993,27.967],[68.993,27.973]],[[69.02,27.963],[69.013,27.96],[69.02,27.96],[69.02,27.963]],[[69.0,27.957],[68.996,27.963],[68.993,27.957],[69.0,27.957]],[[68.855,27.957],[68.858,27.97],[68.848,27.967],[68.855,27.957]],[[68.983,27.957],[68.98,27.953],[68.983,27.953],[68.983,27.957]],[[69.0,27.953],[68.996,27.946],[69.003,27.953],[69.0,27.953]],[[68.747,27.957],[68.75,27.95],[68.754,27.95],[68.747,27.957]],[[68.686,27.953],[68.69,27.957],[68.686,27.957],[68.686,27.953]],[[68.707,27.957],[68.713,27.96],[68.707,27.96],[68.707,27.957]],[[68.659,27.96],[68.663,27.963],[68.659,27.963],[68.659,27.96]],[[68.865,27.957],[68.862,27.953],[68.865,27.953],[68.865,27.957]],[[68.831,27.953],[68.828,27.95],[68.831,27.95],[68.831,27.953]],[[68.649,27.967],[68.653,27.97],[68.649,27.97],[68.649,27.967]],[[68.828,27.98],[68.838,27.977],[68.838,27.98],[68.828,27.98]],[[68.437,27.977],[68.443,27.96],[68.454,27.977],[68.437,27.977]],[[68.491,27.967],[68.484,27.963],[68.491,27.963],[68.491,27.967]],[[68.413,27.96],[68.417,27.963],[68.403,27.963],[68.413,27.96]],[[68.393,27.957],[68.39,27.963],[68.39,27.957],[68.393,27.957]],[[68.022,27.96],[68.025,27.963],[68.022,27.963],[68.022,27.96]],[[68.379,27.967],[68.383,27.96],[68.386,27.967],[68.379,27.967]],[[68.261,27.967],[68.265,27.97],[68.261,27.97],[68.261,27.967]],[[68.376,27.963],[68.373,27.967],[68.373,27.963],[68.376,27.963]],[[68.292,27.963],[68.295,27.967],[68.292,27.967],[68.292,27.963]],[[68.43,27.953],[68.423,27.957],[68.423,27.953],[68.43,27.953]],[[67.911,27.973],[67.914,27.977],[67.911,27.977],[67.911,27.973]],[[68.339,27.977],[68.342,27.973],[68.342,27.977],[68.339,27.977]],[[68.157,27.977],[68.16,27.98],[68.157,27.98],[68.157,27.977]],[[68.255,27.98],[68.258,27.984],[68.255,27.984],[68.255,27.98]],[[67.648,27.99],[67.651,27.994],[67.648,27.994],[67.648,27.99]],[[68.97,27.946],[68.966,27.943],[68.97,27.943],[68.97,27.946]],[[68.953,27.943],[68.959,27.94],[68.959,27.946],[68.953,27.943]],[[69.013,27.94],[69.01,27.936],[69.013,27.936],[69.013,27.94]],[[68.845,27.94],[68.848,27.943],[68.845,27.943],[68.845,27.94]],[[69.074,27.984],[69.088,27.984],[69.081,27.977],[69.088,27.96],[69.091,27.99],[69.074,27.984]],[[69.098,27.963],[69.094,27.96],[69.098,27.96],[69.098,27.963]],[[67.921,28.0],[67.928,28.004],[67.921,28.004],[67.921,28.0]],[[67.665,28.004],[67.675,28.014],[67.678,28.021],[67.668,28.021],[67.665,28.004]],[[68.41,28.007],[68.42,28.011],[68.423,28.007],[68.42,28.014],[68.41,28.007]],[[68.71,28.011],[68.707,28.004],[68.71,28.004],[68.71,28.011]],[[68.811,28.007],[68.808,28.004],[68.811,28.004],[68.811,28.007]],[[68.383,28.0],[68.386,28.007],[68.383,28.007],[68.383,28.0]],[[68.029,28.0],[68.042,28.007],[68.029,28.004],[68.029,28.0]],[[68.376,28.007],[68.373,28.004],[68.376,28.004],[68.376,28.007]],[[68.666,28.004],[68.663,28.0],[68.666,28.0],[68.666,28.004]],[[68.68,28.007],[68.683,28.011],[68.68,28.011],[68.68,28.007]],[[68.403,28.011],[68.406,28.014],[68.403,28.014],[68.403,28.011]],[[67.745,28.011],[67.749,28.014],[67.745,28.014],[67.745,28.011]],[[67.928,28.014],[67.938,28.021],[67.941,28.027],[67.928,28.017],[67.928,28.014]],[[68.828,28.014],[68.825,28.011],[68.828,28.011],[68.828,28.014]],[[67.742,28.021],[67.745,28.027],[67.739,28.021],[67.742,28.021]],[[68.369,28.031],[68.383,28.024],[68.376,28.034],[68.369,28.031]],[[68.315,28.027],[68.312,28.031],[68.312,28.027],[68.315,28.027]],[[68.309,28.037],[68.319,28.044],[68.309,28.044],[68.309,28.037]],[[68.292,28.044],[68.295,28.048],[68.292,28.048],[68.292,28.044]],[[68.359,28.051],[68.349,28.044],[68.363,28.034],[68.359,28.051]],[[68.43,28.048],[68.417,28.048],[68.417,28.041],[68.43,28.048]],[[68.42,28.054],[68.423,28.058],[68.42,28.058],[68.42,28.054]],[[68.369,28.037],[68.379,28.044],[68.369,28.044],[68.369,28.037]],[[68.609,28.034],[68.605,28.031],[68.609,28.031],[68.609,28.034]],[[68.878,28.031],[68.875,28.027],[68.878,28.027],[68.878,28.031]],[[68.889,28.031],[68.885,28.027],[68.889,28.027],[68.889,28.031]],[[68.922,28.031],[68.919,28.027],[68.922,28.027],[68.922,28.031]],[[69.02,28.031],[69.017,28.027],[69.02,28.027],[69.02,28.031]],[[68.909,28.031],[68.912,28.034],[68.909,28.034],[68.909,28.031]],[[68.646,28.027],[68.642,28.024],[68.646,28.024],[68.646,28.027]],[[68.936,28.024],[68.932,28.021],[68.936,28.021],[68.936,28.024]],[[68.629,28.024],[68.632,28.027],[68.629,28.027],[68.629,28.024]],[[68.622,28.021],[68.619,28.017],[68.622,28.017],[68.622,28.021]],[[68.733,28.0],[68.73,27.997],[68.733,27.997],[68.733,28.0]],[[68.909,28.021],[68.905,28.017],[68.909,28.017],[68.909,28.021]],[[68.905,28.011],[68.902,28.007],[68.905,28.007],[68.905,28.011]],[[68.976,28.017],[68.973,28.014],[68.976,28.014],[68.976,28.017]],[[68.433,28.058],[68.443,28.064],[68.433,28.061],[68.433,28.058]],[[68.73,28.068],[68.737,28.061],[68.74,28.071],[68.73,28.068]],[[68.241,28.071],[68.245,28.075],[68.241,28.075],[68.241,28.071]],[[68.868,28.078],[68.865,28.075],[68.868,28.075],[68.868,28.078]],[[68.97,28.078],[68.959,28.081],[68.97,28.068],[68.97,28.078]],[[68.905,28.068],[68.912,28.071],[68.905,28.071],[68.905,28.068]],[[68.47,28.071],[68.474,28.075],[68.47,28.075],[68.47,28.071]],[[68.821,28.081],[68.825,28.078],[68.825,28.081],[68.821,28.081]],[[68.292,28.075],[68.295,28.078],[68.292,28.078],[68.292,28.075]],[[68.467,28.081],[68.47,28.085],[68.467,28.085],[68.467,28.081]],[[68.976,28.081],[68.983,28.085],[68.983,28.088],[68.976,28.081]],[[68.777,28.085],[68.781,28.091],[68.777,28.091],[68.777,28.085]],[[68.74,28.088],[68.744,28.091],[68.74,28.091],[68.74,28.088]],[[68.319,28.088],[68.322,28.095],[68.319,28.095],[68.319,28.088]],[[68.882,28.102],[68.878,28.095],[68.882,28.095],[68.882,28.102]],[[68.821,28.102],[68.825,28.105],[68.821,28.105],[68.821,28.102]],[[67.911,28.105],[67.914,28.108],[67.911,28.108],[67.911,28.105]],[[68.231,28.108],[68.228,28.105],[68.231,28.105],[68.231,28.108]],[[68.791,28.105],[68.801,28.108],[68.801,28.112],[68.794,28.112],[68.791,28.105]],[[68.757,28.108],[68.764,28.112],[68.757,28.112],[68.757,28.108]],[[67.904,28.112],[67.907,28.115],[67.904,28.115],[67.904,28.112]],[[69.023,28.115],[69.02,28.112],[69.023,28.112],[69.023,28.115]],[[69.037,28.115],[69.034,28.112],[69.037,28.112],[69.037,28.115]],[[69.091,28.118],[69.044,28.095],[69.098,28.105],[69.091,28.118]],[[68.848,28.115],[68.845,28.129],[68.838,28.129],[68.841,28.118],[68.848,28.115]],[[68.818,28.115],[68.811,28.122],[68.801,28.122],[68.818,28.115]],[[68.767,28.115],[68.774,28.122],[68.767,28.122],[68.767,28.115]],[[68.75,28.115],[68.754,28.118],[68.75,28.118],[68.75,28.115]],[[68.248,28.115],[68.245,28.122],[68.241,28.122],[68.241,28.118],[68.248,28.115]],[[68.234,28.118],[68.238,28.122],[68.234,28.122],[68.234,28.118]],[[67.911,28.118],[67.914,28.122],[67.911,28.122],[67.911,28.118]],[[67.894,28.122],[67.897,28.125],[67.894,28.125],[67.894,28.122]],[[67.901,28.129],[67.904,28.122],[67.907,28.129],[67.901,28.129]],[[68.312,28.129],[68.305,28.125],[68.312,28.125],[68.312,28.129]],[[68.663,28.129],[68.659,28.125],[68.663,28.125],[68.663,28.129]],[[68.818,28.125],[68.814,28.122],[68.818,28.122],[68.818,28.125]],[[68.261,28.122],[68.265,28.125],[68.261,28.125],[68.261,28.122]],[[68.852,28.129],[68.848,28.125],[68.852,28.125],[68.852,28.129]],[[68.986,28.125],[68.983,28.122],[68.986,28.122],[68.986,28.125]],[[69.03,28.118],[69.023,28.122],[69.023,28.118],[69.03,28.118]],[[69.141,28.118],[69.138,28.115],[69.141,28.115],[69.141,28.118]],[[69.172,28.125],[69.179,28.115],[69.179,28.125],[69.172,28.125]],[[69.135,28.115],[69.131,28.112],[69.135,28.112],[69.135,28.115]],[[69.098,28.112],[69.101,28.115],[69.098,28.115],[69.098,28.112]],[[69.145,28.108],[69.141,28.105],[69.145,28.105],[69.145,28.108]],[[69.148,28.095],[69.145,28.091],[69.148,28.091],[69.148,28.095]],[[69.034,28.088],[69.037,28.091],[69.034,28.091],[69.034,28.088]],[[69.01,28.091],[69.013,28.085],[69.017,28.085],[69.01,28.091]],[[69.0,28.085],[69.003,28.091],[69.0,28.091],[69.0,28.085]],[[68.939,28.088],[68.949,28.091],[68.939,28.091],[68.939,28.088]],[[68.996,28.091],[68.993,28.088],[68.996,28.088],[68.996,28.091]],[[68.956,28.091],[68.959,28.095],[68.956,28.095],[68.956,28.091]],[[68.932,28.095],[68.936,28.108],[68.932,28.108],[68.932,28.095]],[[68.814,28.105],[68.818,28.108],[68.814,28.108],[68.814,28.105]],[[68.808,28.105],[68.811,28.108],[68.808,28.108],[68.808,28.105]],[[68.895,28.112],[68.892,28.105],[68.895,28.105],[68.895,28.112]],[[69.027,28.105],[69.013,28.102],[69.023,28.095],[69.027,28.105]],[[69.01,28.095],[69.017,28.098],[69.01,28.098],[69.01,28.095]],[[68.825,28.108],[68.831,28.112],[68.825,28.112],[68.825,28.108]],[[68.959,28.088],[68.956,28.085],[68.959,28.085],[68.959,28.088]],[[68.868,28.085],[68.872,28.088],[68.868,28.088],[68.868,28.085]],[[68.801,28.085],[68.804,28.088],[68.801,28.088],[68.801,28.085]],[[68.841,28.102],[68.828,28.098],[68.841,28.098],[68.841,28.102]],[[68.798,28.098],[68.801,28.102],[68.798,28.102],[68.798,28.098]],[[68.899,28.081],[68.895,28.078],[68.899,28.078],[68.899,28.081]],[[68.878,28.078],[68.882,28.081],[68.878,28.081],[68.878,28.078]],[[68.841,28.061],[68.838,28.064],[68.838,28.061],[68.841,28.061]],[[68.835,28.058],[68.831,28.054],[68.835,28.054],[68.835,28.058]],[[69.152,28.071],[69.165,28.064],[69.175,28.075],[69.168,28.071],[69.152,28.071]],[[69.192,28.075],[69.179,28.071],[69.192,28.071],[69.192,28.075]],[[69.212,28.075],[69.199,28.071],[69.212,28.071],[69.212,28.075]],[[69.145,28.135],[69.152,28.139],[69.145,28.139],[69.145,28.135]],[[69.135,28.139],[69.141,28.142],[69.135,28.142],[69.135,28.139]],[[69.216,28.142],[69.212,28.135],[69.216,28.135],[69.216,28.142]],[[69.458,28.166],[69.462,28.159],[69.469,28.166],[69.458,28.166]],[[69.489,28.166],[69.485,28.162],[69.489,28.162],[69.489,28.166]],[[69.101,28.149],[69.094,28.145],[69.101,28.145],[69.101,28.149]],[[67.894,28.145],[67.897,28.149],[67.894,28.149],[67.894,28.145]],[[67.88,28.152],[67.89,28.156],[67.884,28.159],[67.88,28.152]],[[68.025,28.162],[68.059,28.179],[68.019,28.172],[68.025,28.162]],[[68.939,28.176],[68.936,28.172],[68.939,28.172],[68.939,28.176]],[[68.14,28.172],[68.143,28.176],[68.14,28.176],[68.14,28.172]],[[68.764,28.166],[68.76,28.162],[68.764,28.162],[68.764,28.166]],[[69.057,28.162],[69.054,28.159],[69.057,28.159],[69.057,28.162]],[[69.04,28.159],[69.044,28.162],[69.04,28.162],[69.04,28.159]],[[69.034,28.156],[69.037,28.159],[69.034,28.159],[69.034,28.156]],[[68.632,28.156],[68.639,28.162],[68.636,28.162],[68.632,28.156]],[[68.511,28.159],[68.514,28.162],[68.511,28.162],[68.511,28.159]],[[68.504,28.159],[68.508,28.162],[68.504,28.162],[68.504,28.159]],[[68.518,28.162],[68.521,28.166],[68.518,28.166],[68.518,28.162]],[[68.69,28.166],[68.693,28.159],[68.696,28.159],[68.696,28.162],[68.69,28.166]],[[68.798,28.162],[68.794,28.159],[68.798,28.159],[68.798,28.162]],[[68.811,28.162],[68.808,28.159],[68.811,28.159],[68.811,28.162]],[[68.494,28.156],[68.491,28.152],[68.494,28.152],[68.494,28.156]],[[68.639,28.152],[68.632,28.149],[68.639,28.149],[68.639,28.152]],[[68.491,28.145],[68.494,28.149],[68.491,28.149],[68.491,28.145]],[[68.467,28.145],[68.47,28.152],[68.467,28.152],[68.467,28.145]],[[68.214,28.145],[68.218,28.152],[68.214,28.152],[68.214,28.145]],[[68.629,28.149],[68.626,28.145],[68.629,28.145],[68.629,28.149]],[[68.069,28.179],[68.073,28.182],[68.069,28.182],[68.069,28.179]],[[67.89,28.182],[67.88,28.196],[67.877,28.189],[67.89,28.182]],[[67.978,28.193],[67.971,28.189],[67.978,28.189],[67.978,28.193]],[[68.99,28.199],[68.993,28.189],[68.993,28.199],[68.99,28.199]],[[67.89,28.196],[67.894,28.206],[67.89,28.206],[67.89,28.196]],[[67.722,28.196],[67.719,28.206],[67.719,28.196],[67.722,28.196]],[[67.907,28.206],[67.904,28.199],[67.907,28.199],[67.907,28.206]],[[67.975,28.206],[67.982,28.216],[67.975,28.213],[67.975,28.206]],[[68.17,28.209],[68.167,28.206],[68.17,28.206],[68.17,28.209]],[[68.218,28.209],[68.214,28.206],[68.218,28.206],[68.218,28.209]],[[68.551,28.216],[68.548,28.203],[68.555,28.206],[68.551,28.216]],[[68.245,28.213],[68.251,28.216],[68.245,28.216],[68.245,28.213]],[[68.019,28.213],[68.015,28.223],[68.012,28.209],[68.019,28.213]],[[67.719,28.216],[67.725,28.223],[67.719,28.223],[67.719,28.216]],[[67.988,28.22],[67.985,28.216],[67.988,28.216],[67.988,28.22]],[[67.931,28.216],[67.928,28.213],[67.931,28.213],[67.931,28.216]],[[69.003,28.223],[69.007,28.216],[69.01,28.216],[69.01,28.22],[69.003,28.223]],[[68.946,28.216],[68.949,28.22],[68.946,28.22],[68.946,28.216]],[[68.71,28.216],[68.713,28.22],[68.71,28.22],[68.71,28.216]],[[69.02,28.216],[69.017,28.213],[69.02,28.213],[69.02,28.216]],[[69.179,28.253],[69.141,28.213],[69.141,28.199],[69.185,28.236],[69.179,28.253]],[[69.202,28.25],[69.199,28.247],[69.202,28.247],[69.202,28.25]],[[69.222,28.25],[69.226,28.257],[69.216,28.25],[69.222,28.25]],[[69.074,28.257],[69.077,28.26],[69.074,28.26],[69.074,28.257]],[[69.01,28.25],[69.003,28.26],[69.003,28.25],[69.01,28.25]],[[69.128,28.25],[69.125,28.243],[69.131,28.243],[69.128,28.25]],[[69.091,28.243],[69.094,28.247],[69.091,28.247],[69.091,28.243]],[[68.309,28.243],[68.312,28.247],[68.309,28.247],[68.309,28.243]],[[67.557,28.247],[67.563,28.257],[67.557,28.257],[67.557,28.247]],[[68.686,28.243],[68.673,28.24],[68.686,28.24],[68.686,28.243]],[[68.777,28.243],[68.767,28.233],[68.781,28.236],[68.777,28.243]],[[69.071,28.24],[69.067,28.236],[69.071,28.236],[69.071,28.24]],[[68.953,28.236],[68.956,28.24],[68.953,28.24],[68.953,28.236]],[[69.007,28.236],[69.0,28.233],[69.0,28.23],[69.003,28.23],[69.007,28.236]],[[68.376,28.23],[68.379,28.233],[68.376,28.233],[68.376,28.23]],[[67.897,28.23],[67.904,28.24],[67.894,28.236],[67.897,28.23]],[[68.663,28.23],[68.659,28.226],[68.663,28.226],[68.663,28.23]],[[68.98,28.23],[68.976,28.226],[68.98,28.226],[68.98,28.23]],[[68.993,28.23],[68.996,28.223],[68.996,28.23],[68.993,28.23]],[[69.071,28.226],[69.067,28.223],[69.071,28.223],[69.071,28.226]],[[68.369,28.223],[68.373,28.226],[68.369,28.226],[68.369,28.223]],[[67.55,28.24],[67.553,28.243],[67.55,28.243],[67.55,28.24]],[[67.887,28.25],[67.904,28.26],[67.897,28.294],[67.884,28.294],[67.887,28.25]],[[67.597,28.29],[67.604,28.294],[67.597,28.294],[67.597,28.29]],[[68.083,28.294],[68.073,28.284],[68.086,28.284],[68.083,28.294]],[[67.978,28.294],[67.982,28.297],[67.978,28.297],[67.978,28.294]],[[68.356,28.297],[68.359,28.294],[68.359,28.297],[68.356,28.297]],[[68.369,28.294],[68.373,28.304],[68.363,28.294],[68.369,28.294]],[[68.524,28.294],[68.521,28.29],[68.524,28.29],[68.524,28.294]],[[68.545,28.294],[68.541,28.29],[68.545,28.29],[68.545,28.294]],[[68.626,28.294],[68.602,28.301],[68.629,28.284],[68.626,28.294]],[[69.313,28.297],[69.317,28.294],[69.317,28.297],[69.313,28.297]],[[68.713,28.297],[68.717,28.301],[68.713,28.301],[68.713,28.297]],[[68.973,28.301],[68.97,28.297],[68.973,28.297],[68.973,28.301]],[[69.145,28.304],[69.141,28.301],[69.145,28.301],[69.145,28.304]],[[69.168,28.304],[69.165,28.301],[69.168,28.301],[69.168,28.304]],[[69.371,28.301],[69.33,28.294],[69.33,28.287],[69.357,28.29],[69.371,28.301]],[[69.158,28.28],[69.165,28.294],[69.158,28.29],[69.158,28.28]],[[69.297,28.287],[69.29,28.28],[69.3,28.28],[69.297,28.287]],[[69.307,28.287],[69.303,28.284],[69.307,28.284],[69.307,28.287]],[[69.28,28.28],[69.273,28.277],[69.28,28.277],[69.28,28.28]],[[69.138,28.27],[69.158,28.267],[69.138,28.277],[69.138,28.27]],[[69.118,28.27],[69.121,28.274],[69.118,28.274],[69.118,28.27]],[[69.098,28.27],[69.094,28.277],[69.091,28.267],[69.098,28.27]],[[69.222,28.27],[69.229,28.263],[69.236,28.263],[69.222,28.27]],[[69.071,28.263],[69.074,28.267],[69.071,28.267],[69.071,28.263]],[[68.899,28.267],[68.868,28.277],[68.835,28.28],[68.875,28.26],[68.899,28.267]],[[69.128,28.263],[69.125,28.26],[69.128,28.26],[69.128,28.263]],[[69.286,28.263],[69.29,28.26],[69.29,28.263],[69.286,28.263]],[[69.266,28.263],[69.27,28.267],[69.266,28.267],[69.266,28.263]],[[69.253,28.257],[69.236,28.257],[69.239,28.24],[69.256,28.25],[69.263,28.23],[69.29,28.23],[69.253,28.257]],[[69.378,28.243],[69.371,28.236],[69.378,28.24],[69.378,28.243]],[[69.361,28.226],[69.357,28.243],[69.351,28.23],[69.361,28.226]],[[69.381,28.233],[69.388,28.23],[69.388,28.233],[69.381,28.233]],[[69.391,28.226],[69.384,28.216],[69.391,28.216],[69.391,28.226]],[[69.405,28.223],[69.401,28.22],[69.405,28.22],[69.405,28.223]],[[69.249,28.216],[69.253,28.22],[69.249,28.22],[69.249,28.216]],[[69.179,28.226],[69.175,28.209],[69.185,28.226],[69.179,28.226]],[[69.212,28.22],[69.212,28.24],[69.195,28.22],[69.212,28.22]],[[69.243,28.206],[69.209,28.206],[69.199,28.193],[69.172,28.206],[69.172,28.196],[69.202,28.186],[69.243,28.206]],[[69.222,28.209],[69.226,28.213],[69.222,28.213],[69.222,28.209]],[[69.509,28.199],[69.499,28.193],[69.509,28.193],[69.509,28.199]],[[69.145,28.176],[69.158,28.196],[69.141,28.196],[69.145,28.176]],[[68.224,28.179],[68.221,28.182],[68.221,28.179],[68.224,28.179]],[[68.184,28.179],[68.187,28.182],[68.184,28.182],[68.184,28.179]],[[67.901,28.182],[67.904,28.186],[67.901,28.186],[67.901,28.182]],[[67.897,28.189],[67.901,28.193],[67.897,28.193],[67.897,28.189]],[[67.907,28.193],[67.904,28.189],[67.907,28.189],[67.907,28.193]],[[69.04,28.196],[69.047,28.199],[69.04,28.199],[69.04,28.196]],[[68.184,28.203],[68.177,28.196],[68.184,28.199],[68.184,28.203]],[[67.982,28.203],[67.988,28.206],[67.982,28.206],[67.982,28.203]],[[68.909,28.213],[68.922,28.203],[68.922,28.216],[68.909,28.213]],[[69.077,28.209],[69.074,28.206],[69.077,28.206],[69.077,28.209]],[[69.098,28.209],[69.091,28.199],[69.098,28.199],[69.098,28.209]],[[69.084,28.196],[69.088,28.203],[69.084,28.203],[69.084,28.196]],[[69.064,28.199],[69.071,28.203],[69.064,28.203],[69.064,28.199]],[[69.02,28.203],[69.023,28.206],[69.02,28.206],[69.02,28.203]],[[68.929,28.206],[68.932,28.209],[68.929,28.209],[68.929,28.206]],[[68.97,28.209],[68.966,28.206],[68.97,28.206],[68.97,28.209]],[[69.05,28.209],[69.044,28.206],[69.05,28.206],[69.05,28.209]],[[69.206,28.182],[69.202,28.179],[69.206,28.179],[69.206,28.182]],[[69.192,28.209],[69.195,28.199],[69.199,28.209],[69.192,28.209]],[[69.293,28.23],[69.303,28.243],[69.293,28.243],[69.293,28.23]],[[68.845,28.26],[68.848,28.263],[68.845,28.263],[68.845,28.26]],[[68.457,28.263],[68.464,28.284],[68.42,28.29],[68.427,28.274],[68.457,28.263]],[[68.467,28.26],[68.464,28.253],[68.467,28.253],[68.467,28.26]],[[68.963,28.253],[68.959,28.25],[68.963,28.25],[68.963,28.253]],[[68.319,28.25],[68.322,28.253],[68.319,28.253],[68.319,28.25]],[[67.931,28.25],[67.934,28.253],[67.931,28.253],[67.931,28.25]],[[67.941,28.253],[67.951,28.274],[67.944,28.274],[67.941,28.253]],[[67.934,28.274],[67.941,28.284],[67.934,28.287],[67.934,28.274]],[[68.373,28.267],[68.379,28.257],[68.383,28.257],[68.383,28.263],[68.373,28.267]],[[68.575,28.29],[68.565,28.28],[68.575,28.28],[68.575,28.29]],[[68.656,28.284],[68.659,28.277],[68.673,28.29],[68.656,28.284]],[[68.68,28.29],[68.676,28.287],[68.68,28.287],[68.68,28.29]],[[68.818,28.294],[68.804,28.274],[68.831,28.274],[68.818,28.294]],[[69.121,28.29],[69.118,28.287],[69.121,28.287],[69.121,28.29]],[[69.108,28.287],[69.104,28.284],[69.108,28.284],[69.108,28.287]],[[68.919,28.284],[68.916,28.277],[68.919,28.277],[68.919,28.284]],[[69.115,28.277],[69.111,28.274],[69.115,28.274],[69.115,28.277]],[[68.487,28.267],[68.491,28.27],[68.487,28.27],[68.487,28.267]],[[68.649,28.267],[68.646,28.263],[68.649,28.263],[68.649,28.267]],[[68.629,28.274],[68.632,28.277],[68.629,28.277],[68.629,28.274]],[[68.528,28.277],[68.531,28.28],[68.528,28.28],[68.528,28.277]],[[68.474,28.28],[68.481,28.287],[68.474,28.287],[68.474,28.28]],[[68.595,28.28],[68.585,28.277],[68.595,28.277],[68.595,28.28]],[[68.717,28.284],[68.72,28.28],[68.723,28.284],[68.717,28.284]],[[69.081,28.274],[69.077,28.27],[69.081,28.27],[69.081,28.274]],[[68.501,28.301],[68.504,28.304],[68.501,28.304],[68.501,28.301]],[[68.359,28.301],[68.363,28.304],[68.359,28.304],[68.359,28.301]],[[67.894,28.301],[67.897,28.314],[67.894,28.314],[67.894,28.301]],[[67.82,28.314],[67.823,28.317],[67.82,28.317],[67.82,28.314]],[[67.948,28.321],[67.944,28.314],[67.948,28.314],[67.948,28.321]],[[67.971,28.321],[67.965,28.314],[67.978,28.314],[67.971,28.321]],[[67.826,28.317],[67.837,28.331],[67.826,28.331],[67.826,28.317]],[[68.194,28.327],[68.191,28.324],[68.194,28.324],[68.194,28.327]],[[68.737,28.324],[68.733,28.321],[68.737,28.321],[68.737,28.324]],[[68.976,28.324],[68.98,28.321],[68.98,28.324],[68.976,28.324]],[[69.013,28.324],[69.01,28.321],[69.013,28.321],[69.013,28.324]],[[68.565,28.321],[68.568,28.324],[68.565,28.324],[68.565,28.321]],[[68.582,28.321],[68.578,28.317],[68.582,28.317],[68.582,28.321]],[[68.454,28.314],[68.45,28.311],[68.454,28.311],[68.454,28.314]],[[68.491,28.307],[68.487,28.304],[68.491,28.304],[68.491,28.307]],[[68.575,28.297],[68.565,28.294],[68.575,28.294],[68.575,28.297]],[[68.43,28.294],[68.44,28.301],[68.43,28.297],[68.43,28.294]],[[68.541,28.301],[68.538,28.297],[68.541,28.297],[68.541,28.301]],[[69.172,28.257],[69.168,28.253],[69.172,28.253],[69.172,28.257]],[[69.118,28.216],[69.121,28.22],[69.118,28.22],[69.118,28.216]],[[69.465,28.193],[69.455,28.189],[69.465,28.189],[69.465,28.193]],[[69.442,28.193],[69.435,28.186],[69.452,28.193],[69.442,28.193]],[[69.442,28.182],[69.445,28.176],[69.445,28.182],[69.442,28.182]],[[69.479,28.179],[69.475,28.172],[69.479,28.172],[69.479,28.179]],[[69.435,28.172],[69.438,28.176],[69.435,28.176],[69.435,28.172]],[[69.56,28.253],[69.556,28.25],[69.56,28.25],[69.56,28.253]],[[69.543,28.25],[69.539,28.243],[69.546,28.25],[69.543,28.25]],[[69.56,28.247],[69.553,28.243],[69.56,28.243],[69.56,28.247]],[[69.553,28.24],[69.546,28.236],[69.546,28.233],[69.553,28.24]],[[68.012,28.341],[68.015,28.338],[68.019,28.341],[68.012,28.341]],[[68.943,28.341],[68.939,28.334],[68.943,28.334],[68.943,28.341]],[[68.801,28.341],[68.804,28.344],[68.801,28.344],[68.801,28.341]],[[68.966,28.344],[68.963,28.341],[68.966,28.341],[68.966,28.344]],[[69.04,28.341],[69.044,28.348],[69.034,28.341],[69.04,28.341]],[[68.986,28.341],[68.983,28.338],[68.986,28.338],[68.986,28.341]],[[69.155,28.338],[69.152,28.334],[69.155,28.334],[69.155,28.338]],[[69.168,28.334],[69.165,28.331],[69.168,28.331],[69.168,28.334]],[[69.128,28.334],[69.131,28.338],[69.128,28.338],[69.128,28.334]],[[68.919,28.334],[68.922,28.338],[68.919,28.338],[68.919,28.334]],[[68.814,28.365],[68.818,28.368],[68.814,28.368],[68.814,28.365]],[[67.833,28.358],[67.837,28.341],[67.847,28.354],[67.833,28.358]],[[67.816,28.354],[67.82,28.358],[67.816,28.358],[67.816,28.354]],[[67.81,28.358],[67.816,28.368],[67.81,28.365],[67.81,28.358]],[[67.654,28.361],[67.658,28.365],[67.654,28.365],[67.654,28.361]],[[67.769,28.365],[67.799,28.405],[67.796,28.449],[67.82,28.459],[67.786,28.462],[67.793,28.419],[67.756,28.395],[67.769,28.365]],[[67.692,28.388],[67.695,28.392],[67.692,28.392],[67.692,28.388]],[[67.651,28.462],[67.654,28.466],[67.651,28.466],[67.651,28.462]],[[68.123,28.479],[68.113,28.449],[68.127,28.462],[68.123,28.479]],[[67.644,28.469],[67.648,28.472],[67.644,28.472],[67.644,28.469]],[[67.698,28.476],[67.695,28.469],[67.698,28.469],[67.698,28.476]],[[67.705,28.476],[67.702,28.469],[67.705,28.469],[67.705,28.476]],[[67.853,28.564],[67.864,28.591],[67.82,28.614],[67.783,28.604],[67.793,28.506],[67.82,28.476],[67.813,28.52],[67.833,28.51],[67.87,28.53],[67.853,28.564]],[[67.951,28.591],[67.955,28.53],[67.938,28.53],[67.931,28.493],[67.998,28.533],[68.025,28.526],[68.035,28.547],[68.019,28.56],[67.992,28.547],[67.985,28.564],[67.978,28.526],[67.961,28.547],[67.971,28.574],[67.951,28.591]],[[67.874,28.574],[67.874,28.587],[67.87,28.574],[67.874,28.574]],[[67.894,28.584],[67.89,28.58],[67.894,28.58],[67.894,28.584]],[[67.904,28.594],[67.894,28.607],[67.894,28.591],[67.904,28.594]],[[67.978,28.604],[67.961,28.591],[67.998,28.567],[68.012,28.58],[67.998,28.611],[67.961,28.607],[67.951,28.594],[67.978,28.604]],[[67.921,28.607],[67.924,28.611],[67.921,28.611],[67.921,28.607]],[[68.012,28.617],[68.025,28.597],[68.035,28.597],[68.039,28.624],[68.012,28.617]],[[67.685,28.651],[67.688,28.682],[67.678,28.671],[67.681,28.614],[67.705,28.601],[67.705,28.638],[67.685,28.651]],[[67.901,28.648],[67.897,28.644],[67.907,28.638],[67.901,28.648]],[[67.961,28.665],[67.958,28.655],[67.965,28.638],[67.961,28.665]],[[68.052,28.638],[68.049,28.634],[68.052,28.634],[68.052,28.638]],[[67.789,28.634],[67.803,28.634],[67.799,28.641],[67.789,28.634]],[[67.877,28.634],[67.874,28.631],[67.877,28.631],[67.877,28.634]],[[67.816,28.631],[67.823,28.634],[67.816,28.634],[67.816,28.631]],[[67.837,28.631],[67.833,28.628],[67.837,28.628],[67.837,28.631]],[[67.83,28.628],[67.823,28.621],[67.826,28.621],[67.83,28.628]],[[67.907,28.621],[67.904,28.617],[67.907,28.617],[67.907,28.621]],[[67.911,28.658],[67.907,28.661],[67.907,28.655],[67.911,28.658]],[[67.621,28.547],[67.638,28.56],[67.644,28.564],[67.641,28.58],[67.597,28.611],[67.621,28.547]],[[67.685,28.564],[67.702,28.553],[67.685,28.57],[67.685,28.564]],[[67.651,28.56],[67.654,28.564],[67.651,28.564],[67.651,28.56]],[[67.654,28.553],[67.658,28.557],[67.654,28.557],[67.654,28.553]],[[67.688,28.553],[67.678,28.547],[67.688,28.547],[67.688,28.553]],[[67.695,28.547],[67.692,28.543],[67.695,28.543],[67.695,28.547]],[[67.685,28.486],[67.685,28.53],[67.658,28.547],[67.654,28.493],[67.685,28.486]],[[67.631,28.503],[67.638,28.506],[67.631,28.506],[67.631,28.503]],[[67.59,28.506],[67.594,28.51],[67.59,28.51],[67.59,28.506]],[[67.611,28.516],[67.614,28.52],[67.611,28.52],[67.611,28.516]],[[67.644,28.52],[67.638,28.523],[67.644,28.516],[67.644,28.52]],[[67.638,28.526],[67.641,28.53],[67.638,28.53],[67.638,28.526]],[[67.6,28.537],[67.607,28.547],[67.604,28.547],[67.6,28.537]],[[67.627,28.543],[67.631,28.537],[67.634,28.543],[67.627,28.543]],[[67.695,28.516],[67.692,28.513],[67.695,28.513],[67.695,28.516]],[[67.705,28.51],[67.702,28.483],[67.708,28.483],[67.705,28.51]],[[67.661,28.55],[67.665,28.553],[67.661,28.553],[67.661,28.55]],[[67.654,28.611],[67.651,28.607],[67.654,28.607],[67.654,28.611]],[[67.638,28.607],[67.634,28.604],[67.638,28.604],[67.638,28.607]],[[67.675,28.594],[67.671,28.591],[67.675,28.591],[67.675,28.594]],[[67.671,28.574],[67.665,28.594],[67.665,28.574],[67.671,28.574]],[[67.688,28.58],[67.678,28.574],[67.688,28.574],[67.688,28.58]],[[67.695,28.577],[67.692,28.574],[67.695,28.574],[67.695,28.577]],[[67.59,28.617],[67.6,28.638],[67.59,28.638],[67.59,28.617]],[[67.661,28.638],[67.665,28.621],[67.665,28.638],[67.661,28.638]],[[67.665,28.617],[67.661,28.614],[67.665,28.614],[67.665,28.617]],[[67.57,28.661],[67.574,28.665],[67.57,28.665],[67.57,28.661]],[[67.617,28.685],[67.6,28.759],[67.597,28.729],[67.574,28.719],[67.594,28.668],[67.617,28.685]],[[67.692,28.729],[67.688,28.725],[67.692,28.725],[67.692,28.729]],[[67.823,28.719],[67.816,28.715],[67.823,28.715],[67.823,28.719]],[[67.955,28.715],[67.944,28.695],[67.975,28.671],[67.975,28.705],[67.955,28.715]],[[67.934,28.675],[67.941,28.695],[67.934,28.695],[67.934,28.675]],[[67.786,28.668],[67.806,28.692],[67.806,28.698],[67.786,28.668]],[[67.678,28.685],[67.681,28.695],[67.675,28.692],[67.678,28.685]],[[67.668,28.688],[67.671,28.692],[67.668,28.692],[67.668,28.688]],[[67.621,28.695],[67.624,28.705],[67.621,28.705],[67.621,28.695]],[[67.793,28.705],[67.776,28.695],[67.776,28.688],[67.793,28.705]],[[67.675,28.705],[67.681,28.709],[67.675,28.709],[67.675,28.705]],[[67.82,28.698],[67.81,28.698],[67.81,28.692],[67.82,28.698]],[[67.86,28.705],[67.857,28.702],[67.86,28.702],[67.86,28.705]],[[67.759,28.695],[67.762,28.702],[67.759,28.702],[67.759,28.695]],[[67.86,28.685],[67.86,28.675],[67.87,28.675],[67.864,28.685],[67.86,28.685]],[[67.82,28.709],[67.823,28.712],[67.82,28.712],[67.82,28.709]],[[67.574,28.695],[67.58,28.698],[67.58,28.702],[67.577,28.702],[67.574,28.695]],[[67.59,28.739],[67.594,28.742],[67.59,28.742],[67.59,28.739]],[[67.688,28.773],[67.654,28.752],[67.671,28.749],[67.688,28.773]],[[67.597,28.762],[67.6,28.766],[67.597,28.766],[67.597,28.762]],[[67.675,28.773],[67.681,28.803],[67.675,28.789],[67.661,28.803],[67.678,28.82],[67.665,28.833],[67.631,28.82],[67.648,28.779],[67.671,28.786],[67.675,28.773]],[[67.59,28.786],[67.594,28.793],[67.59,28.793],[67.59,28.786]],[[67.624,28.816],[67.627,28.82],[67.624,28.82],[67.624,28.816]],[[67.624,28.823],[67.631,28.837],[67.624,28.84],[67.624,28.823]],[[67.83,28.904],[67.789,28.877],[67.806,28.83],[67.83,28.854],[67.823,28.891],[67.84,28.907],[67.837,28.951],[67.806,28.975],[67.793,28.941],[67.813,28.914],[67.826,28.931],[67.83,28.904]],[[67.766,28.907],[67.769,28.914],[67.766,28.914],[67.766,28.907]],[[67.759,28.918],[67.786,28.941],[67.786,28.948],[67.752,28.955],[67.759,28.918]],[[67.796,28.928],[67.803,28.921],[67.803,28.928],[67.796,28.928]],[[67.658,28.921],[67.665,28.924],[67.658,28.924],[67.658,28.921]],[[67.631,28.951],[67.654,28.961],[67.658,28.972],[67.627,28.968],[67.631,28.951]],[[67.661,28.978],[67.658,28.975],[67.661,28.975],[67.661,28.978]],[[67.799,28.982],[67.833,28.992],[67.783,28.982],[67.776,28.958],[67.799,28.982]],[[67.762,28.958],[67.759,28.965],[67.756,28.965],[67.756,28.961],[67.762,28.958]],[[67.752,28.965],[67.745,28.951],[67.752,28.958],[67.752,28.965]],[[67.577,28.985],[67.58,28.992],[67.577,28.992],[67.577,28.985]],[[67.6,28.992],[67.594,28.988],[67.6,28.988],[67.6,28.992]],[[67.58,28.995],[67.584,28.999],[67.58,28.999],[67.58,28.995]],[[67.769,29.005],[67.793,28.999],[67.786,29.025],[67.776,29.022],[67.769,29.005]],[[67.678,29.012],[67.681,29.015],[67.678,29.015],[67.678,29.012]],[[67.911,29.009],[67.944,29.039],[67.941,29.103],[67.911,29.009]],[[67.934,29.012],[67.931,29.009],[67.934,29.009],[67.934,29.012]],[[67.904,29.012],[67.907,29.015],[67.904,29.015],[67.904,29.012]],[[67.705,29.029],[67.708,29.032],[67.705,29.032],[67.705,29.029]],[[67.816,29.036],[67.837,29.042],[67.813,29.042],[67.816,29.036]],[[67.732,29.046],[67.735,29.052],[67.725,29.046],[67.732,29.046]],[[67.668,29.052],[67.671,29.056],[67.668,29.056],[67.668,29.052]],[[67.786,29.056],[67.789,29.059],[67.786,29.059],[67.786,29.056]],[[67.779,29.059],[67.783,29.063],[67.779,29.063],[67.779,29.059]],[[67.796,29.063],[67.806,29.069],[67.796,29.069],[67.796,29.063]],[[67.762,29.073],[67.789,29.069],[67.793,29.09],[67.762,29.073]],[[67.712,29.079],[67.719,29.083],[67.719,29.086],[67.715,29.086],[67.712,29.079]],[[67.705,29.083],[67.708,29.086],[67.705,29.086],[67.705,29.083]],[[67.702,29.093],[67.715,29.1],[67.702,29.096],[67.702,29.093]],[[67.793,29.106],[67.796,29.096],[67.796,29.106],[67.793,29.106]],[[67.81,29.11],[67.806,29.103],[67.81,29.103],[67.81,29.11]],[[67.793,29.12],[67.799,29.117],[67.806,29.123],[67.793,29.12]],[[67.725,29.123],[67.729,29.127],[67.725,29.127],[67.725,29.123]],[[67.86,29.137],[67.87,29.117],[67.874,29.133],[67.86,29.137]],[[67.823,29.127],[67.83,29.13],[67.823,29.13],[67.823,29.127]],[[67.944,29.144],[67.934,29.137],[67.944,29.137],[67.944,29.144]],[[67.992,29.14],[68.015,29.147],[68.015,29.164],[67.992,29.164],[67.992,29.14]],[[67.975,29.15],[67.978,29.154],[67.975,29.154],[67.975,29.15]],[[68.076,29.167],[68.083,29.16],[68.083,29.167],[68.076,29.167]],[[68.035,29.174],[68.052,29.167],[68.052,29.17],[68.035,29.174]],[[68.059,29.17],[68.056,29.167],[68.059,29.167],[68.059,29.17]],[[68.089,29.164],[68.086,29.16],[68.089,29.16],[68.089,29.164]],[[68.12,29.157],[68.086,29.147],[68.093,29.123],[68.096,29.14],[68.12,29.133],[68.12,29.157]],[[67.944,29.117],[67.934,29.133],[67.934,29.106],[67.944,29.117]],[[68.029,29.103],[68.009,29.103],[68.009,29.1],[68.029,29.103]],[[68.076,29.1],[68.073,29.096],[68.076,29.096],[68.076,29.1]],[[67.924,29.103],[67.928,29.106],[67.924,29.106],[67.924,29.103]],[[67.84,29.11],[67.847,29.113],[67.84,29.113],[67.84,29.11]],[[67.81,29.113],[67.816,29.117],[67.81,29.117],[67.81,29.113]],[[67.924,29.12],[67.928,29.123],[67.924,29.123],[67.924,29.12]],[[68.022,29.147],[68.032,29.15],[68.022,29.15],[68.022,29.147]],[[67.904,29.093],[67.901,29.086],[67.904,29.086],[67.904,29.093]],[[67.823,29.083],[67.83,29.086],[67.823,29.086],[67.823,29.083]],[[67.853,29.083],[67.85,29.066],[67.857,29.063],[67.867,29.073],[67.853,29.083]],[[67.793,29.073],[67.799,29.076],[67.793,29.076],[67.793,29.073]],[[67.806,29.076],[67.803,29.073],[67.806,29.073],[67.806,29.076]],[[67.799,29.086],[67.803,29.093],[67.796,29.093],[67.799,29.086]],[[67.867,29.093],[67.864,29.09],[67.867,29.09],[67.867,29.093]],[[68.049,29.093],[68.042,29.09],[68.049,29.09],[68.049,29.093]],[[68.019,29.09],[68.022,29.093],[68.019,29.093],[68.019,29.09]],[[67.958,29.09],[67.961,29.093],[67.958,29.093],[67.958,29.09]],[[68.035,29.09],[68.022,29.086],[68.022,29.083],[68.032,29.083],[68.035,29.09]],[[67.995,29.086],[67.998,29.09],[67.995,29.09],[67.995,29.086]],[[67.978,29.076],[67.968,29.073],[67.968,29.069],[67.975,29.069],[67.978,29.076]],[[68.002,29.059],[67.998,29.056],[68.002,29.056],[68.002,29.059]],[[67.975,29.056],[67.965,29.049],[67.975,29.049],[67.975,29.056]],[[68.005,29.052],[67.998,29.049],[68.005,29.046],[68.005,29.052]],[[68.015,29.049],[68.012,29.046],[68.015,29.046],[68.015,29.049]],[[67.988,29.046],[67.985,29.042],[67.988,29.042],[67.988,29.046]],[[67.978,29.022],[67.961,29.029],[67.961,29.015],[67.978,29.022]],[[67.917,29.002],[67.911,28.999],[67.911,28.995],[67.917,29.002]],[[67.921,28.995],[67.917,28.992],[67.921,28.992],[67.921,28.995]],[[67.917,28.988],[67.914,28.985],[67.917,28.985],[67.917,28.988]],[[67.84,28.968],[67.837,28.965],[67.84,28.965],[67.84,28.968]],[[67.847,28.965],[67.84,28.945],[67.85,28.945],[67.847,28.965]],[[67.85,28.931],[67.857,28.924],[67.857,28.931],[67.85,28.931]],[[67.914,28.891],[67.911,28.887],[67.914,28.887],[67.914,28.891]],[[67.837,28.86],[67.833,28.854],[67.837,28.854],[67.837,28.86]],[[67.924,28.837],[67.917,28.833],[67.924,28.833],[67.924,28.837]],[[67.638,28.84],[67.641,28.847],[67.638,28.847],[67.638,28.84]],[[67.661,28.843],[67.658,28.84],[67.661,28.84],[67.661,28.843]],[[67.658,28.847],[67.668,28.857],[67.654,28.86],[67.658,28.847]],[[67.631,28.857],[67.634,28.86],[67.631,28.86],[67.631,28.857]],[[67.715,28.86],[67.719,28.864],[67.715,28.864],[67.715,28.86]],[[67.661,28.877],[67.658,28.894],[67.641,28.907],[67.634,28.88],[67.654,28.88],[67.661,28.864],[67.661,28.877]],[[67.665,28.88],[67.668,28.874],[67.668,28.88],[67.665,28.88]],[[67.739,28.877],[67.735,28.874],[67.739,28.874],[67.739,28.877]],[[67.638,28.874],[67.641,28.877],[67.638,28.877],[67.638,28.874]],[[67.58,28.897],[67.584,28.901],[67.58,28.901],[67.58,28.897]],[[67.783,28.884],[67.789,28.88],[67.783,28.894],[67.783,28.884]],[[67.661,28.884],[67.665,28.887],[67.661,28.887],[67.661,28.884]],[[67.776,28.887],[67.779,28.891],[67.776,28.891],[67.776,28.887]],[[67.661,28.891],[67.665,28.894],[67.661,28.894],[67.661,28.891]],[[67.901,28.806],[67.897,28.803],[67.901,28.803],[67.901,28.806]],[[67.692,28.756],[67.688,28.746],[67.702,28.746],[67.692,28.756]],[[67.671,28.742],[67.668,28.739],[67.671,28.739],[67.671,28.742]],[[68.052,28.601],[68.046,28.594],[68.052,28.597],[68.052,28.601]],[[68.086,28.584],[68.069,28.584],[68.076,28.57],[68.086,28.584]],[[68.009,28.57],[68.012,28.574],[68.009,28.574],[68.009,28.57]],[[68.019,28.57],[68.015,28.567],[68.019,28.567],[68.019,28.57]],[[68.093,28.564],[68.066,28.56],[68.096,28.55],[68.093,28.564]],[[68.231,28.53],[68.231,28.55],[68.204,28.547],[68.214,28.53],[68.231,28.53]],[[68.089,28.543],[68.096,28.547],[68.089,28.547],[68.089,28.543]],[[68.207,28.553],[68.211,28.557],[68.207,28.557],[68.207,28.553]],[[68.44,28.55],[68.437,28.547],[68.44,28.547],[68.44,28.55]],[[68.322,28.543],[68.319,28.55],[68.319,28.543],[68.322,28.543]],[[68.433,28.54],[68.417,28.537],[68.433,28.537],[68.433,28.54]],[[68.376,28.537],[68.379,28.54],[68.376,28.54],[68.376,28.537]],[[68.278,28.533],[68.282,28.54],[68.278,28.54],[68.278,28.533]],[[68.366,28.533],[68.363,28.53],[68.366,28.53],[68.366,28.533]],[[68.272,28.537],[68.275,28.54],[68.272,28.54],[68.272,28.537]],[[68.285,28.523],[68.282,28.52],[68.285,28.52],[68.285,28.523]],[[68.015,28.523],[68.019,28.526],[68.015,28.526],[68.015,28.523]],[[67.975,28.564],[67.978,28.567],[67.975,28.567],[67.975,28.564]],[[68.056,28.584],[68.059,28.587],[68.056,28.587],[68.056,28.584]],[[67.975,28.55],[67.971,28.547],[67.975,28.547],[67.975,28.55]],[[68.002,28.56],[67.998,28.557],[68.002,28.557],[68.002,28.56]],[[68.39,28.51],[68.386,28.506],[68.39,28.506],[68.39,28.51]],[[68.261,28.503],[68.258,28.499],[68.261,28.499],[68.261,28.503]],[[68.393,28.496],[68.379,28.483],[68.396,28.479],[68.393,28.496]],[[68.555,28.479],[68.551,28.483],[68.551,28.479],[68.555,28.479]],[[68.187,28.479],[68.194,28.489],[68.184,28.496],[68.187,28.479]],[[68.373,28.479],[68.369,28.472],[68.373,28.472],[68.373,28.479]],[[68.754,28.472],[68.747,28.472],[68.744,28.472],[68.747,28.466],[68.754,28.472]],[[68.794,28.466],[68.787,28.462],[68.794,28.459],[68.794,28.466]],[[68.774,28.459],[68.781,28.466],[68.774,28.462],[68.774,28.459]],[[68.386,28.456],[68.403,28.446],[68.379,28.442],[68.383,28.429],[68.41,28.446],[68.406,28.466],[68.386,28.456]],[[68.147,28.459],[68.15,28.466],[68.147,28.466],[68.147,28.459]],[[68.13,28.456],[68.143,28.462],[68.13,28.462],[68.13,28.456]],[[68.241,28.456],[68.238,28.452],[68.241,28.452],[68.241,28.456]],[[68.214,28.452],[68.218,28.456],[68.214,28.456],[68.214,28.452]],[[68.224,28.456],[68.228,28.459],[68.224,28.459],[68.224,28.456]],[[68.191,28.469],[68.187,28.462],[68.191,28.462],[68.191,28.469]],[[68.137,28.469],[68.14,28.472],[68.137,28.472],[68.137,28.469]],[[68.73,28.472],[68.733,28.469],[68.733,28.472],[68.73,28.472]],[[68.231,28.466],[68.228,28.462],[68.231,28.462],[68.231,28.466]],[[68.791,28.452],[68.784,28.449],[68.791,28.449],[68.791,28.452]],[[68.798,28.446],[68.791,28.442],[68.798,28.442],[68.798,28.446]],[[68.568,28.439],[68.565,28.442],[68.565,28.439],[68.568,28.439]],[[68.895,28.432],[68.889,28.429],[68.895,28.429],[68.895,28.432]],[[68.187,28.429],[68.191,28.432],[68.187,28.432],[68.187,28.429]],[[67.934,28.425],[67.921,28.419],[67.934,28.419],[67.934,28.425]],[[69.05,28.435],[69.145,28.415],[69.148,28.425],[69.111,28.452],[69.05,28.435]],[[68.916,28.408],[68.919,28.412],[68.916,28.412],[68.916,28.408]],[[68.562,28.398],[68.572,28.419],[68.548,28.419],[68.562,28.398]],[[69.499,28.405],[69.496,28.398],[69.499,28.398],[69.499,28.405]],[[69.516,28.398],[69.509,28.395],[69.509,28.392],[69.512,28.392],[69.516,28.398]],[[69.448,28.392],[69.455,28.395],[69.455,28.398],[69.448,28.392]],[[69.344,28.392],[69.34,28.395],[69.34,28.392],[69.344,28.392]],[[68.551,28.385],[68.551,28.395],[68.548,28.402],[68.551,28.385]],[[67.965,28.385],[67.978,28.388],[67.965,28.388],[67.965,28.385]],[[67.799,28.381],[67.803,28.388],[67.799,28.388],[67.799,28.381]],[[67.921,28.398],[67.924,28.402],[67.921,28.402],[67.921,28.398]],[[68.545,28.398],[68.541,28.405],[68.538,28.405],[68.538,28.402],[68.545,28.398]],[[68.123,28.402],[68.13,28.412],[68.127,28.412],[68.123,28.402]],[[67.921,28.415],[67.931,28.408],[67.931,28.412],[67.921,28.415]],[[68.12,28.408],[68.116,28.405],[68.12,28.405],[68.12,28.408]],[[68.025,28.415],[68.032,28.419],[68.025,28.419],[68.025,28.415]],[[68.137,28.422],[68.133,28.419],[68.137,28.419],[68.137,28.422]],[[68.949,28.422],[68.946,28.419],[68.949,28.419],[68.949,28.422]],[[68.329,28.422],[68.332,28.425],[68.329,28.425],[68.329,28.422]],[[68.963,28.425],[68.966,28.429],[68.963,28.429],[68.963,28.425]],[[69.037,28.429],[69.034,28.425],[69.037,28.425],[69.037,28.429]],[[68.936,28.432],[68.946,28.442],[68.936,28.442],[68.936,28.432]],[[69.334,28.419],[69.33,28.415],[69.334,28.415],[69.334,28.419]],[[69.364,28.419],[69.357,28.415],[69.364,28.415],[69.364,28.419]],[[69.556,28.419],[69.553,28.415],[69.556,28.415],[69.556,28.419]],[[69.367,28.419],[69.371,28.422],[69.367,28.422],[69.367,28.419]],[[69.502,28.425],[69.506,28.422],[69.506,28.425],[69.502,28.425]],[[69.496,28.425],[69.499,28.429],[69.496,28.429],[69.496,28.425]],[[69.411,28.429],[69.415,28.432],[69.411,28.432],[69.411,28.429]],[[69.516,28.432],[69.509,28.429],[69.509,28.425],[69.512,28.425],[69.516,28.432]],[[69.563,28.432],[69.56,28.429],[69.563,28.429],[69.563,28.432]],[[69.553,28.425],[69.55,28.422],[69.553,28.422],[69.553,28.425]],[[69.479,28.429],[69.482,28.432],[69.479,28.432],[69.479,28.429]],[[69.458,28.422],[69.465,28.425],[69.458,28.425],[69.458,28.422]],[[69.351,28.415],[69.347,28.412],[69.351,28.412],[69.351,28.415]],[[67.948,28.432],[67.944,28.429],[67.948,28.429],[67.948,28.432]],[[68.127,28.432],[68.13,28.446],[68.123,28.432],[68.127,28.432]],[[68.005,28.432],[68.009,28.435],[68.005,28.435],[68.005,28.432]],[[67.995,28.435],[67.998,28.439],[67.995,28.439],[67.995,28.435]],[[68.025,28.446],[68.042,28.432],[68.046,28.452],[68.025,28.446]],[[67.975,28.442],[67.965,28.449],[67.968,28.442],[67.975,28.442]],[[67.83,28.449],[67.833,28.456],[67.826,28.449],[67.83,28.449]],[[68.062,28.452],[68.059,28.449],[68.062,28.449],[68.062,28.452]],[[68.137,28.446],[68.133,28.442],[68.137,28.442],[68.137,28.446]],[[68.14,28.442],[68.143,28.435],[68.147,28.435],[68.147,28.439],[68.14,28.442]],[[68.194,28.442],[68.191,28.439],[68.194,28.439],[68.194,28.442]],[[68.211,28.439],[68.207,28.435],[68.211,28.435],[68.211,28.439]],[[68.127,28.452],[68.13,28.449],[68.13,28.452],[68.127,28.452]],[[67.853,28.486],[67.857,28.489],[67.853,28.489],[67.853,28.486]],[[68.123,28.489],[68.12,28.486],[68.123,28.486],[68.123,28.489]],[[67.857,28.493],[67.864,28.499],[67.86,28.499],[67.857,28.493]],[[68.113,28.493],[68.11,28.489],[68.113,28.489],[68.113,28.493]],[[68.12,28.496],[68.123,28.499],[68.12,28.499],[68.12,28.496]],[[68.052,28.456],[68.056,28.459],[68.052,28.459],[68.052,28.456]],[[67.796,28.378],[67.796,28.365],[67.803,28.375],[67.796,28.378]],[[69.684,28.392],[69.657,28.381],[69.654,28.371],[69.671,28.371],[69.684,28.392]],[[69.657,28.365],[69.644,28.354],[69.654,28.351],[69.657,28.365]],[[69.647,28.344],[69.657,28.338],[69.654,28.344],[69.647,28.344]],[[69.6,28.419],[69.603,28.422],[69.6,28.422],[69.6,28.419]],[[69.583,28.422],[69.59,28.425],[69.583,28.425],[69.583,28.422]],[[69.408,28.435],[69.415,28.442],[69.408,28.439],[69.408,28.435]],[[69.512,28.449],[69.516,28.452],[69.512,28.452],[69.512,28.449]],[[69.593,28.466],[69.597,28.469],[69.593,28.469],[69.593,28.466]],[[69.499,28.493],[69.502,28.496],[69.499,28.496],[69.499,28.493]],[[69.462,28.499],[69.465,28.503],[69.462,28.503],[69.462,28.499]],[[69.482,28.503],[69.485,28.506],[69.482,28.506],[69.482,28.503]],[[69.118,28.456],[69.115,28.462],[69.108,28.462],[69.118,28.456]],[[68.45,28.56],[68.454,28.564],[68.45,28.564],[68.45,28.56]],[[68.437,28.567],[68.43,28.57],[68.437,28.564],[68.437,28.567]],[[68.261,28.567],[68.258,28.584],[68.255,28.584],[68.255,28.574],[68.261,28.567]],[[68.403,28.574],[68.396,28.57],[68.403,28.57],[68.403,28.574]],[[68.514,28.577],[68.511,28.574],[68.514,28.574],[68.514,28.577]],[[68.555,28.58],[68.551,28.577],[68.555,28.577],[68.555,28.58]],[[68.46,28.577],[68.464,28.58],[68.46,28.58],[68.46,28.577]],[[68.427,28.574],[68.43,28.577],[68.427,28.577],[68.427,28.574]],[[68.282,28.574],[68.285,28.577],[68.282,28.577],[68.282,28.574]],[[68.298,28.577],[68.302,28.58],[68.298,28.58],[68.298,28.577]],[[68.42,28.584],[68.423,28.58],[68.423,28.584],[68.42,28.584]],[[68.41,28.58],[68.413,28.584],[68.41,28.584],[68.41,28.58]],[[68.454,28.584],[68.437,28.58],[68.454,28.58],[68.454,28.584]],[[68.427,28.58],[68.43,28.584],[68.427,28.584],[68.427,28.58]],[[68.167,28.577],[68.17,28.584],[68.164,28.584],[68.167,28.577]],[[68.538,28.591],[68.541,28.594],[68.538,28.594],[68.538,28.591]],[[68.504,28.594],[68.508,28.597],[68.504,28.597],[68.504,28.594]],[[68.43,28.594],[68.433,28.597],[68.43,28.597],[68.43,28.594]],[[68.494,28.597],[68.491,28.594],[68.494,28.594],[68.494,28.597]],[[68.514,28.601],[68.511,28.597],[68.514,28.597],[68.514,28.601]],[[68.481,28.597],[68.484,28.604],[68.477,28.604],[68.481,28.597]],[[68.481,28.631],[68.47,28.611],[68.487,28.607],[68.481,28.631]],[[68.487,28.617],[68.497,28.611],[68.491,28.624],[68.487,28.617]],[[68.443,28.601],[68.45,28.604],[68.443,28.604],[68.443,28.601]],[[68.275,28.584],[68.272,28.591],[68.268,28.584],[68.275,28.584]],[[68.298,28.591],[68.302,28.597],[68.288,28.591],[68.298,28.591]],[[68.342,28.597],[68.339,28.594],[68.342,28.594],[68.342,28.597]],[[68.39,28.594],[68.386,28.591],[68.39,28.591],[68.39,28.594]],[[68.356,28.597],[68.342,28.607],[68.349,28.597],[68.356,28.597]],[[68.329,28.601],[68.336,28.604],[68.329,28.604],[68.329,28.601]],[[68.167,28.607],[68.17,28.611],[68.167,28.611],[68.167,28.607]],[[68.15,28.634],[68.194,28.624],[68.191,28.607],[68.214,28.614],[68.197,28.631],[68.15,28.634]],[[68.245,28.621],[68.238,28.617],[68.245,28.617],[68.245,28.621]],[[68.379,28.617],[68.373,28.611],[68.379,28.614],[68.379,28.617]],[[68.39,28.614],[68.379,28.607],[68.39,28.607],[68.39,28.614]],[[68.366,28.604],[68.369,28.611],[68.356,28.611],[68.366,28.604]],[[68.383,28.621],[68.386,28.624],[68.383,28.624],[68.383,28.621]],[[68.224,28.661],[68.211,28.675],[68.201,28.668],[68.214,28.668],[68.224,28.661]],[[68.207,28.688],[68.194,28.705],[68.211,28.712],[68.191,28.719],[68.187,28.698],[68.207,28.688]],[[68.18,28.702],[68.187,28.715],[68.18,28.715],[68.18,28.702]],[[68.204,28.725],[68.197,28.729],[68.204,28.722],[68.204,28.725]],[[68.147,28.665],[68.153,28.671],[68.13,28.671],[68.147,28.665]],[[68.089,28.597],[68.093,28.601],[68.089,28.601],[68.089,28.597]],[[68.062,29.181],[68.059,29.187],[68.059,29.181],[68.062,29.181]],[[67.864,29.181],[67.867,29.184],[67.864,29.184],[67.864,29.181]],[[67.874,29.184],[67.87,29.181],[67.874,29.181],[67.874,29.184]],[[67.88,29.191],[67.88,29.181],[67.887,29.187],[67.88,29.191]],[[67.901,29.187],[67.904,29.184],[67.904,29.187],[67.901,29.187]],[[67.992,29.201],[68.035,29.221],[68.005,29.228],[67.992,29.201]],[[67.719,29.204],[67.722,29.208],[67.719,29.208],[67.719,29.204]],[[67.88,29.208],[67.884,29.218],[67.867,29.208],[67.88,29.208]],[[67.894,29.221],[67.897,29.224],[67.894,29.224],[67.894,29.221]],[[67.86,29.231],[67.887,29.231],[67.877,29.235],[67.86,29.231]],[[67.715,29.224],[67.719,29.231],[67.715,29.231],[67.715,29.224]],[[67.725,29.238],[67.752,29.251],[67.722,29.255],[67.725,29.238]],[[67.708,29.248],[67.712,29.251],[67.708,29.251],[67.708,29.248]],[[67.708,29.255],[67.712,29.258],[67.708,29.258],[67.708,29.255]],[[67.847,29.275],[67.826,29.248],[67.86,29.248],[67.847,29.275]],[[67.732,29.262],[67.739,29.268],[67.732,29.268],[67.732,29.262]],[[67.722,29.268],[67.725,29.272],[67.722,29.272],[67.722,29.268]],[[67.84,29.282],[67.86,29.278],[67.837,29.289],[67.84,29.282]],[[68.062,29.272],[68.056,29.268],[68.062,29.268],[68.062,29.272]],[[68.049,29.268],[68.046,29.262],[68.049,29.262],[68.049,29.268]],[[68.056,29.265],[68.052,29.262],[68.056,29.262],[68.056,29.265]],[[67.951,29.262],[67.955,29.265],[67.951,29.265],[67.951,29.262]],[[67.921,29.262],[67.924,29.268],[67.921,29.268],[67.921,29.262]],[[68.086,29.258],[68.083,29.251],[68.093,29.258],[68.086,29.258]],[[67.978,29.248],[67.968,29.245],[67.978,29.245],[67.978,29.248]],[[68.039,29.228],[68.035,29.224],[68.039,29.224],[68.039,29.228]],[[68.042,29.214],[68.035,29.211],[68.042,29.211],[68.042,29.214]],[[68.052,29.315],[68.056,29.319],[68.052,29.319],[68.052,29.315]],[[67.924,29.289],[67.928,29.292],[67.924,29.292],[67.924,29.289]],[[67.88,29.295],[67.87,29.305],[67.857,29.339],[67.847,29.326],[67.813,29.322],[67.85,29.315],[67.853,29.292],[67.88,29.295]],[[67.917,29.312],[67.914,29.309],[67.917,29.309],[67.917,29.312]],[[67.897,29.312],[67.887,29.329],[67.874,29.332],[67.88,29.319],[67.897,29.312]],[[67.803,29.299],[67.789,29.312],[67.776,29.305],[67.789,29.299],[67.803,29.299]],[[67.756,29.302],[67.759,29.305],[67.756,29.305],[67.756,29.302]],[[67.752,29.309],[67.749,29.312],[67.749,29.309],[67.752,29.309]],[[67.803,29.312],[67.799,29.322],[67.796,29.322],[67.796,29.315],[67.803,29.312]],[[67.759,29.319],[67.756,29.326],[67.749,29.319],[67.759,29.319]],[[67.766,29.342],[67.766,29.336],[67.772,29.329],[67.776,29.339],[67.766,29.342]],[[67.776,29.346],[67.783,29.336],[67.789,29.342],[67.776,29.346]],[[67.762,29.349],[67.776,29.349],[67.776,29.356],[67.762,29.349]],[[67.783,29.359],[67.793,29.353],[67.796,29.363],[67.783,29.359]],[[67.826,29.386],[67.793,29.332],[67.843,29.349],[67.826,29.386]],[[67.783,29.369],[67.789,29.373],[67.789,29.376],[67.786,29.376],[67.783,29.369]],[[67.867,29.38],[67.86,29.366],[67.867,29.363],[67.867,29.38]],[[67.877,29.369],[67.874,29.366],[67.877,29.366],[67.877,29.369]],[[67.853,29.363],[67.857,29.369],[67.85,29.369],[67.853,29.363]],[[67.843,29.339],[67.826,29.332],[67.843,29.332],[67.843,29.339]],[[67.911,29.349],[67.914,29.339],[67.917,29.349],[67.911,29.349]],[[67.806,29.332],[67.803,29.329],[67.806,29.329],[67.806,29.332]],[[67.877,29.339],[67.874,29.336],[67.877,29.336],[67.877,29.339]],[[67.928,29.369],[67.944,29.38],[67.928,29.373],[67.928,29.369]],[[67.89,29.396],[67.894,29.4],[67.89,29.4],[67.89,29.396]],[[67.887,29.407],[67.894,29.41],[67.887,29.41],[67.887,29.407]],[[67.661,29.164],[67.668,29.167],[67.668,29.17],[67.665,29.17],[67.661,29.164]],[[67.671,29.059],[67.675,29.063],[67.671,29.063],[67.671,29.059]],[[68.437,27.731],[68.433,27.727],[68.437,27.727],[68.437,27.731]],[[68.588,27.727],[68.582,27.724],[68.588,27.724],[68.588,27.727]],[[68.413,27.724],[68.41,27.721],[68.413,27.721],[68.413,27.724]],[[68.278,27.721],[68.282,27.724],[68.278,27.724],[68.278,27.721]],[[68.059,27.721],[68.062,27.724],[68.059,27.724],[68.059,27.721]],[[68.602,27.714],[68.595,27.71],[68.592,27.704],[68.602,27.714]],[[68.4,27.714],[68.396,27.707],[68.406,27.714],[68.4,27.714]],[[68.406,27.707],[68.403,27.704],[68.406,27.704],[68.406,27.707]],[[68.619,27.7],[68.609,27.697],[68.619,27.694],[68.619,27.7]],[[68.541,27.69],[68.531,27.704],[68.524,27.704],[68.541,27.69]],[[68.558,27.69],[68.545,27.683],[68.558,27.687],[68.558,27.69]],[[68.622,27.687],[68.619,27.683],[68.622,27.683],[68.622,27.687]],[[68.565,27.683],[68.568,27.687],[68.565,27.687],[68.565,27.683]],[[68.558,27.683],[68.555,27.68],[68.558,27.68],[68.558,27.683]],[[68.501,27.667],[68.491,27.683],[68.484,27.67],[68.501,27.667]],[[68.602,27.677],[68.599,27.673],[68.602,27.673],[68.602,27.677]],[[68.602,27.67],[68.599,27.667],[68.602,27.667],[68.602,27.67]],[[68.568,27.667],[68.572,27.67],[68.568,27.67],[68.568,27.667]],[[68.359,27.677],[68.325,27.653],[68.339,27.619],[68.339,27.65],[68.356,27.653],[68.349,27.646],[68.356,27.629],[68.379,27.663],[68.359,27.677]],[[68.379,27.69],[68.393,27.677],[68.396,27.694],[68.379,27.69]],[[67.668,27.67],[67.661,27.704],[67.658,27.704],[67.668,27.67]],[[68.346,27.694],[68.336,27.69],[68.346,27.69],[68.346,27.694]],[[67.968,27.69],[67.971,27.694],[67.968,27.694],[67.968,27.69]],[[68.406,27.7],[68.417,27.694],[68.417,27.704],[68.406,27.7]],[[67.992,27.704],[67.995,27.707],[67.992,27.707],[67.992,27.704]],[[68.393,27.707],[68.39,27.704],[68.393,27.704],[68.393,27.707]],[[68.494,27.7],[68.497,27.697],[68.501,27.704],[68.494,27.7]],[[68.1,27.697],[68.103,27.7],[68.1,27.7],[68.1,27.697]],[[68.45,27.69],[68.447,27.687],[68.45,27.687],[68.45,27.69]],[[68.605,27.663],[68.602,27.66],[68.605,27.66],[68.605,27.663]],[[68.575,27.663],[68.585,27.656],[68.582,27.663],[68.575,27.663]],[[68.497,27.66],[68.501,27.663],[68.497,27.663],[68.497,27.66]],[[68.615,27.656],[68.612,27.653],[68.615,27.653],[68.615,27.656]],[[68.605,27.653],[68.609,27.656],[68.605,27.656],[68.605,27.653]],[[68.467,27.653],[68.47,27.656],[68.467,27.656],[68.467,27.653]],[[68.562,27.653],[68.558,27.65],[68.562,27.65],[68.562,27.653]],[[68.622,27.65],[68.619,27.646],[68.622,27.646],[68.622,27.65]],[[68.427,27.646],[68.43,27.65],[68.427,27.65],[68.427,27.646]],[[68.43,27.643],[68.433,27.633],[68.44,27.629],[68.43,27.643]],[[68.376,27.633],[68.379,27.636],[68.376,27.636],[68.376,27.633]],[[68.477,27.626],[68.474,27.623],[68.477,27.623],[68.477,27.626]],[[68.319,27.619],[68.295,27.633],[68.255,27.596],[68.275,27.589],[68.272,27.609],[68.319,27.619]],[[68.417,27.609],[68.42,27.603],[68.42,27.609],[68.417,27.609]],[[68.433,27.606],[68.43,27.603],[68.433,27.603],[68.433,27.606]],[[68.427,27.603],[68.423,27.599],[68.427,27.599],[68.427,27.603]],[[68.42,27.596],[68.406,27.603],[68.406,27.596],[68.42,27.596]],[[68.363,27.559],[68.352,27.549],[68.376,27.559],[68.366,27.586],[68.332,27.599],[68.363,27.559]],[[68.231,27.579],[68.184,27.569],[68.187,27.532],[68.207,27.525],[68.251,27.555],[68.231,27.579]],[[68.255,27.576],[68.268,27.569],[68.282,27.589],[68.255,27.576]],[[67.998,27.576],[68.002,27.599],[67.992,27.592],[67.998,27.576]],[[68.18,27.579],[68.174,27.576],[68.18,27.576],[68.18,27.579]],[[68.009,27.576],[68.005,27.572],[68.009,27.572],[68.009,27.576]],[[67.864,27.582],[67.86,27.589],[67.86,27.582],[67.864,27.582]],[[67.702,27.586],[67.695,27.599],[67.685,27.596],[67.688,27.589],[67.702,27.586]],[[67.708,27.589],[67.705,27.586],[67.708,27.586],[67.708,27.589]],[[67.675,27.589],[67.681,27.592],[67.675,27.592],[67.675,27.589]],[[68.187,27.592],[68.184,27.589],[68.187,27.589],[68.187,27.592]],[[68.302,27.589],[68.305,27.576],[68.312,27.589],[68.302,27.589]],[[68.288,27.576],[68.292,27.579],[68.288,27.579],[68.288,27.576]],[[68.302,27.569],[68.295,27.565],[68.302,27.565],[68.302,27.569]],[[68.302,27.559],[68.298,27.555],[68.302,27.555],[68.302,27.559]],[[68.349,27.555],[68.342,27.549],[68.349,27.549],[68.349,27.555]],[[68.292,27.549],[68.295,27.552],[68.292,27.552],[68.292,27.549]],[[68.504,27.538],[68.508,27.545],[68.494,27.545],[68.504,27.538]],[[68.349,27.542],[68.346,27.535],[68.356,27.542],[68.349,27.542]],[[68.501,27.518],[68.481,27.528],[68.484,27.511],[68.501,27.518]],[[68.572,27.525],[68.599,27.525],[68.585,27.532],[68.572,27.525]],[[68.501,27.525],[68.504,27.528],[68.501,27.528],[68.501,27.525]],[[68.707,27.538],[68.71,27.528],[68.71,27.538],[68.707,27.538]],[[68.646,27.532],[68.649,27.535],[68.646,27.535],[68.646,27.532]],[[68.666,27.535],[68.676,27.545],[68.663,27.545],[68.666,27.535]],[[68.649,27.542],[68.653,27.545],[68.649,27.545],[68.649,27.542]],[[68.595,27.545],[68.602,27.549],[68.595,27.549],[68.595,27.545]],[[68.74,27.545],[68.713,27.535],[68.723,27.508],[68.737,27.518],[68.757,27.488],[68.774,27.505],[68.777,27.484],[68.811,27.461],[68.808,27.495],[68.784,27.511],[68.801,27.488],[68.784,27.484],[68.76,27.545],[68.74,27.538],[68.747,27.565],[68.767,27.559],[68.774,27.572],[68.754,27.565],[68.744,27.579],[68.74,27.545]],[[68.646,27.549],[68.653,27.562],[68.642,27.555],[68.646,27.549]],[[68.649,27.569],[68.642,27.572],[68.649,27.565],[68.649,27.569]],[[68.713,27.589],[68.7,27.586],[68.707,27.565],[68.713,27.589]],[[68.656,27.589],[68.673,27.576],[68.666,27.589],[68.656,27.589]],[[68.642,27.582],[68.653,27.592],[68.639,27.592],[68.642,27.582]],[[68.622,27.582],[68.626,27.586],[68.622,27.586],[68.622,27.582]],[[68.727,27.586],[68.72,27.603],[68.723,27.586],[68.727,27.586]],[[68.663,27.592],[68.669,27.596],[68.663,27.596],[68.663,27.592]],[[68.68,27.582],[68.676,27.576],[68.686,27.582],[68.68,27.582]],[[68.646,27.576],[68.649,27.579],[68.646,27.579],[68.646,27.576]],[[68.639,27.576],[68.642,27.579],[68.639,27.579],[68.639,27.576]],[[68.72,27.586],[68.717,27.582],[68.72,27.582],[68.72,27.586]],[[68.787,27.552],[68.781,27.538],[68.801,27.552],[68.787,27.552]],[[68.771,27.545],[68.767,27.552],[68.764,27.545],[68.771,27.545]],[[68.831,27.522],[68.828,27.518],[68.831,27.518],[68.831,27.522]],[[68.781,27.454],[68.794,27.468],[68.771,27.468],[68.781,27.454]],[[68.801,27.458],[68.798,27.454],[68.801,27.454],[68.801,27.458]],[[68.771,27.451],[68.774,27.458],[68.771,27.458],[68.771,27.451]],[[68.784,27.451],[68.777,27.447],[68.784,27.447],[68.784,27.451]],[[68.75,27.447],[68.754,27.451],[68.75,27.451],[68.75,27.447]],[[68.744,27.444],[68.74,27.454],[68.727,27.444],[68.744,27.444]],[[68.784,27.444],[68.781,27.441],[68.784,27.441],[68.784,27.444]],[[68.774,27.437],[68.777,27.444],[68.774,27.444],[68.774,27.437]],[[68.744,27.437],[68.747,27.441],[68.744,27.441],[68.744,27.437]],[[68.696,27.444],[68.73,27.478],[68.707,27.481],[68.69,27.447],[68.69,27.461],[68.669,27.451],[68.69,27.464],[68.669,27.515],[68.686,27.498],[68.696,27.522],[68.693,27.505],[68.717,27.508],[68.707,27.525],[68.676,27.528],[68.649,27.508],[68.659,27.461],[68.622,27.444],[68.575,27.444],[68.568,27.431],[68.551,27.427],[68.626,27.437],[68.588,27.414],[68.609,27.407],[68.669,27.451],[68.676,27.437],[68.615,27.41],[68.612,27.397],[68.649,27.4],[68.653,27.424],[68.686,27.437],[68.707,27.41],[68.737,27.404],[68.696,27.444]],[[68.764,27.437],[68.774,27.431],[68.771,27.437],[68.764,27.437]],[[68.75,27.431],[68.757,27.434],[68.75,27.434],[68.75,27.431]],[[68.733,27.431],[68.737,27.434],[68.733,27.434],[68.733,27.431]],[[68.787,27.414],[68.784,27.41],[68.787,27.41],[68.787,27.414]],[[68.673,27.42],[68.68,27.424],[68.673,27.427],[68.673,27.42]],[[68.69,27.377],[68.696,27.397],[68.686,27.37],[68.713,27.356],[68.713,27.366],[68.737,27.39],[68.713,27.404],[68.713,27.373],[68.69,27.377]],[[68.663,27.4],[68.642,27.393],[68.646,27.383],[68.649,27.393],[68.663,27.4]],[[68.686,27.397],[68.683,27.393],[68.686,27.393],[68.686,27.397]],[[68.68,27.366],[68.615,27.39],[68.595,27.356],[68.558,27.346],[68.609,27.35],[68.622,27.373],[68.68,27.366]],[[68.683,27.356],[68.68,27.35],[68.683,27.35],[68.683,27.356]],[[68.69,27.35],[68.686,27.346],[68.69,27.346],[68.69,27.35]],[[68.653,27.35],[68.656,27.353],[68.653,27.353],[68.653,27.35]],[[68.639,27.353],[68.642,27.356],[68.639,27.356],[68.639,27.353]],[[68.666,27.353],[68.663,27.35],[68.666,27.35],[68.666,27.353]],[[68.541,27.346],[68.548,27.356],[68.541,27.353],[68.541,27.346]],[[68.562,27.36],[68.565,27.353],[68.568,27.36],[68.562,27.36]],[[68.548,27.36],[68.555,27.363],[68.548,27.363],[68.548,27.36]],[[68.602,27.393],[68.585,27.397],[68.595,27.39],[68.572,27.383],[68.562,27.363],[68.592,27.37],[68.602,27.393]],[[68.744,27.397],[68.74,27.393],[68.744,27.393],[68.744,27.397]],[[68.72,27.363],[68.717,27.36],[68.72,27.36],[68.72,27.363]],[[68.649,27.431],[68.653,27.434],[68.649,27.434],[68.649,27.431]],[[68.504,27.417],[68.497,27.42],[68.497,27.41],[68.504,27.417]],[[68.514,27.42],[68.518,27.424],[68.514,27.424],[68.514,27.42]],[[68.538,27.424],[68.535,27.42],[68.538,27.42],[68.538,27.424]],[[68.592,27.424],[68.588,27.42],[68.592,27.42],[68.592,27.424]],[[68.494,27.427],[68.497,27.434],[68.491,27.434],[68.494,27.427]],[[68.501,27.474],[68.477,27.501],[68.481,27.461],[68.491,27.468],[68.501,27.461],[68.501,27.431],[68.521,27.447],[68.548,27.431],[68.535,27.451],[68.514,27.451],[68.511,27.444],[68.501,27.474]],[[68.548,27.491],[68.541,27.488],[68.548,27.488],[68.548,27.491]],[[68.615,27.495],[68.595,27.488],[68.615,27.488],[68.615,27.495]],[[68.575,27.491],[68.562,27.498],[68.565,27.491],[68.575,27.491]],[[68.491,27.495],[68.494,27.498],[68.491,27.498],[68.491,27.495]],[[68.514,27.488],[68.511,27.484],[68.514,27.484],[68.514,27.488]],[[68.612,27.484],[68.609,27.481],[68.612,27.481],[68.612,27.484]],[[68.585,27.481],[68.588,27.484],[68.585,27.484],[68.585,27.481]],[[68.555,27.481],[68.548,27.478],[68.555,27.478],[68.555,27.481]],[[68.642,27.474],[68.639,27.471],[68.642,27.471],[68.642,27.474]],[[68.599,27.471],[68.602,27.474],[68.599,27.474],[68.599,27.471]],[[68.568,27.468],[68.585,27.461],[68.582,27.468],[68.568,27.468]],[[68.619,27.454],[68.612,27.451],[68.619,27.451],[68.619,27.454]],[[68.565,27.437],[68.562,27.434],[68.565,27.434],[68.565,27.437]],[[68.467,27.441],[68.481,27.444],[68.481,27.447],[68.47,27.447],[68.467,27.441]],[[68.487,27.458],[68.491,27.461],[68.487,27.461],[68.487,27.458]],[[68.47,27.468],[68.464,27.478],[68.457,27.481],[68.47,27.468]],[[68.575,27.511],[68.578,27.515],[68.575,27.515],[68.575,27.511]],[[68.511,27.515],[68.514,27.518],[68.511,27.518],[68.511,27.515]],[[68.615,27.518],[68.612,27.515],[68.615,27.515],[68.615,27.518]],[[68.572,27.518],[68.575,27.522],[68.572,27.522],[68.572,27.518]],[[68.74,27.498],[68.72,27.495],[68.74,27.488],[68.74,27.498]],[[68.71,27.491],[68.713,27.495],[68.71,27.495],[68.71,27.491]],[[68.744,27.481],[68.737,27.474],[68.744,27.474],[68.744,27.481]],[[68.767,27.481],[68.764,27.474],[68.767,27.474],[68.767,27.481]],[[68.784,27.474],[68.781,27.471],[68.784,27.471],[68.784,27.474]],[[68.76,27.478],[68.74,27.461],[68.747,27.458],[68.76,27.478]],[[68.41,27.525],[68.42,27.532],[68.413,27.535],[68.41,27.525]],[[68.393,27.511],[68.393,27.522],[68.386,27.515],[68.393,27.511]],[[68.103,27.511],[68.1,27.515],[68.1,27.511],[68.103,27.511]],[[68.386,27.511],[68.383,27.505],[68.386,27.505],[68.386,27.511]],[[67.998,27.505],[67.995,27.508],[67.995,27.505],[67.998,27.505]],[[67.671,27.535],[67.648,27.535],[67.631,27.532],[67.651,27.525],[67.644,27.501],[67.614,27.501],[67.631,27.515],[67.621,27.518],[67.577,27.468],[67.638,27.387],[67.627,27.326],[67.681,27.397],[67.661,27.431],[67.661,27.515],[67.671,27.535]],[[67.648,27.538],[67.651,27.542],[67.648,27.542],[67.648,27.538]],[[67.681,27.542],[67.685,27.538],[67.685,27.542],[67.681,27.542]],[[68.184,27.535],[68.18,27.532],[68.184,27.532],[68.184,27.535]],[[68.204,27.522],[68.201,27.518],[68.204,27.518],[68.204,27.522]],[[68.379,27.498],[68.376,27.495],[68.379,27.495],[68.379,27.498]],[[68.42,27.495],[68.417,27.491],[68.42,27.491],[68.42,27.495]],[[68.373,27.491],[68.366,27.484],[68.376,27.484],[68.373,27.491]],[[68.41,27.484],[68.4,27.481],[68.41,27.481],[68.41,27.484]],[[68.346,27.478],[68.336,27.484],[68.329,27.478],[68.346,27.478]],[[68.366,27.481],[68.356,27.478],[68.366,27.478],[68.366,27.481]],[[68.352,27.478],[68.349,27.474],[68.352,27.474],[68.352,27.478]],[[68.292,27.481],[68.295,27.488],[68.292,27.488],[68.292,27.481]],[[68.332,27.484],[68.329,27.491],[68.322,27.491],[68.332,27.484]],[[68.356,27.488],[68.346,27.484],[68.356,27.484],[68.356,27.488]],[[67.668,27.474],[67.665,27.471],[67.668,27.471],[67.668,27.474]],[[68.204,27.468],[68.207,27.461],[68.207,27.468],[68.204,27.468]],[[68.214,27.464],[68.211,27.461],[68.214,27.461],[68.214,27.464]],[[68.194,27.458],[68.191,27.454],[68.194,27.454],[68.194,27.458]],[[68.184,27.447],[68.18,27.444],[68.184,27.444],[68.184,27.447]],[[68.282,27.437],[68.278,27.434],[68.282,27.434],[68.282,27.437]],[[68.076,27.431],[68.079,27.434],[68.076,27.434],[68.076,27.431]],[[68.265,27.42],[68.261,27.417],[68.265,27.417],[68.265,27.42]],[[68.218,27.417],[68.204,27.41],[68.201,27.4],[68.214,27.4],[68.218,27.417]],[[68.234,27.407],[68.231,27.397],[68.241,27.4],[68.234,27.407]],[[68.288,27.4],[68.285,27.397],[68.288,27.397],[68.288,27.4]],[[68.275,27.397],[68.272,27.383],[68.282,27.387],[68.275,27.397]],[[68.194,27.404],[68.197,27.407],[68.194,27.407],[68.194,27.404]],[[68.069,27.37],[68.066,27.377],[68.066,27.37],[68.069,27.37]],[[68.1,27.373],[68.093,27.366],[68.1,27.366],[68.1,27.373]],[[68.12,27.37],[68.116,27.366],[68.12,27.366],[68.12,27.37]],[[68.11,27.363],[68.113,27.37],[68.11,27.37],[68.11,27.363]],[[68.298,27.363],[68.295,27.36],[68.298,27.36],[68.298,27.363]],[[67.944,27.356],[67.948,27.366],[67.944,27.366],[67.944,27.356]],[[68.298,27.356],[68.295,27.353],[68.298,27.353],[68.298,27.356]],[[67.779,27.356],[67.796,27.37],[67.786,27.366],[67.779,27.356]],[[68.258,27.346],[68.248,27.35],[68.248,27.346],[68.258,27.346]],[[68.346,27.35],[68.342,27.346],[68.346,27.346],[68.346,27.35]],[[68.191,27.343],[68.187,27.346],[68.187,27.343],[68.191,27.343]],[[68.18,27.339],[68.184,27.343],[68.18,27.343],[68.18,27.339]],[[68.039,27.336],[68.042,27.339],[68.039,27.339],[68.039,27.336]],[[67.877,27.336],[67.88,27.343],[67.877,27.343],[67.877,27.336]],[[67.762,27.343],[67.769,27.326],[67.783,27.339],[67.783,27.343],[67.762,27.343]],[[67.803,27.346],[67.799,27.343],[67.803,27.343],[67.803,27.346]],[[67.948,27.35],[67.951,27.339],[67.951,27.35],[67.948,27.35]],[[67.806,27.346],[67.81,27.35],[67.806,27.35],[67.806,27.346]],[[68.032,27.346],[68.029,27.343],[68.032,27.343],[68.032,27.346]],[[68.015,27.323],[68.019,27.336],[68.009,27.333],[68.015,27.323]],[[68.052,27.323],[68.049,27.316],[68.052,27.316],[68.052,27.323]],[[68.13,27.333],[68.143,27.319],[68.143,27.329],[68.13,27.333]],[[68.032,27.323],[68.029,27.333],[68.029,27.323],[68.032,27.323]],[[68.106,27.326],[68.103,27.323],[68.106,27.323],[68.106,27.326]],[[68.083,27.323],[68.086,27.326],[68.083,27.326],[68.083,27.323]],[[68.174,27.336],[68.177,27.333],[68.177,27.336],[68.174,27.336]],[[68.164,27.316],[68.16,27.319],[68.16,27.316],[68.164,27.316]],[[67.779,27.319],[67.776,27.326],[67.776,27.319],[67.779,27.319]],[[67.783,27.373],[67.789,27.377],[67.783,27.377],[67.783,27.373]],[[68.046,27.366],[68.042,27.363],[68.046,27.363],[68.046,27.366]],[[67.81,27.366],[67.806,27.363],[67.81,27.363],[67.81,27.366]],[[68.393,27.525],[68.396,27.532],[68.393,27.532],[68.393,27.525]],[[68.305,27.532],[68.309,27.535],[68.305,27.535],[68.305,27.532]],[[68.339,27.535],[68.332,27.532],[68.339,27.532],[68.339,27.535]],[[68.339,27.538],[68.342,27.542],[68.339,27.542],[68.339,27.538]],[[67.695,27.549],[67.698,27.552],[67.695,27.552],[67.695,27.549]],[[67.715,27.559],[67.719,27.562],[67.715,27.562],[67.715,27.559]],[[67.917,27.562],[67.948,27.569],[67.917,27.569],[67.917,27.562]],[[67.685,27.565],[67.695,27.569],[67.685,27.569],[67.685,27.565]],[[67.89,27.569],[67.887,27.565],[67.89,27.565],[67.89,27.569]],[[68.305,27.592],[68.312,27.596],[68.312,27.599],[68.309,27.599],[68.305,27.592]],[[68.491,27.565],[68.481,27.562],[68.491,27.562],[68.491,27.565]],[[68.383,27.599],[68.386,27.603],[68.383,27.603],[68.383,27.599]],[[68.319,27.603],[68.325,27.606],[68.319,27.606],[68.319,27.603]],[[68.113,27.599],[68.12,27.606],[68.113,27.603],[68.113,27.599]],[[68.086,27.606],[68.096,27.609],[68.086,27.609],[68.086,27.606]],[[67.995,27.606],[67.998,27.609],[67.995,27.609],[67.995,27.606]],[[68.046,27.609],[68.049,27.613],[68.046,27.613],[68.046,27.609]],[[67.729,27.609],[67.725,27.616],[67.722,27.609],[67.729,27.609]],[[67.762,27.616],[67.759,27.613],[67.762,27.613],[67.762,27.616]],[[68.005,27.613],[68.012,27.619],[68.005,27.616],[68.005,27.613]],[[67.732,27.629],[67.739,27.623],[67.739,27.629],[67.732,27.629]],[[68.106,27.623],[68.103,27.619],[68.106,27.619],[68.106,27.623]],[[67.756,27.623],[67.756,27.646],[67.739,27.656],[67.742,27.626],[67.756,27.623]],[[67.776,27.653],[67.779,27.646],[67.783,27.646],[67.783,27.65],[67.776,27.653]],[[67.786,27.643],[67.783,27.64],[67.786,27.64],[67.786,27.643]],[[68.238,27.609],[68.234,27.606],[68.238,27.606],[68.238,27.609]],[[68.228,27.606],[68.231,27.609],[68.228,27.609],[68.228,27.606]],[[68.11,27.603],[68.1,27.609],[68.1,27.603],[68.11,27.603]],[[68.191,27.606],[68.187,27.603],[68.191,27.603],[68.191,27.606]],[[67.786,27.656],[67.789,27.66],[67.786,27.66],[67.786,27.656]],[[67.955,27.66],[67.958,27.663],[67.955,27.663],[67.955,27.66]],[[68.012,27.667],[68.009,27.663],[68.012,27.663],[68.012,27.667]],[[68.228,27.299],[68.221,27.302],[68.221,27.296],[68.228,27.299]],[[68.282,27.296],[68.278,27.292],[68.282,27.292],[68.282,27.296]],[[67.85,27.292],[67.88,27.282],[67.887,27.302],[67.86,27.302],[67.85,27.292]],[[68.049,27.306],[68.042,27.302],[68.049,27.302],[68.049,27.306]],[[68.153,27.302],[68.15,27.299],[68.153,27.299],[68.153,27.302]],[[67.995,27.282],[67.998,27.272],[68.009,27.272],[67.995,27.282]],[[67.83,27.282],[67.84,27.286],[67.83,27.286],[67.83,27.282]],[[67.955,27.272],[67.951,27.269],[67.955,27.269],[67.955,27.272]],[[67.998,27.262],[67.995,27.259],[67.998,27.259],[67.998,27.262]],[[68.238,27.262],[68.245,27.252],[68.248,27.262],[68.238,27.262]],[[68.272,27.255],[68.265,27.252],[68.272,27.252],[68.272,27.255]],[[68.255,27.252],[68.258,27.255],[68.255,27.255],[68.255,27.252]],[[68.1,27.252],[68.103,27.255],[68.1,27.255],[68.1,27.252]],[[67.796,27.252],[67.799,27.259],[67.796,27.259],[67.796,27.252]],[[68.157,27.252],[68.153,27.248],[68.157,27.248],[68.157,27.252]],[[68.009,27.259],[68.002,27.255],[68.009,27.255],[68.009,27.259]],[[68.157,27.245],[68.16,27.235],[68.174,27.228],[68.157,27.245]],[[67.607,27.232],[67.611,27.235],[67.607,27.235],[67.607,27.232]],[[68.069,27.238],[68.066,27.232],[68.073,27.232],[68.069,27.238]],[[68.059,27.242],[68.062,27.245],[68.059,27.245],[68.059,27.242]],[[68.18,27.225],[68.177,27.221],[68.18,27.221],[68.18,27.225]],[[68.012,27.211],[68.005,27.215],[68.005,27.211],[68.012,27.211]],[[68.096,27.205],[68.086,27.201],[68.096,27.201],[68.096,27.205]],[[68.1,27.201],[68.106,27.191],[68.11,27.198],[68.1,27.201]],[[67.826,27.194],[67.847,27.205],[67.83,27.208],[67.826,27.194]],[[68.009,27.191],[68.005,27.184],[68.015,27.191],[68.009,27.191]],[[67.799,27.184],[67.806,27.188],[67.799,27.188],[67.799,27.184]],[[67.789,27.188],[67.803,27.168],[67.81,27.171],[67.789,27.188]],[[67.722,27.178],[67.725,27.181],[67.722,27.181],[67.722,27.178]],[[67.901,27.181],[67.897,27.178],[67.901,27.178],[67.901,27.181]],[[67.833,27.178],[67.83,27.174],[67.833,27.174],[67.833,27.178]],[[68.191,27.171],[68.18,27.168],[68.191,27.168],[68.191,27.171]],[[67.756,27.168],[67.759,27.171],[67.756,27.171],[67.756,27.168]],[[68.116,27.161],[68.113,27.164],[68.113,27.161],[68.116,27.161]],[[68.103,27.161],[68.096,27.164],[68.096,27.161],[68.103,27.161]],[[68.093,27.157],[68.089,27.154],[68.093,27.154],[68.093,27.157]],[[67.867,27.154],[67.87,27.157],[67.867,27.157],[67.867,27.154]],[[67.823,27.147],[67.82,27.154],[67.816,27.147],[67.823,27.147]],[[67.786,27.154],[67.789,27.157],[67.786,27.157],[67.786,27.154]],[[67.766,27.141],[67.762,27.137],[67.766,27.137],[67.766,27.141]],[[68.093,27.141],[68.089,27.134],[68.093,27.134],[68.093,27.141]],[[67.729,27.13],[67.735,27.137],[67.729,27.141],[67.729,27.13]],[[67.864,27.134],[67.86,27.13],[67.864,27.13],[67.864,27.134]],[[67.756,27.13],[67.752,27.127],[67.756,27.127],[67.756,27.13]],[[68.096,27.127],[68.093,27.124],[68.096,27.124],[68.096,27.127]],[[67.992,27.114],[67.988,27.127],[67.978,27.114],[67.992,27.114]],[[67.793,27.117],[67.779,27.117],[67.776,27.107],[67.786,27.107],[67.793,27.117]],[[67.661,27.117],[67.668,27.12],[67.661,27.124],[67.661,27.117]],[[67.803,27.12],[67.796,27.117],[67.803,27.117],[67.803,27.12]],[[67.698,27.124],[67.702,27.127],[67.698,27.127],[67.698,27.124]],[[67.722,27.134],[67.725,27.137],[67.722,27.137],[67.722,27.134]],[[67.756,27.137],[67.752,27.134],[67.756,27.134],[67.756,27.137]],[[67.81,27.103],[67.806,27.093],[67.81,27.093],[67.81,27.103]],[[68.062,27.093],[68.059,27.09],[68.062,27.09],[68.062,27.093]],[[68.11,27.09],[68.106,27.087],[68.11,27.087],[68.11,27.09]],[[68.049,27.083],[68.052,27.09],[68.049,27.09],[68.049,27.083]],[[67.938,27.083],[67.944,27.09],[67.938,27.09],[67.938,27.083]],[[67.779,27.083],[67.783,27.09],[67.779,27.09],[67.779,27.083]],[[67.678,27.1],[67.681,27.093],[67.685,27.1],[67.678,27.1]],[[67.692,27.1],[67.698,27.093],[67.705,27.093],[67.692,27.1]],[[67.698,27.083],[67.695,27.076],[67.698,27.076],[67.698,27.083]],[[68.1,27.08],[68.096,27.073],[68.103,27.073],[68.1,27.08]],[[68.042,27.073],[68.046,27.08],[68.042,27.08],[68.042,27.073]],[[68.039,27.066],[68.042,27.049],[68.042,27.066],[68.039,27.066]],[[67.692,27.046],[67.698,27.043],[67.698,27.046],[67.692,27.046]],[[68.042,27.046],[68.039,27.036],[68.042,27.036],[68.042,27.046]],[[67.904,27.039],[67.897,27.023],[67.914,27.023],[67.904,27.039]],[[67.89,27.033],[67.894,27.036],[67.89,27.036],[67.89,27.033]],[[67.786,27.026],[67.789,27.033],[67.786,27.033],[67.786,27.026]],[[67.806,27.026],[67.799,27.023],[67.806,27.023],[67.806,27.026]],[[68.035,27.023],[68.032,27.019],[68.035,27.019],[68.035,27.023]],[[67.766,27.012],[67.745,27.009],[67.762,27.006],[67.766,27.012]],[[67.783,27.009],[67.776,27.002],[67.783,27.002],[67.783,27.009]],[[67.86,27.012],[67.864,27.009],[67.864,27.012],[67.86,27.012]],[[67.786,27.006],[67.789,27.009],[67.786,27.009],[67.786,27.006]],[[68.083,27.006],[68.079,27.002],[68.083,27.002],[68.083,27.006]],[[67.85,27.002],[67.843,26.999],[67.85,26.996],[67.85,27.002]],[[68.089,26.996],[68.083,26.989],[68.089,26.989],[68.089,26.996]],[[67.803,26.989],[67.799,26.999],[67.799,26.989],[67.803,26.989]],[[67.826,26.989],[67.806,26.982],[67.81,26.965],[67.837,26.965],[67.826,26.989]],[[68.062,26.979],[68.059,26.975],[68.062,26.975],[68.062,26.979]],[[67.85,26.969],[67.857,26.979],[67.847,26.979],[67.85,26.969]],[[67.87,26.975],[67.867,26.969],[67.87,26.969],[67.87,26.975]],[[67.911,26.675],[67.864,26.638],[67.867,26.618],[67.904,26.618],[67.904,26.604],[67.917,26.615],[67.894,26.628],[67.917,26.635],[67.934,26.615],[67.934,26.628],[67.951,26.638],[67.938,26.604],[67.955,26.598],[67.951,26.567],[67.971,26.564],[67.968,26.446],[67.998,26.412],[68.015,26.419],[67.982,26.395],[67.978,26.358],[67.992,26.358],[67.985,26.341],[68.015,26.348],[67.995,26.311],[68.022,26.311],[68.032,26.274],[68.079,26.233],[68.076,26.193],[68.103,26.18],[68.14,26.206],[68.133,26.23],[68.15,26.227],[68.15,26.257],[68.177,26.274],[68.153,26.277],[68.177,26.281],[68.17,26.345],[68.204,26.341],[68.207,26.304],[68.278,26.331],[68.272,26.291],[68.309,26.318],[68.298,26.318],[68.298,26.331],[68.319,26.325],[68.325,26.365],[68.275,26.341],[68.261,26.351],[68.298,26.372],[68.302,26.395],[68.322,26.389],[68.305,26.412],[68.278,26.402],[68.285,26.368],[68.234,26.351],[68.251,26.328],[68.224,26.311],[68.228,26.331],[68.184,26.358],[68.16,26.355],[68.17,26.365],[68.16,26.378],[68.147,26.358],[68.16,26.341],[68.127,26.338],[68.133,26.321],[68.147,26.328],[68.133,26.318],[68.147,26.291],[68.106,26.287],[68.106,26.355],[68.079,26.368],[68.089,26.385],[68.062,26.449],[68.089,26.507],[68.113,26.496],[68.133,26.523],[68.12,26.53],[68.133,26.55],[68.086,26.53],[68.076,26.544],[68.113,26.561],[68.083,26.574],[68.079,26.547],[68.062,26.547],[68.073,26.517],[68.032,26.52],[68.039,26.537],[67.978,26.53],[68.009,26.564],[68.009,26.591],[68.046,26.584],[68.025,26.561],[68.069,26.564],[68.086,26.591],[68.046,26.611],[68.079,26.631],[68.089,26.611],[68.073,26.604],[68.12,26.588],[68.096,26.574],[68.127,26.574],[68.15,26.598],[68.137,26.615],[68.147,26.655],[68.12,26.665],[68.116,26.648],[68.089,26.645],[68.106,26.655],[68.066,26.665],[68.083,26.638],[68.059,26.635],[68.039,26.658],[68.069,26.675],[68.086,26.668],[68.062,26.679],[68.076,26.699],[68.12,26.689],[68.127,26.736],[68.096,26.739],[68.116,26.766],[68.14,26.766],[68.13,26.783],[68.062,26.716],[68.1,26.722],[68.093,26.706],[68.049,26.695],[68.025,26.712],[68.039,26.689],[68.022,26.679],[67.988,26.706],[67.995,26.722],[68.019,26.716],[67.998,26.729],[68.035,26.756],[68.002,26.773],[67.998,26.786],[68.025,26.783],[68.049,26.807],[68.029,26.817],[68.032,26.844],[67.992,26.82],[67.992,26.857],[68.049,26.884],[68.056,26.945],[68.035,26.945],[68.049,26.969],[67.992,26.928],[68.009,26.874],[67.978,26.871],[67.951,26.834],[67.961,26.803],[67.917,26.78],[67.928,26.702],[67.894,26.726],[67.911,26.675]],[[67.722,26.81],[67.739,26.857],[67.708,26.867],[67.732,26.962],[67.715,26.948],[67.695,26.958],[67.695,26.938],[67.715,26.945],[67.719,26.938],[67.692,26.908],[67.705,26.894],[67.702,26.867],[67.712,26.861],[67.692,26.857],[67.732,26.84],[67.681,26.803],[67.719,26.8],[67.692,26.78],[67.712,26.776],[67.715,26.766],[67.702,26.77],[67.702,26.729],[67.668,26.716],[67.644,26.658],[67.631,26.665],[67.627,26.706],[67.6,26.702],[67.597,26.672],[67.611,26.652],[67.638,26.652],[67.661,26.611],[67.732,26.635],[67.732,26.615],[67.692,26.604],[67.688,26.588],[67.668,26.604],[67.654,26.581],[67.678,26.571],[67.675,26.581],[67.688,26.584],[67.708,26.547],[67.688,26.547],[67.688,26.534],[67.708,26.517],[67.759,26.51],[67.759,26.47],[67.783,26.439],[67.796,26.453],[67.823,26.443],[67.789,26.496],[67.816,26.523],[67.799,26.52],[67.769,26.567],[67.789,26.635],[67.823,26.641],[67.816,26.662],[67.84,26.672],[67.82,26.672],[67.806,26.699],[67.833,26.719],[67.783,26.746],[67.735,26.722],[67.745,26.753],[67.722,26.81]],[[67.799,26.84],[67.793,26.786],[67.799,26.786],[67.806,26.8],[67.823,26.851],[67.799,26.84]],[[67.739,26.797],[67.745,26.8],[67.739,26.8],[67.739,26.797]],[[67.742,26.803],[67.745,26.81],[67.742,26.81],[67.742,26.803]],[[67.749,26.82],[67.759,26.824],[67.749,26.824],[67.749,26.82]],[[67.789,26.847],[67.799,26.854],[67.789,26.854],[67.789,26.847]],[[67.948,26.84],[67.944,26.837],[67.948,26.837],[67.948,26.84]],[[67.928,26.817],[67.924,26.813],[67.928,26.813],[67.928,26.817]],[[67.924,26.81],[67.917,26.797],[67.924,26.803],[67.924,26.81]],[[67.864,26.783],[67.86,26.78],[67.864,26.78],[67.864,26.783]],[[67.911,26.78],[67.907,26.776],[67.911,26.776],[67.911,26.78]],[[67.85,26.776],[67.857,26.78],[67.85,26.78],[67.85,26.776]],[[67.901,26.773],[67.897,26.77],[67.901,26.77],[67.901,26.773]],[[67.884,26.76],[67.88,26.756],[67.884,26.756],[67.884,26.76]],[[67.86,26.756],[67.864,26.76],[67.86,26.76],[67.86,26.756]],[[67.88,26.753],[67.877,26.746],[67.88,26.746],[67.88,26.753]],[[67.864,26.749],[67.87,26.753],[67.864,26.753],[67.864,26.749]],[[67.88,26.739],[67.877,26.736],[67.88,26.736],[67.88,26.739]],[[67.884,26.736],[67.887,26.726],[67.887,26.736],[67.884,26.736]],[[67.887,26.722],[67.88,26.719],[67.887,26.719],[67.887,26.722]],[[67.884,26.712],[67.867,26.672],[67.884,26.692],[67.884,26.712]],[[67.897,26.695],[67.894,26.692],[67.897,26.692],[67.897,26.695]],[[67.884,26.689],[67.887,26.679],[67.887,26.689],[67.884,26.689]],[[67.847,26.628],[67.843,26.625],[67.847,26.625],[67.847,26.628]],[[67.81,26.621],[67.803,26.604],[67.823,26.625],[67.81,26.621]],[[67.83,26.615],[67.826,26.611],[67.83,26.611],[67.83,26.615]],[[67.843,26.591],[67.813,26.604],[67.806,26.594],[67.843,26.591]],[[67.924,26.598],[67.921,26.594],[67.924,26.594],[67.924,26.598]],[[67.867,26.594],[67.87,26.598],[67.867,26.598],[67.867,26.594]],[[67.914,26.584],[67.917,26.591],[67.911,26.591],[67.914,26.584]],[[67.88,26.588],[67.884,26.591],[67.88,26.591],[67.88,26.588]],[[67.793,26.608],[67.796,26.611],[67.793,26.611],[67.793,26.608]],[[67.85,26.577],[67.843,26.574],[67.85,26.574],[67.85,26.577]],[[67.894,26.574],[67.89,26.571],[67.894,26.571],[67.894,26.574]],[[67.948,26.571],[67.944,26.564],[67.948,26.564],[67.948,26.571]],[[67.86,26.564],[67.833,26.574],[67.823,26.567],[67.86,26.564]],[[67.901,26.564],[67.897,26.561],[67.901,26.561],[67.901,26.564]],[[67.934,26.55],[67.931,26.547],[67.934,26.547],[67.934,26.55]],[[67.894,26.523],[67.89,26.52],[67.894,26.52],[67.894,26.523]],[[67.833,26.517],[67.803,26.493],[67.833,26.47],[67.833,26.517]],[[67.944,26.513],[67.941,26.507],[67.948,26.513],[67.944,26.513]],[[67.934,26.507],[67.924,26.5],[67.924,26.493],[67.934,26.507]],[[67.914,26.507],[67.917,26.51],[67.914,26.51],[67.914,26.507]],[[67.944,26.503],[67.938,26.496],[67.944,26.496],[67.944,26.503]],[[67.921,26.493],[67.911,26.486],[67.911,26.48],[67.921,26.493]],[[67.928,26.486],[67.921,26.443],[67.941,26.426],[67.948,26.446],[67.928,26.486]],[[67.968,26.48],[67.965,26.476],[67.968,26.476],[67.968,26.48]],[[67.894,26.426],[67.897,26.429],[67.894,26.429],[67.894,26.426]],[[67.87,26.432],[67.884,26.436],[67.87,26.443],[67.87,26.432]],[[67.843,26.443],[67.847,26.446],[67.843,26.446],[67.843,26.443]],[[67.911,26.446],[67.901,26.432],[67.901,26.429],[67.911,26.436],[67.911,26.446]],[[67.84,26.463],[67.843,26.466],[67.84,26.466],[67.84,26.463]],[[67.904,26.466],[67.907,26.47],[67.904,26.47],[67.904,26.466]],[[67.722,26.496],[67.725,26.5],[67.722,26.5],[67.722,26.496]],[[67.745,26.5],[67.749,26.503],[67.745,26.503],[67.745,26.5]],[[67.725,26.503],[67.729,26.507],[67.725,26.507],[67.725,26.503]],[[67.617,26.517],[67.627,26.527],[67.624,26.527],[67.617,26.517]],[[67.688,26.52],[67.681,26.517],[67.688,26.517],[67.688,26.52]],[[67.654,26.547],[67.685,26.554],[67.658,26.574],[67.654,26.547]],[[67.526,26.557],[67.533,26.561],[67.526,26.561],[67.526,26.557]],[[67.516,26.567],[67.53,26.577],[67.523,26.577],[67.516,26.567]],[[67.493,26.564],[67.496,26.567],[67.493,26.567],[67.493,26.564]],[[67.506,26.567],[67.503,26.564],[67.506,26.564],[67.506,26.567]],[[67.654,26.577],[67.651,26.574],[67.654,26.574],[67.654,26.577]],[[67.644,26.574],[67.641,26.571],[67.644,26.571],[67.644,26.574]],[[67.692,26.564],[67.688,26.561],[67.692,26.561],[67.692,26.564]],[[67.513,26.581],[67.526,26.584],[67.509,26.591],[67.513,26.581]],[[67.516,26.594],[67.52,26.598],[67.516,26.598],[67.516,26.594]],[[67.651,26.601],[67.654,26.604],[67.651,26.604],[67.651,26.601]],[[67.513,26.608],[67.516,26.611],[67.513,26.611],[67.513,26.608]],[[67.681,26.611],[67.671,26.608],[67.681,26.608],[67.681,26.611]],[[67.651,26.685],[67.641,26.682],[67.638,26.668],[67.651,26.685]],[[67.597,26.722],[67.59,26.746],[67.58,26.712],[67.597,26.722]],[[67.597,26.76],[67.6,26.763],[67.597,26.763],[67.597,26.76]],[[67.607,26.763],[67.604,26.76],[67.607,26.76],[67.607,26.763]],[[67.607,26.797],[67.611,26.8],[67.607,26.8],[67.607,26.797]],[[67.708,26.834],[67.715,26.837],[67.708,26.84],[67.708,26.834]],[[67.638,26.837],[67.641,26.84],[67.638,26.84],[67.638,26.837]],[[67.665,26.874],[67.668,26.878],[67.665,26.878],[67.665,26.874]],[[67.685,26.881],[67.688,26.891],[67.681,26.888],[67.685,26.881]],[[67.702,26.888],[67.698,26.884],[67.702,26.884],[67.702,26.888]],[[67.661,26.905],[67.665,26.911],[67.661,26.911],[67.661,26.905]],[[67.712,26.955],[67.708,26.952],[67.712,26.952],[67.712,26.955]],[[67.745,26.962],[67.742,26.948],[67.752,26.948],[67.745,26.962]],[[67.769,26.962],[67.759,26.958],[67.769,26.955],[67.769,26.962]],[[67.783,26.938],[67.823,26.952],[67.756,26.975],[67.779,26.958],[67.783,26.938]],[[67.934,26.942],[67.928,26.938],[67.934,26.938],[67.934,26.942]],[[67.914,26.942],[67.917,26.945],[67.914,26.945],[67.914,26.942]],[[67.941,26.945],[67.938,26.942],[67.941,26.942],[67.941,26.945]],[[67.948,26.942],[67.951,26.948],[67.944,26.942],[67.948,26.942]],[[67.85,26.945],[67.857,26.948],[67.85,26.948],[67.85,26.945]],[[67.911,26.935],[67.921,26.931],[67.921,26.938],[67.911,26.935]],[[67.725,26.972],[67.732,26.975],[67.725,26.975],[67.725,26.972]],[[67.729,26.982],[67.742,26.989],[67.735,26.992],[67.729,26.982]],[[67.712,26.982],[67.715,26.985],[67.712,26.985],[67.712,26.982]],[[67.725,26.985],[67.722,26.982],[67.725,26.982],[67.725,26.985]],[[67.799,26.975],[67.796,26.972],[67.799,26.972],[67.799,26.975]],[[67.857,26.962],[67.85,26.955],[67.857,26.955],[67.857,26.962]],[[68.005,26.962],[68.002,26.958],[68.005,26.958],[68.005,26.962]],[[67.992,26.958],[67.995,26.962],[67.992,26.962],[67.992,26.958]],[[67.874,26.958],[67.877,26.952],[67.877,26.958],[67.874,26.958]],[[67.975,26.955],[67.971,26.952],[67.975,26.952],[67.975,26.955]],[[67.752,26.918],[67.745,26.925],[67.745,26.915],[67.752,26.918]],[[67.914,26.921],[67.911,26.915],[67.914,26.915],[67.914,26.921]],[[67.739,26.921],[67.742,26.925],[67.739,26.925],[67.739,26.921]],[[67.725,26.921],[67.729,26.925],[67.725,26.925],[67.725,26.921]],[[67.914,26.911],[67.911,26.908],[67.914,26.908],[67.914,26.911]],[[67.911,26.905],[67.907,26.901],[67.911,26.901],[67.911,26.905]],[[67.84,26.901],[67.85,26.905],[67.84,26.905],[67.84,26.901]],[[67.907,26.898],[67.897,26.894],[67.897,26.888],[67.904,26.891],[67.907,26.898]],[[67.847,26.874],[67.833,26.898],[67.833,26.867],[67.847,26.874]],[[67.914,26.878],[67.907,26.871],[67.914,26.871],[67.914,26.878]],[[67.894,26.867],[67.901,26.871],[67.894,26.871],[67.894,26.867]],[[67.887,26.867],[67.89,26.871],[67.887,26.871],[67.887,26.867]],[[67.941,26.867],[67.938,26.864],[67.941,26.864],[67.941,26.867]],[[67.735,26.867],[67.752,26.878],[67.745,26.878],[67.735,26.867]],[[67.89,26.874],[67.894,26.878],[67.89,26.878],[67.89,26.874]],[[68.056,26.958],[68.052,26.952],[68.056,26.952],[68.056,26.958]],[[68.073,26.948],[68.069,26.945],[68.073,26.945],[68.073,26.948]],[[68.062,26.925],[68.083,26.918],[68.069,26.935],[68.062,26.925]],[[68.069,26.911],[68.056,26.881],[68.069,26.894],[68.069,26.911]],[[68.086,26.901],[68.083,26.898],[68.086,26.898],[68.086,26.901]],[[68.046,26.871],[68.042,26.867],[68.046,26.867],[68.046,26.871]],[[68.032,26.847],[68.009,26.857],[68.002,26.847],[68.032,26.847]],[[68.012,26.84],[68.005,26.837],[68.012,26.837],[68.012,26.84]],[[68.076,26.82],[68.073,26.817],[68.076,26.817],[68.076,26.82]],[[68.113,26.793],[68.143,26.8],[68.14,26.783],[68.15,26.786],[68.15,26.807],[68.184,26.82],[68.18,26.847],[68.157,26.817],[68.14,26.824],[68.113,26.793]],[[68.153,26.827],[68.157,26.844],[68.15,26.844],[68.153,26.827]],[[68.174,26.797],[68.164,26.803],[68.16,26.79],[68.174,26.797]],[[68.174,26.78],[68.164,26.776],[68.174,26.776],[68.174,26.78]],[[68.066,26.743],[68.056,26.739],[68.066,26.733],[68.066,26.743]],[[68.015,26.709],[68.019,26.706],[68.019,26.709],[68.015,26.709]],[[68.143,26.763],[68.14,26.76],[68.143,26.76],[68.143,26.763]],[[68.15,26.756],[68.13,26.743],[68.13,26.736],[68.153,26.736],[68.15,26.716],[68.167,26.712],[68.16,26.699],[68.14,26.709],[68.143,26.658],[68.191,26.655],[68.187,26.695],[68.157,26.726],[68.167,26.743],[68.15,26.756]],[[68.164,26.736],[68.167,26.729],[68.17,26.729],[68.17,26.733],[68.164,26.736]],[[68.17,26.726],[68.167,26.722],[68.17,26.722],[68.17,26.726]],[[68.17,26.655],[68.167,26.652],[68.17,26.652],[68.17,26.655]],[[68.241,26.655],[68.238,26.648],[68.245,26.648],[68.241,26.655]],[[68.153,26.648],[68.157,26.652],[68.153,26.652],[68.153,26.648]],[[68.137,26.668],[68.137,26.685],[68.123,26.699],[68.13,26.672],[68.137,26.668]],[[68.089,26.672],[68.106,26.675],[68.089,26.675],[68.089,26.672]],[[68.113,26.675],[68.12,26.685],[68.113,26.682],[68.113,26.675]],[[68.076,26.685],[68.079,26.682],[68.079,26.685],[68.076,26.685]],[[68.143,26.712],[68.147,26.716],[68.143,26.716],[68.143,26.712]],[[68.14,26.719],[68.143,26.722],[68.14,26.722],[68.14,26.719]],[[68.062,26.652],[68.056,26.648],[68.062,26.648],[68.062,26.652]],[[68.16,26.641],[68.15,26.631],[68.16,26.628],[68.16,26.641]],[[68.197,26.631],[68.191,26.618],[68.194,26.618],[68.197,26.631]],[[68.285,26.611],[68.302,26.621],[68.285,26.648],[68.319,26.628],[68.305,26.662],[68.282,26.655],[68.268,26.631],[68.285,26.611]],[[68.265,26.608],[68.265,26.625],[68.241,26.625],[68.228,26.598],[68.265,26.608]],[[68.298,26.608],[68.295,26.604],[68.298,26.604],[68.298,26.608]],[[68.309,26.584],[68.305,26.571],[68.275,26.574],[68.285,26.554],[68.265,26.537],[68.234,26.55],[68.218,26.527],[68.201,26.53],[68.231,26.554],[68.197,26.564],[68.234,26.588],[68.177,26.591],[68.174,26.561],[68.174,26.574],[68.153,26.574],[68.167,26.567],[68.147,26.561],[68.147,26.54],[68.197,26.55],[68.18,26.534],[68.197,26.534],[68.191,26.507],[68.251,26.534],[68.275,26.517],[68.268,26.493],[68.245,26.496],[68.265,26.493],[68.261,26.486],[68.214,26.47],[68.221,26.409],[68.174,26.395],[68.177,26.362],[68.238,26.362],[68.258,26.378],[68.204,26.385],[68.241,26.395],[68.241,26.426],[68.224,26.412],[68.228,26.463],[68.265,26.473],[68.288,26.507],[68.309,26.493],[68.285,26.483],[68.325,26.483],[68.302,26.527],[68.265,26.527],[68.298,26.534],[68.319,26.608],[68.268,26.584],[68.309,26.584]],[[68.265,26.594],[68.275,26.598],[68.265,26.598],[68.265,26.594]],[[68.356,26.611],[68.352,26.604],[68.359,26.604],[68.356,26.611]],[[68.315,26.611],[68.319,26.618],[68.315,26.618],[68.315,26.611]],[[68.298,26.611],[68.302,26.615],[68.298,26.615],[68.298,26.611]],[[68.393,26.588],[68.39,26.584],[68.393,26.584],[68.393,26.588]],[[68.376,26.581],[68.363,26.574],[68.363,26.571],[68.376,26.581]],[[68.359,26.571],[68.352,26.567],[68.359,26.567],[68.359,26.571]],[[68.336,26.544],[68.332,26.537],[68.336,26.537],[68.336,26.544]],[[68.363,26.527],[68.359,26.523],[68.363,26.523],[68.363,26.527]],[[68.349,26.523],[68.346,26.52],[68.349,26.52],[68.349,26.523]],[[68.39,26.507],[68.373,26.513],[68.369,26.493],[68.39,26.507]],[[68.352,26.483],[68.342,26.513],[68.336,26.493],[68.352,26.483]],[[68.427,26.473],[68.45,26.483],[68.42,26.49],[68.427,26.473]],[[68.396,26.473],[68.406,26.49],[68.373,26.486],[68.383,26.432],[68.423,26.422],[68.406,26.405],[68.457,26.365],[68.46,26.429],[68.41,26.429],[68.396,26.473]],[[68.443,26.47],[68.437,26.463],[68.45,26.47],[68.443,26.47]],[[68.43,26.466],[68.433,26.47],[68.43,26.47],[68.43,26.466]],[[68.406,26.459],[68.41,26.453],[68.423,26.453],[68.406,26.459]],[[68.494,26.419],[68.491,26.416],[68.494,26.416],[68.494,26.419]],[[68.464,26.392],[68.46,26.389],[68.464,26.389],[68.464,26.392]],[[68.282,26.429],[68.278,26.419],[68.288,26.419],[68.282,26.429]],[[68.312,26.436],[68.315,26.439],[68.312,26.439],[68.312,26.436]],[[68.363,26.443],[68.359,26.439],[68.363,26.439],[68.363,26.443]],[[68.332,26.439],[68.346,26.443],[68.332,26.443],[68.332,26.439]],[[68.356,26.446],[68.359,26.453],[68.356,26.453],[68.356,26.446]],[[68.258,26.449],[68.261,26.453],[68.258,26.453],[68.258,26.449]],[[68.248,26.453],[68.251,26.459],[68.248,26.459],[68.248,26.453]],[[68.258,26.463],[68.261,26.456],[68.265,26.463],[68.258,26.463]],[[68.302,26.463],[68.298,26.459],[68.302,26.459],[68.302,26.463]],[[68.319,26.459],[68.312,26.456],[68.319,26.456],[68.319,26.459]],[[68.315,26.453],[68.312,26.449],[68.315,26.449],[68.315,26.453]],[[68.46,26.483],[68.454,26.476],[68.46,26.476],[68.46,26.483]],[[68.261,26.409],[68.248,26.416],[68.248,26.409],[68.261,26.409]],[[68.265,26.402],[68.261,26.399],[68.265,26.399],[68.265,26.402]],[[68.275,26.399],[68.272,26.395],[68.275,26.395],[68.275,26.399]],[[68.214,26.358],[68.204,26.351],[68.214,26.351],[68.214,26.358]],[[68.177,26.402],[68.194,26.412],[68.197,26.419],[68.17,26.426],[68.177,26.402]],[[68.11,26.409],[68.106,26.459],[68.096,26.463],[68.083,26.439],[68.11,26.409]],[[68.174,26.476],[68.174,26.449],[68.201,26.456],[68.174,26.476]],[[68.1,26.473],[68.103,26.476],[68.1,26.476],[68.1,26.473]],[[68.194,26.48],[68.191,26.476],[68.194,26.476],[68.194,26.48]],[[68.093,26.483],[68.096,26.48],[68.096,26.483],[68.093,26.483]],[[68.164,26.483],[68.16,26.48],[68.164,26.48],[68.164,26.483]],[[68.201,26.486],[68.197,26.48],[68.201,26.48],[68.201,26.486]],[[68.214,26.446],[68.184,26.446],[68.187,26.436],[68.214,26.446]],[[68.18,26.436],[68.174,26.439],[68.174,26.436],[68.18,26.436]],[[68.164,26.432],[68.167,26.436],[68.164,26.436],[68.164,26.432]],[[68.207,26.432],[68.201,26.426],[68.207,26.426],[68.207,26.432]],[[68.187,26.429],[68.191,26.432],[68.187,26.432],[68.187,26.429]],[[68.194,26.49],[68.187,26.503],[68.191,26.49],[68.194,26.49]],[[68.241,26.496],[68.231,26.493],[68.241,26.493],[68.241,26.496]],[[68.17,26.493],[68.177,26.513],[68.167,26.517],[68.17,26.493]],[[68.184,26.51],[68.18,26.507],[68.184,26.507],[68.184,26.51]],[[68.147,26.517],[68.15,26.523],[68.147,26.523],[68.147,26.517]],[[68.17,26.527],[68.16,26.52],[68.177,26.52],[68.17,26.527]],[[68.153,26.527],[68.157,26.53],[68.153,26.53],[68.153,26.527]],[[68.164,26.53],[68.177,26.534],[68.177,26.54],[68.164,26.53]],[[68.15,26.534],[68.153,26.537],[68.15,26.537],[68.15,26.534]],[[68.14,26.561],[68.13,26.564],[68.137,26.554],[68.14,26.561]],[[68.153,26.598],[68.17,26.608],[68.153,26.604],[68.153,26.598]],[[68.194,26.604],[68.204,26.598],[68.197,26.618],[68.194,26.604]],[[68.174,26.611],[68.177,26.621],[68.174,26.621],[68.174,26.611]],[[68.218,26.604],[68.224,26.598],[68.221,26.604],[68.218,26.604]],[[68.261,26.55],[68.258,26.547],[68.261,26.547],[68.261,26.55]],[[68.218,26.625],[68.221,26.628],[68.218,26.628],[68.218,26.625]],[[68.147,26.625],[68.15,26.628],[68.147,26.628],[68.147,26.625]],[[68.069,26.611],[68.079,26.615],[68.069,26.615],[68.069,26.611]],[[68.009,26.557],[68.012,26.561],[68.009,26.561],[68.009,26.557]],[[68.052,26.534],[68.046,26.53],[68.052,26.53],[68.052,26.534]],[[68.093,26.537],[68.089,26.534],[68.093,26.534],[68.093,26.537]],[[68.336,26.382],[68.325,26.372],[68.336,26.372],[68.336,26.382]],[[68.342,26.365],[68.336,26.362],[68.342,26.362],[68.342,26.365]],[[68.356,26.341],[68.352,26.338],[68.356,26.338],[68.356,26.341]],[[68.349,26.321],[68.359,26.318],[68.352,26.331],[68.349,26.321]],[[68.265,26.294],[68.272,26.304],[68.261,26.304],[68.265,26.294]],[[68.228,26.294],[68.224,26.291],[68.228,26.291],[68.228,26.294]],[[68.221,26.284],[68.201,26.267],[68.184,26.264],[68.204,26.264],[68.221,26.284]],[[68.015,26.2],[68.019,26.203],[68.015,26.203],[68.015,26.2]],[[68.019,26.206],[68.015,26.213],[68.012,26.206],[68.019,26.206]],[[68.029,26.217],[68.025,26.213],[68.029,26.213],[68.029,26.217]],[[67.944,26.227],[67.958,26.23],[67.944,26.23],[67.944,26.227]],[[67.975,26.237],[67.988,26.227],[68.002,26.23],[67.975,26.237]],[[67.941,26.233],[67.944,26.237],[67.941,26.237],[67.941,26.233]],[[68.046,26.237],[68.049,26.24],[68.046,26.24],[68.046,26.237]],[[67.928,26.247],[67.924,26.254],[67.921,26.254],[67.928,26.247]],[[67.934,26.25],[67.931,26.247],[67.934,26.247],[67.934,26.25]],[[67.928,26.267],[67.934,26.271],[67.928,26.271],[67.928,26.267]],[[67.944,26.271],[67.948,26.274],[67.944,26.274],[67.944,26.271]],[[67.951,26.277],[67.955,26.287],[67.951,26.287],[67.951,26.277]],[[67.968,26.284],[67.961,26.281],[67.961,26.277],[67.965,26.277],[67.968,26.284]],[[67.941,26.304],[67.941,26.314],[67.934,26.311],[67.941,26.304]],[[67.904,26.311],[67.907,26.314],[67.904,26.314],[67.904,26.311]],[[67.917,26.314],[67.911,26.311],[67.917,26.311],[67.917,26.314]],[[67.934,26.318],[67.938,26.325],[67.934,26.325],[67.934,26.318]],[[67.982,26.328],[67.992,26.331],[67.982,26.335],[67.982,26.328]],[[67.975,26.335],[67.978,26.338],[67.975,26.338],[67.975,26.335]],[[67.884,26.348],[67.887,26.351],[67.884,26.351],[67.884,26.348]],[[67.978,26.351],[67.982,26.355],[67.978,26.355],[67.978,26.351]],[[67.89,26.355],[67.894,26.358],[67.89,26.358],[67.89,26.355]],[[67.894,26.362],[67.897,26.365],[67.894,26.365],[67.894,26.362]],[[67.948,26.372],[67.961,26.375],[67.961,26.378],[67.948,26.372]],[[67.897,26.382],[67.901,26.389],[67.897,26.389],[67.897,26.382]],[[67.961,26.385],[67.958,26.382],[67.961,26.382],[67.961,26.385]],[[67.944,26.389],[67.955,26.392],[67.944,26.392],[67.944,26.389]],[[67.911,26.405],[67.917,26.402],[67.917,26.412],[67.911,26.405]],[[67.897,26.399],[67.901,26.402],[67.897,26.402],[67.897,26.399]],[[67.85,26.402],[67.86,26.409],[67.853,26.412],[67.85,26.402]],[[67.894,26.409],[67.89,26.405],[67.894,26.405],[67.894,26.409]],[[67.884,26.405],[67.887,26.409],[67.884,26.409],[67.884,26.405]],[[67.88,26.412],[67.884,26.416],[67.88,26.416],[67.88,26.412]],[[67.988,26.416],[67.985,26.409],[67.988,26.409],[67.988,26.416]],[[67.995,26.416],[67.992,26.412],[67.995,26.412],[67.995,26.416]],[[67.84,26.975],[67.843,26.979],[67.84,26.979],[67.84,26.975]],[[67.783,26.996],[67.789,26.999],[67.783,26.999],[67.783,26.996]],[[67.712,27.009],[67.715,27.012],[67.712,27.012],[67.712,27.009]],[[67.729,27.012],[67.725,27.009],[67.729,27.009],[67.729,27.012]],[[67.729,27.016],[67.732,27.019],[67.729,27.019],[67.729,27.016]],[[67.776,27.033],[67.779,27.036],[67.776,27.036],[67.776,27.033]],[[67.847,27.036],[67.843,27.033],[67.847,27.033],[67.847,27.036]],[[67.543,26.483],[67.55,26.48],[67.55,26.483],[67.543,26.483]],[[68.127,26.176],[68.123,26.169],[68.127,26.169],[68.127,26.176]],[[68.11,26.169],[68.113,26.176],[68.106,26.176],[68.11,26.169]],[[68.035,26.166],[68.032,26.173],[68.025,26.176],[68.029,26.169],[68.035,26.166]],[[68.083,26.153],[68.076,26.146],[68.086,26.146],[68.083,26.153]],[[68.113,26.142],[68.103,26.142],[68.103,26.139],[68.113,26.142]],[[68.096,26.136],[68.089,26.139],[68.089,26.136],[68.096,26.136]],[[68.069,26.136],[68.073,26.139],[68.069,26.139],[68.069,26.136]],[[68.062,26.142],[68.066,26.146],[68.062,26.146],[68.062,26.142]],[[68.123,26.129],[68.106,26.126],[68.123,26.119],[68.123,26.129]],[[68.288,26.287],[68.285,26.284],[68.288,26.284],[68.288,26.287]],[[68.261,26.287],[68.265,26.281],[68.268,26.281],[68.268,26.284],[68.261,26.287]],[[68.292,26.281],[68.288,26.277],[68.292,26.277],[68.292,26.281]],[[68.251,26.281],[68.258,26.284],[68.251,26.284],[68.251,26.281]],[[68.261,26.274],[68.258,26.267],[68.268,26.274],[68.261,26.274]],[[68.363,26.233],[68.356,26.223],[68.363,26.223],[68.363,26.233]],[[68.332,26.23],[68.336,26.233],[68.332,26.233],[68.332,26.23]],[[68.376,26.22],[68.373,26.213],[68.379,26.213],[68.376,26.22]],[[68.369,26.21],[68.366,26.217],[68.359,26.21],[68.369,26.21]],[[68.386,26.206],[68.383,26.203],[68.386,26.203],[68.386,26.206]],[[68.325,26.186],[68.322,26.18],[68.325,26.18],[68.325,26.186]],[[68.406,26.183],[68.403,26.18],[68.406,26.18],[68.406,26.183]],[[68.46,26.362],[68.457,26.358],[68.46,26.358],[68.46,26.362]],[[68.467,26.355],[68.464,26.351],[68.467,26.351],[68.467,26.355]],[[68.417,26.348],[68.42,26.345],[68.42,26.348],[68.417,26.348]],[[68.43,26.335],[68.437,26.328],[68.447,26.328],[68.43,26.335]],[[68.504,26.331],[68.497,26.325],[68.504,26.325],[68.504,26.331]],[[68.562,26.247],[68.555,26.244],[68.562,26.24],[68.562,26.247]],[[68.565,26.233],[68.558,26.23],[68.565,26.23],[68.565,26.233]],[[68.558,26.159],[68.555,26.156],[68.558,26.156],[68.558,26.159]],[[68.548,26.399],[68.551,26.378],[68.558,26.372],[68.562,26.392],[68.548,26.399]],[[68.572,26.382],[68.565,26.375],[68.572,26.375],[68.572,26.382]],[[68.514,26.368],[68.521,26.375],[68.514,26.375],[68.514,26.368]],[[68.575,26.365],[68.572,26.362],[68.575,26.362],[68.575,26.365]],[[68.562,26.362],[68.558,26.358],[68.562,26.358],[68.562,26.362]],[[68.568,26.351],[68.568,26.341],[68.575,26.341],[68.568,26.351]],[[68.568,26.331],[68.562,26.321],[68.568,26.325],[68.568,26.331]],[[68.632,26.298],[68.636,26.291],[68.646,26.298],[68.632,26.298]],[[68.693,26.281],[68.686,26.277],[68.693,26.277],[68.693,26.281]],[[68.7,26.277],[68.696,26.274],[68.7,26.274],[68.7,26.277]],[[68.649,26.325],[68.646,26.331],[68.646,26.325],[68.649,26.325]],[[68.501,26.432],[68.504,26.436],[68.501,26.436],[68.501,26.432]],[[68.309,26.665],[68.325,26.668],[68.325,26.679],[68.309,26.682],[68.309,26.665]],[[68.383,26.699],[68.379,26.695],[68.383,26.695],[68.383,26.699]],[[68.373,26.719],[68.386,26.726],[68.373,26.722],[68.373,26.719]],[[68.41,26.736],[68.413,26.743],[68.41,26.743],[68.41,26.736]],[[68.39,26.763],[68.386,26.77],[68.383,26.763],[68.39,26.763]],[[68.113,26.854],[68.11,26.851],[68.113,26.851],[68.113,26.854]],[[68.528,27.407],[68.524,27.404],[68.528,27.404],[68.528,27.407]],[[68.578,27.343],[68.568,27.339],[68.582,27.336],[68.578,27.343]],[[68.464,27.157],[68.443,27.141],[68.481,27.144],[68.477,27.107],[68.511,27.11],[68.565,27.157],[68.609,27.13],[68.585,27.171],[68.562,27.174],[68.562,27.191],[68.541,27.178],[68.545,27.211],[68.565,27.208],[68.572,27.262],[68.622,27.259],[68.609,27.296],[68.639,27.299],[68.646,27.323],[68.632,27.336],[68.619,27.319],[68.602,27.336],[68.555,27.326],[68.582,27.302],[68.541,27.235],[68.521,27.238],[68.531,27.218],[68.511,27.218],[68.528,27.188],[68.45,27.174],[68.464,27.157]],[[68.4,27.154],[68.423,27.198],[68.437,27.184],[68.467,27.218],[68.4,27.205],[68.4,27.154]],[[68.443,27.154],[68.44,27.151],[68.443,27.151],[68.443,27.154]],[[68.423,27.215],[68.427,27.218],[68.423,27.218],[68.423,27.215]],[[68.477,27.205],[68.481,27.194],[68.481,27.205],[68.477,27.205]],[[68.47,27.191],[68.467,27.188],[68.47,27.188],[68.47,27.191]],[[68.433,27.171],[68.43,27.168],[68.433,27.168],[68.433,27.171]],[[68.423,27.221],[68.427,27.228],[68.423,27.228],[68.423,27.221]],[[68.494,27.235],[68.497,27.238],[68.494,27.238],[68.494,27.235]],[[68.497,27.242],[68.501,27.245],[68.497,27.245],[68.497,27.242]],[[68.535,27.248],[68.538,27.252],[68.535,27.252],[68.535,27.248]],[[68.524,27.275],[68.528,27.282],[68.524,27.282],[68.524,27.275]],[[68.511,27.296],[68.518,27.299],[68.518,27.302],[68.514,27.302],[68.511,27.296]],[[68.565,27.333],[68.568,27.336],[68.565,27.336],[68.565,27.333]],[[68.612,27.336],[68.615,27.326],[68.619,27.326],[68.619,27.333],[68.612,27.336]],[[68.632,27.296],[68.626,27.292],[68.632,27.292],[68.632,27.296]],[[68.612,27.248],[68.602,27.235],[68.626,27.235],[68.612,27.248]],[[68.592,27.235],[68.588,27.232],[68.592,27.232],[68.592,27.235]],[[68.622,27.218],[68.612,27.208],[68.626,27.208],[68.622,27.218]],[[68.602,27.211],[68.605,27.215],[68.602,27.215],[68.602,27.211]],[[68.575,27.205],[68.568,27.198],[68.575,27.198],[68.575,27.205]],[[68.612,27.198],[68.609,27.194],[68.612,27.194],[68.612,27.198]],[[68.568,27.184],[68.578,27.174],[68.578,27.188],[68.568,27.184]],[[68.632,27.147],[68.612,27.144],[68.619,27.134],[68.629,27.134],[68.632,27.147]],[[68.578,27.134],[68.558,27.124],[68.615,27.107],[68.582,27.12],[68.578,27.134]],[[68.588,27.103],[68.592,27.107],[68.588,27.107],[68.588,27.103]],[[68.521,27.11],[68.531,27.107],[68.535,27.114],[68.521,27.11]],[[68.578,27.083],[68.568,27.103],[68.555,27.08],[68.578,27.083]],[[68.609,27.09],[68.602,27.087],[68.609,27.087],[68.609,27.09]],[[68.535,27.117],[68.548,27.12],[68.562,27.137],[68.535,27.117]],[[68.403,27.114],[68.4,27.12],[68.393,27.114],[68.403,27.114]],[[68.464,27.12],[68.46,27.117],[68.464,27.117],[68.464,27.12]],[[68.42,27.124],[68.423,27.127],[68.42,27.127],[68.42,27.124]],[[68.538,27.339],[68.541,27.343],[68.538,27.343],[68.538,27.339]],[[68.467,27.228],[68.47,27.232],[68.467,27.232],[68.467,27.228]],[[68.467,27.235],[68.47,27.238],[68.467,27.238],[68.467,27.235]],[[68.433,27.1],[68.423,27.103],[68.423,27.097],[68.433,27.1]],[[68.454,27.097],[68.447,27.093],[68.454,27.093],[68.454,27.097]],[[68.413,27.097],[68.396,27.1],[68.393,27.083],[68.413,27.097]],[[68.433,27.093],[68.43,27.09],[68.433,27.09],[68.433,27.093]],[[68.427,27.09],[68.423,27.083],[68.427,27.083],[68.427,27.09]],[[68.373,27.083],[68.376,27.087],[68.373,27.087],[68.373,27.083]],[[68.386,27.083],[68.379,27.08],[68.386,27.08],[68.386,27.083]],[[68.406,27.08],[68.403,27.076],[68.406,27.076],[68.406,27.08]],[[68.383,27.09],[68.379,27.097],[68.376,27.09],[68.383,27.09]],[[68.369,27.1],[68.376,27.103],[68.369,27.103],[68.369,27.1]],[[68.295,27.083],[68.298,27.076],[68.305,27.076],[68.295,27.083]],[[68.315,27.073],[68.312,27.07],[68.315,27.07],[68.315,27.073]],[[68.285,27.066],[68.288,27.073],[68.285,27.073],[68.285,27.066]],[[68.393,27.053],[68.39,27.046],[68.393,27.046],[68.393,27.053]],[[68.315,27.012],[68.319,27.016],[68.315,27.016],[68.315,27.012]],[[68.278,27.016],[68.282,27.019],[68.278,27.019],[68.278,27.016]],[[68.305,27.019],[68.309,27.023],[68.305,27.023],[68.305,27.019]],[[68.224,27.023],[68.228,27.026],[68.224,27.026],[68.224,27.023]],[[68.231,27.033],[68.234,27.036],[68.231,27.036],[68.231,27.033]],[[68.251,27.039],[68.241,27.049],[68.234,27.049],[68.245,27.039],[68.251,27.039]],[[68.339,27.009],[68.332,27.006],[68.339,27.006],[68.339,27.009]],[[68.363,27.006],[68.359,27.002],[68.363,27.002],[68.363,27.006]],[[68.265,26.958],[68.251,26.965],[68.258,26.955],[68.285,26.958],[68.305,27.006],[68.275,27.002],[68.285,26.985],[68.265,26.958]],[[68.234,26.962],[68.238,26.965],[68.234,26.965],[68.234,26.962]],[[68.228,26.958],[68.224,26.962],[68.224,26.958],[68.228,26.958]],[[68.218,26.969],[68.211,26.972],[68.211,26.969],[68.218,26.969]],[[68.187,26.975],[68.194,26.982],[68.191,26.982],[68.187,26.975]],[[68.207,26.979],[68.204,26.975],[68.207,26.975],[68.207,26.979]],[[68.241,26.982],[68.245,26.985],[68.241,26.985],[68.241,26.982]],[[68.191,26.992],[68.187,26.999],[68.187,26.992],[68.191,26.992]],[[68.187,27.002],[68.191,27.006],[68.187,27.006],[68.187,27.002]],[[68.325,26.962],[68.366,26.955],[68.376,26.965],[68.352,26.992],[68.339,26.985],[68.349,26.965],[68.332,26.965],[68.322,26.999],[68.312,26.979],[68.325,26.975],[68.325,26.962]],[[68.315,26.969],[68.319,26.975],[68.312,26.969],[68.315,26.969]],[[68.443,26.989],[68.437,26.985],[68.443,26.985],[68.443,26.989]],[[68.433,26.979],[68.423,26.972],[68.433,26.975],[68.433,26.979]],[[68.164,26.952],[68.184,26.958],[68.153,26.958],[68.164,26.952]],[[68.218,26.948],[68.214,26.938],[68.218,26.938],[68.218,26.948]],[[68.363,26.952],[68.366,26.945],[68.366,26.952],[68.363,26.952]],[[68.39,26.952],[68.383,26.948],[68.39,26.948],[68.39,26.952]],[[68.349,26.945],[68.352,26.931],[68.356,26.945],[68.349,26.945]],[[68.211,26.935],[68.207,26.938],[68.207,26.935],[68.211,26.935]],[[68.346,26.921],[68.332,26.911],[68.342,26.911],[68.346,26.921]],[[68.288,26.918],[68.268,26.915],[68.251,26.901],[68.285,26.908],[68.288,26.918]],[[68.191,26.894],[68.228,26.925],[68.177,26.905],[68.191,26.894]],[[68.224,26.905],[68.204,26.905],[68.197,26.888],[68.224,26.905]],[[68.325,26.908],[68.322,26.881],[68.339,26.884],[68.325,26.908]],[[68.268,26.874],[68.261,26.884],[68.258,26.871],[68.268,26.874]],[[68.292,26.864],[68.282,26.867],[68.282,26.861],[68.292,26.864]],[[68.255,26.861],[68.258,26.864],[68.255,26.864],[68.255,26.861]],[[68.187,26.884],[68.191,26.891],[68.187,26.891],[68.187,26.884]],[[68.285,26.888],[68.278,26.884],[68.285,26.884],[68.285,26.888]],[[68.238,26.888],[68.241,26.891],[68.238,26.891],[68.238,26.888]],[[68.167,26.894],[68.174,26.898],[68.167,26.898],[68.167,26.894]],[[68.167,26.884],[68.16,26.881],[68.167,26.881],[68.167,26.884]],[[68.211,26.864],[68.214,26.871],[68.211,26.871],[68.211,26.864]],[[68.224,26.854],[68.261,26.834],[68.251,26.857],[68.224,26.854]],[[68.298,26.854],[68.292,26.84],[68.302,26.84],[68.298,26.854]],[[68.282,26.84],[68.288,26.844],[68.282,26.844],[68.282,26.84]],[[68.275,26.834],[68.272,26.84],[68.272,26.834],[68.275,26.834]],[[68.551,27.056],[68.535,27.053],[68.531,27.056],[68.531,27.049],[68.551,27.053],[68.551,27.056]],[[68.632,27.157],[68.639,27.161],[68.632,27.161],[68.632,27.157]],[[68.653,27.168],[68.659,27.157],[68.659,27.168],[68.653,27.168]],[[68.808,27.565],[68.811,27.569],[68.808,27.569],[68.808,27.565]],[[68.825,27.569],[68.814,27.565],[68.825,27.565],[68.825,27.569]],[[68.821,27.572],[68.825,27.576],[68.821,27.576],[68.821,27.572]],[[68.693,27.616],[68.696,27.619],[68.693,27.619],[68.693,27.616]],[[68.7,27.619],[68.703,27.623],[68.7,27.623],[68.7,27.619]],[[68.558,27.565],[68.562,27.569],[68.558,27.569],[68.558,27.565]],[[68.639,27.636],[68.636,27.633],[68.639,27.633],[68.639,27.636]],[[68.615,27.633],[68.619,27.636],[68.615,27.636],[68.615,27.633]],[[68.717,27.71],[68.72,27.704],[68.727,27.7],[68.72,27.71],[68.717,27.71]],[[68.784,27.67],[68.781,27.667],[68.784,27.667],[68.784,27.67]],[[68.804,27.667],[68.798,27.663],[68.804,27.663],[68.804,27.667]],[[68.774,27.663],[68.777,27.67],[68.774,27.67],[68.774,27.663]],[[68.781,27.653],[68.777,27.65],[68.781,27.65],[68.781,27.653]],[[68.973,27.724],[68.97,27.721],[68.973,27.721],[68.973,27.724]],[[68.902,27.721],[68.895,27.717],[68.902,27.717],[68.902,27.721]],[[68.963,27.697],[68.959,27.694],[68.963,27.694],[68.963,27.697]],[[69.917,28.54],[69.91,28.537],[69.917,28.537],[69.917,28.54]],[[69.914,28.53],[69.91,28.526],[69.914,28.526],[69.914,28.53]],[[69.9,28.526],[69.904,28.53],[69.9,28.53],[69.9,28.526]],[[69.887,28.516],[69.877,28.513],[69.887,28.513],[69.887,28.516]],[[69.88,28.506],[69.877,28.503],[69.88,28.503],[69.88,28.506]],[[69.89,28.503],[69.887,28.499],[69.89,28.499],[69.89,28.503]],[[69.877,28.496],[69.88,28.489],[69.883,28.499],[69.877,28.496]],[[69.833,28.449],[69.829,28.446],[69.833,28.446],[69.833,28.449]],[[70.511,28.941],[70.507,28.938],[70.511,28.938],[70.511,28.941]],[[70.521,28.931],[70.514,28.928],[70.521,28.928],[70.521,28.931]],[[70.514,28.914],[70.524,28.907],[70.524,28.911],[70.514,28.914]],[[70.47,28.887],[70.473,28.88],[70.477,28.88],[70.47,28.887]],[[70.618,29.056],[70.645,29.059],[70.645,29.069],[70.618,29.063],[70.618,29.056]],[[70.682,29.079],[70.649,29.066],[70.686,29.066],[70.682,29.079]],[[70.639,29.073],[70.642,29.076],[70.639,29.076],[70.639,29.073]],[[70.726,29.106],[70.716,29.096],[70.723,29.079],[70.736,29.09],[70.726,29.106]],[[70.72,29.11],[70.723,29.117],[70.716,29.11],[70.72,29.11]],[[70.713,29.14],[70.716,29.144],[70.713,29.144],[70.713,29.14]],[[70.733,29.147],[70.736,29.144],[70.736,29.147],[70.733,29.147]],[[70.72,29.147],[70.726,29.154],[70.723,29.154],[70.72,29.147]],[[70.743,29.147],[70.74,29.144],[70.743,29.144],[70.743,29.147]],[[70.716,29.16],[70.72,29.164],[70.716,29.164],[70.716,29.16]],[[70.72,29.295],[70.723,29.299],[70.72,29.299],[70.72,29.295]],[[70.736,29.656],[70.73,29.653],[70.736,29.653],[70.736,29.656]],[[70.709,29.552],[70.706,29.562],[70.706,29.552],[70.709,29.552]],[[70.716,29.562],[70.713,29.558],[70.716,29.558],[70.716,29.562]],[[70.716,29.511],[70.733,29.531],[70.736,29.538],[70.709,29.528],[70.716,29.511]],[[70.709,29.518],[70.703,29.511],[70.709,29.511],[70.709,29.518]],[[70.723,29.504],[70.726,29.501],[70.726,29.504],[70.723,29.504]],[[70.703,29.42],[70.699,29.417],[70.703,29.417],[70.703,29.42]],[[70.699,29.376],[70.703,29.356],[70.709,29.356],[70.699,29.376]]]}},{"type":"Feature","properties":{},"geometry":{"type":"Polygon","coordinates":[[[71.222,29.949],[71.215,29.96],[71.209,29.922],[71.219,29.858],[71.175,29.848],[71.205,29.831],[71.165,29.808],[71.168,29.767],[71.158,29.747],[71.148,29.747],[71.171,29.71],[71.168,29.673],[71.117,29.659],[71.134,29.619],[71.091,29.609],[71.091,29.572],[71.107,29.599],[71.097,29.562],[71.07,29.568],[71.077,29.555],[71.047,29.528],[71.037,29.531],[71.026,29.518],[71.043,29.528],[71.02,29.43],[71.026,29.437],[71.053,29.43],[71.06,29.403],[71.08,29.427],[71.087,29.38],[71.06,29.38],[71.033,29.349],[70.996,29.498],[71.013,29.491],[71.006,29.528],[71.026,29.535],[71.02,29.568],[71.043,29.578],[71.043,29.605],[71.084,29.619],[71.117,29.686],[71.158,29.697],[71.141,29.723],[71.134,29.784],[71.165,29.831],[71.148,29.858],[71.171,29.858],[71.175,29.885],[71.192,29.889],[71.188,29.926],[71.202,29.949],[71.185,29.953],[71.205,29.97],[71.202,30.0],[71.232,29.997],[71.222,29.949]],[[71.215,29.966],[71.219,29.97],[71.215,29.97],[71.215,29.966]],[[71.222,29.976],[71.225,29.993],[71.219,29.997],[71.222,29.976]],[[71.209,29.939],[71.205,29.936],[71.209,29.936],[71.209,29.939]],[[71.202,29.926],[71.198,29.919],[71.202,29.919],[71.202,29.926]],[[71.202,29.912],[71.202,29.902],[71.209,29.902],[71.202,29.912]],[[71.195,29.872],[71.202,29.889],[71.192,29.885],[71.195,29.872]],[[71.185,29.862],[71.182,29.872],[71.182,29.862],[71.185,29.862]],[[71.198,29.865],[71.195,29.862],[71.198,29.862],[71.198,29.865]],[[71.188,29.862],[71.185,29.855],[71.192,29.862],[71.188,29.862]],[[71.182,29.852],[71.175,29.855],[71.175,29.852],[71.182,29.852]],[[71.178,29.821],[71.175,29.818],[71.178,29.818],[71.178,29.821]],[[71.161,29.798],[71.158,29.794],[71.161,29.794],[71.161,29.798]],[[71.158,29.777],[71.155,29.774],[71.158,29.774],[71.158,29.777]],[[71.155,29.771],[71.151,29.767],[71.155,29.767],[71.155,29.771]],[[71.144,29.764],[71.148,29.767],[71.144,29.767],[71.144,29.764]],[[71.155,29.754],[71.151,29.75],[71.155,29.75],[71.155,29.754]],[[71.148,29.737],[71.151,29.734],[71.151,29.737],[71.148,29.737]],[[71.128,29.673],[71.121,29.67],[71.128,29.67],[71.128,29.673]],[[71.121,29.666],[71.117,29.663],[71.121,29.663],[71.121,29.666]],[[71.111,29.649],[71.107,29.646],[71.111,29.646],[71.111,29.649]],[[71.107,29.636],[71.111,29.629],[71.114,29.629],[71.114,29.632],[71.107,29.636]],[[71.117,29.622],[71.107,29.619],[71.117,29.616],[71.117,29.622]],[[71.067,29.609],[71.057,29.605],[71.067,29.605],[71.067,29.609]],[[71.074,29.602],[71.067,29.599],[71.074,29.599],[71.074,29.602]],[[71.053,29.595],[71.05,29.592],[71.053,29.592],[71.053,29.595]],[[71.05,29.589],[71.053,29.582],[71.057,29.582],[71.057,29.585],[71.05,29.589]],[[71.057,29.575],[71.05,29.565],[71.057,29.555],[71.057,29.575]],[[71.03,29.562],[71.033,29.565],[71.03,29.565],[71.03,29.562]],[[71.053,29.552],[71.05,29.548],[71.053,29.548],[71.053,29.552]],[[71.037,29.538],[71.043,29.535],[71.043,29.538],[71.037,29.538]],[[71.006,29.484],[71.003,29.477],[71.006,29.477],[71.006,29.484]],[[71.01,29.474],[71.006,29.471],[71.01,29.471],[71.01,29.474]],[[71.016,29.471],[71.013,29.467],[71.016,29.467],[71.016,29.471]],[[71.037,29.427],[71.033,29.42],[71.037,29.42],[71.037,29.427]],[[71.033,29.403],[71.043,29.413],[71.033,29.407],[71.033,29.403]],[[71.037,29.369],[71.047,29.383],[71.037,29.39],[71.037,29.369]]]}},{"type":"Feature","properties":{},"geometry":{"type":"Polygon","coordinates":[[[73.363,30.0],[73.394,29.96],[73.336,29.953],[73.363,30.0]]]}},{"type":"Feature","properties":{},"geometry":{"type":"Polygon","coordinates":[[[68.491,30.025],[68.548,30.025],[68.558,30.001],[68.494,30.001],[68.491,30.025]]]}},{"type":"Feature","properties":{},"geometry":{"type":"Polygon","coordinates":[[[68.767,30.028],[68.798,30.035],[68.825,30.001],[68.771,30.001],[68.767,30.028]]]}},{"type":"Feature","properties":{},"geometry":{"type":"Polygon","coordinates":[[[73.37,30.065],[73.346,30.052],[73.36,30.042],[73.313,30.035],[73.303,30.049],[73.313,30.072],[73.356,30.086],[73.37,30.065]],[[73.319,30.065],[73.333,30.059],[73.343,30.062],[73.34,30.069],[73.319,30.065]],[[73.343,30.055],[73.34,30.052],[73.343,30.052],[73.343,30.055]],[[73.336,30.052],[73.333,30.049],[73.336,30.049],[73.336,30.052]]]}},{"type":"Feature","properties":{},"geometry":{"type":"Polygon","coordinates":[[[70.989,30.103],[70.962,30.113],[70.952,30.086],[70.912,30.086],[70.946,30.129],[70.966,30.119],[70.969,30.143],[70.999,30.153],[71.01,30.116],[70.989,30.103]],[[70.976,30.116],[70.983,30.119],[70.976,30.119],[70.976,30.116]],[[70.942,30.106],[70.939,30.103],[70.942,30.103],[70.942,30.106]],[[70.935,30.099],[70.932,30.092],[70.935,30.092],[70.935,30.099]]]}},{"type":"Feature","properties":{},"geometry":{"type":"Polygon","coordinates":[[[73.501,30.204],[73.539,30.197],[73.532,30.17],[73.495,30.19],[73.498,30.2],[73.475,30.197],[73.501,30.227],[73.515,30.221],[73.501,30.204]],[[73.512,30.194],[73.508,30.19],[73.512,30.19],[73.512,30.194]]]}},{"type":"Feature","properties":{},"geometry":{"type":"Polygon","coordinates":[[[73.714,30.278],[73.707,30.254],[73.673,30.254],[73.673,30.274],[73.704,30.285],[73.714,30.278]],[[73.704,30.278],[73.697,30.271],[73.707,30.271],[73.704,30.278]]]}},{"type":"Feature","properties":{},"geometry":{"type":"Polygon","coordinates":[[[73.791,30.352],[73.795,30.322],[73.832,30.295],[73.842,30.318],[73.852,30.291],[73.785,30.274],[73.781,30.247],[73.751,30.261],[73.711,30.244],[73.741,30.224],[73.731,30.214],[73.687,30.224],[73.714,30.21],[73.711,30.19],[73.778,30.21],[73.771,30.197],[73.795,30.18],[73.765,30.109],[73.684,30.082],[73.704,30.096],[73.697,30.099],[73.65,30.069],[73.596,30.076],[73.582,30.059],[73.609,30.065],[73.606,30.049],[73.555,30.045],[73.542,30.059],[73.535,30.028],[73.475,30.028],[73.468,30.008],[73.394,30.018],[73.448,30.025],[73.461,30.082],[73.471,30.069],[73.491,30.069],[73.505,30.076],[73.485,30.072],[73.478,30.106],[73.532,30.14],[73.542,30.136],[73.512,30.096],[73.525,30.079],[73.582,30.076],[73.646,30.099],[73.667,30.143],[73.63,30.14],[73.63,30.15],[73.67,30.153],[73.677,30.177],[73.64,30.177],[73.593,30.146],[73.579,30.156],[73.603,30.18],[73.582,30.2],[73.586,30.214],[73.576,30.2],[73.518,30.204],[73.542,30.221],[73.522,30.221],[73.525,30.234],[73.549,30.237],[73.579,30.285],[73.65,30.271],[73.606,30.258],[73.65,30.234],[73.633,30.234],[73.646,30.217],[73.653,30.237],[73.667,30.247],[73.7,30.237],[73.711,30.258],[73.778,30.281],[73.738,30.298],[73.785,30.312],[73.788,30.322],[73.741,30.322],[73.741,30.332],[73.781,30.332],[73.775,30.345],[73.791,30.352]],[[73.791,30.308],[73.781,30.305],[73.791,30.305],[73.791,30.308]],[[73.802,30.298],[73.791,30.295],[73.798,30.291],[73.802,30.298]],[[73.829,30.295],[73.815,30.291],[73.815,30.288],[73.829,30.295]],[[73.771,30.295],[73.788,30.298],[73.771,30.301],[73.771,30.295]],[[73.785,30.288],[73.781,30.281],[73.785,30.281],[73.785,30.288]],[[73.805,30.285],[73.802,30.281],[73.805,30.281],[73.805,30.285]],[[73.765,30.264],[73.768,30.268],[73.765,30.274],[73.765,30.264]],[[73.667,30.237],[73.66,30.234],[73.667,30.234],[73.667,30.237]],[[73.66,30.224],[73.657,30.221],[73.66,30.221],[73.66,30.224]],[[73.687,30.207],[73.667,30.214],[73.657,30.19],[73.687,30.207]],[[73.68,30.194],[73.677,30.19],[73.68,30.19],[73.68,30.194]],[[73.754,30.194],[73.748,30.187],[73.754,30.187],[73.754,30.194]],[[73.771,30.19],[73.765,30.187],[73.771,30.187],[73.771,30.19]],[[73.646,30.183],[73.64,30.194],[73.64,30.183],[73.646,30.183]],[[73.744,30.187],[73.741,30.183],[73.744,30.183],[73.744,30.187]],[[73.657,30.183],[73.653,30.18],[73.657,30.18],[73.657,30.183]],[[73.606,30.187],[73.613,30.194],[73.603,30.194],[73.606,30.187]],[[73.593,30.197],[73.599,30.2],[73.593,30.2],[73.593,30.197]],[[73.643,30.204],[73.646,30.207],[73.643,30.207],[73.643,30.204]],[[73.616,30.207],[73.623,30.21],[73.616,30.21],[73.616,30.207]],[[73.589,30.214],[73.593,30.217],[73.589,30.217],[73.589,30.214]],[[73.63,30.221],[73.633,30.224],[73.63,30.224],[73.63,30.221]],[[73.623,30.224],[73.626,30.234],[73.623,30.234],[73.623,30.224]],[[73.542,30.231],[73.545,30.234],[73.542,30.234],[73.542,30.231]],[[73.613,30.234],[73.62,30.241],[73.616,30.241],[73.613,30.234]],[[73.586,30.241],[73.596,30.244],[73.596,30.247],[73.589,30.247],[73.586,30.241]],[[73.582,30.254],[73.586,30.261],[73.582,30.261],[73.582,30.254]],[[73.616,30.264],[73.62,30.268],[73.616,30.268],[73.616,30.264]],[[73.599,30.268],[73.603,30.271],[73.599,30.271],[73.599,30.268]],[[73.569,30.214],[73.566,30.21],[73.569,30.21],[73.569,30.214]],[[73.714,30.163],[73.707,30.156],[73.717,30.156],[73.714,30.163]],[[73.741,30.156],[73.734,30.156],[73.731,30.153],[73.741,30.156]],[[73.684,30.153],[73.687,30.156],[73.684,30.156],[73.684,30.153]],[[73.67,30.143],[73.677,30.133],[73.697,30.133],[73.67,30.143]],[[73.721,30.136],[73.717,30.129],[73.721,30.129],[73.721,30.136]],[[73.765,30.126],[73.761,30.123],[73.765,30.123],[73.765,30.126]],[[73.66,30.089],[73.657,30.086],[73.66,30.086],[73.66,30.089]],[[73.636,30.079],[73.633,30.076],[73.636,30.076],[73.636,30.079]],[[73.518,30.076],[73.515,30.082],[73.512,30.082],[73.512,30.079],[73.518,30.076]],[[73.491,30.082],[73.495,30.086],[73.491,30.086],[73.491,30.082]],[[73.501,30.086],[73.505,30.089],[73.501,30.089],[73.501,30.086]],[[73.501,30.096],[73.501,30.106],[73.491,30.096],[73.501,30.096]],[[73.505,30.113],[73.508,30.116],[73.505,30.116],[73.505,30.113]],[[73.515,30.119],[73.528,30.123],[73.528,30.126],[73.515,30.123],[73.515,30.119]],[[73.572,30.069],[73.566,30.065],[73.572,30.065],[73.572,30.069]],[[73.528,30.052],[73.518,30.072],[73.498,30.052],[73.528,30.052]],[[73.535,30.065],[73.539,30.059],[73.539,30.065],[73.535,30.065]],[[73.528,30.049],[73.525,30.045],[73.528,30.045],[73.528,30.049]],[[73.488,30.045],[73.491,30.049],[73.488,30.049],[73.488,30.045]],[[73.522,30.045],[73.518,30.042],[73.522,30.042],[73.522,30.045]],[[73.485,30.032],[73.475,30.045],[73.471,30.035],[73.485,30.032]],[[73.512,30.035],[73.508,30.032],[73.512,30.032],[73.512,30.035]],[[73.552,30.059],[73.555,30.055],[73.555,30.059],[73.552,30.059]],[[73.761,30.2],[73.768,30.204],[73.761,30.204],[73.761,30.2]]]}},{"type":"Feature","properties":{},"geometry":{"type":"Polygon","coordinates":[[[73.849,30.369],[73.791,30.352],[73.785,30.372],[73.839,30.382],[73.849,30.369]],[[73.818,30.372],[73.815,30.369],[73.818,30.369],[73.818,30.372]]]}},{"type":"Feature","properties":{},"geometry":{"type":"Polygon","coordinates":[[[70.72,30.177],[70.666,30.173],[70.679,30.129],[70.656,30.092],[70.618,30.082],[70.588,30.106],[70.598,30.116],[70.558,30.129],[70.595,30.153],[70.571,30.16],[70.585,30.18],[70.605,30.17],[70.588,30.187],[70.602,30.214],[70.598,30.187],[70.632,30.221],[70.608,30.224],[70.612,30.247],[70.632,30.247],[70.618,30.268],[70.618,30.312],[70.645,30.322],[70.632,30.342],[70.699,30.352],[70.713,30.386],[70.726,30.369],[70.726,30.332],[70.709,30.328],[70.73,30.298],[70.726,30.204],[70.72,30.177]],[[70.618,30.197],[70.622,30.2],[70.618,30.2],[70.618,30.197]],[[70.639,30.227],[70.635,30.221],[70.642,30.221],[70.639,30.227]],[[70.699,30.258],[70.703,30.261],[70.699,30.261],[70.699,30.258]],[[70.639,30.288],[70.642,30.291],[70.639,30.291],[70.639,30.288]],[[70.639,30.305],[70.649,30.301],[70.645,30.308],[70.639,30.305]],[[70.639,30.312],[70.642,30.315],[70.639,30.315],[70.639,30.312]],[[70.703,30.339],[70.706,30.342],[70.703,30.342],[70.703,30.339]],[[70.693,30.339],[70.699,30.342],[70.693,30.342],[70.693,30.339]],[[70.703,30.352],[70.716,30.349],[70.716,30.362],[70.703,30.352]],[[70.723,30.352],[70.72,30.349],[70.723,30.349],[70.723,30.352]],[[70.602,30.156],[70.598,30.153],[70.602,30.153],[70.602,30.156]],[[70.588,30.143],[70.585,30.133],[70.591,30.133],[70.588,30.143]],[[70.629,30.14],[70.625,30.136],[70.629,30.136],[70.629,30.14]],[[70.581,30.133],[70.578,30.129],[70.581,30.129],[70.581,30.133]],[[70.595,30.126],[70.591,30.123],[70.595,30.123],[70.595,30.126]],[[70.629,30.116],[70.622,30.113],[70.629,30.113],[70.629,30.116]],[[70.632,30.106],[70.625,30.103],[70.632,30.103],[70.632,30.106]]]}},{"type":"Feature","properties":{},"geometry":{"type":"Polygon","coordinates":[[[71.657,30.352],[71.627,30.352],[71.613,30.325],[71.606,30.325],[71.61,30.349],[71.603,30.352],[71.596,30.335],[71.6,30.392],[71.623,30.389],[71.617,30.416],[71.65,30.396],[71.65,30.362],[71.687,30.369],[71.66,30.322],[71.623,30.332],[71.657,30.352]],[[71.613,30.362],[71.617,30.366],[71.613,30.366],[71.613,30.362]],[[71.633,30.366],[71.63,30.362],[71.633,30.362],[71.633,30.366]]]}},{"type":"Feature","properties":{},"geometry":{"type":"Polygon","coordinates":[[[73.785,30.382],[73.754,30.409],[73.765,30.423],[73.785,30.406],[73.815,30.423],[73.802,30.392],[73.785,30.382]],[[73.788,30.389],[73.788,30.403],[73.771,30.399],[73.788,30.389]],[[73.768,30.403],[73.771,30.406],[73.768,30.406],[73.768,30.403]],[[73.795,30.399],[73.791,30.396],[73.795,30.396],[73.795,30.399]]]}},{"type":"Feature","properties":{},"geometry":{"type":"Polygon","coordinates":[[[71.674,30.446],[71.681,30.403],[71.667,30.403],[71.677,30.419],[71.644,30.409],[71.674,30.446]]]}},{"type":"Feature","properties":{},"geometry":{"type":"Polygon","coordinates":[[[70.814,30.382],[70.794,30.389],[70.79,30.362],[70.814,30.382],[70.824,30.366],[70.797,30.332],[70.787,30.352],[70.787,30.264],[70.763,30.231],[70.807,30.19],[70.821,30.119],[70.824,30.187],[70.811,30.177],[70.814,30.19],[70.804,30.204],[70.821,30.231],[70.807,30.237],[70.794,30.214],[70.78,30.241],[70.811,30.298],[70.821,30.254],[70.807,30.271],[70.807,30.251],[70.824,30.247],[70.827,30.183],[70.841,30.187],[70.838,30.129],[70.824,30.099],[70.821,30.116],[70.794,30.106],[70.794,30.086],[70.807,30.076],[70.801,30.103],[70.824,30.086],[70.834,30.099],[70.851,30.028],[70.834,30.028],[70.844,30.001],[70.804,30.005],[70.824,30.062],[70.814,30.072],[70.794,30.069],[70.79,30.082],[70.78,30.086],[70.794,30.059],[70.814,30.069],[70.814,30.052],[70.79,30.001],[70.774,30.001],[70.75,30.045],[70.753,30.079],[70.777,30.062],[70.777,30.099],[70.75,30.096],[70.763,30.217],[70.75,30.247],[70.77,30.271],[70.75,30.362],[70.774,30.366],[70.807,30.45],[70.814,30.382]],[[70.801,30.396],[70.804,30.399],[70.801,30.399],[70.801,30.396]],[[70.774,30.251],[70.77,30.247],[70.774,30.247],[70.774,30.251]],[[70.763,30.177],[70.76,30.173],[70.763,30.173],[70.763,30.177]],[[70.807,30.143],[70.804,30.14],[70.807,30.14],[70.807,30.143]],[[70.794,30.123],[70.797,30.119],[70.797,30.123],[70.794,30.123]],[[70.804,30.119],[70.801,30.116],[70.804,30.116],[70.804,30.119]],[[70.824,30.076],[70.831,30.082],[70.824,30.082],[70.824,30.076]],[[70.841,30.038],[70.844,30.032],[70.848,30.032],[70.841,30.038]],[[70.831,30.032],[70.834,30.035],[70.831,30.035],[70.831,30.032]],[[70.827,30.008],[70.824,30.005],[70.827,30.005],[70.827,30.008]],[[70.821,30.19],[70.824,30.194],[70.821,30.194],[70.821,30.19]]]}},{"type":"Feature","properties":{},"geometry":{"type":"Polygon","coordinates":[[[70.892,30.473],[70.878,30.433],[70.858,30.443],[70.827,30.413],[70.851,30.406],[70.827,30.379],[70.814,30.44],[70.851,30.46],[70.865,30.446],[70.868,30.49],[70.888,30.477],[70.875,30.504],[70.892,30.473]],[[70.878,30.45],[70.875,30.443],[70.878,30.443],[70.878,30.45]]]}},{"type":"Feature","properties":{},"geometry":{"type":"Polygon","coordinates":[[[71.023,30.487],[70.979,30.457],[70.993,30.487],[70.962,30.497],[70.969,30.524],[71.003,30.511],[71.006,30.484],[71.023,30.487]],[[70.986,30.49],[70.979,30.504],[70.983,30.49],[70.986,30.49]]]}},{"type":"Feature","properties":{},"geometry":{"type":"Polygon","coordinates":[[[71.802,30.467],[71.738,30.5],[71.728,30.47],[71.711,30.47],[71.708,30.511],[71.731,30.514],[71.741,30.541],[71.758,30.527],[71.782,30.541],[71.768,30.511],[71.812,30.5],[71.802,30.467]],[[71.795,30.49],[71.802,30.494],[71.795,30.494],[71.795,30.49]],[[71.758,30.514],[71.762,30.517],[71.758,30.517],[71.758,30.514]]]}},{"type":"Feature","properties":{},"geometry":{"type":"Polygon","coordinates":[[[70.76,30.517],[70.763,30.541],[70.787,30.537],[70.77,30.527],[70.77,30.507],[70.784,30.517],[70.79,30.511],[70.73,30.477],[70.706,30.507],[70.72,30.551],[70.706,30.568],[70.733,30.568],[70.733,30.537],[70.76,30.517]],[[70.723,30.524],[70.736,30.531],[70.723,30.527],[70.723,30.524]],[[70.736,30.514],[70.74,30.507],[70.743,30.514],[70.736,30.514]]]}},{"type":"Feature","properties":{},"geometry":{"type":"Polygon","coordinates":[[[72.368,30.575],[72.379,30.558],[72.342,30.548],[72.304,30.578],[72.368,30.575]]]}},{"type":"Feature","properties":{},"geometry":{"type":"Polygon","coordinates":[[[73.724,30.588],[73.738,30.561],[73.694,30.554],[73.687,30.571],[73.724,30.588]],[[73.721,30.575],[73.717,30.568],[73.721,30.568],[73.721,30.575]]]}},{"type":"Feature","properties":{},"geometry":{"type":"Polygon","coordinates":[[[72.534,30.615],[72.527,30.591],[72.51,30.598],[72.473,30.571],[72.392,30.578],[72.382,30.595],[72.395,30.608],[72.48,30.588],[72.466,30.602],[72.47,30.622],[72.497,30.602],[72.534,30.615]],[[72.517,30.608],[72.52,30.602],[72.524,30.608],[72.517,30.608]],[[72.473,30.581],[72.466,30.578],[72.473,30.578],[72.473,30.581]]]}},{"type":"Feature","properties":{},"geometry":{"type":"Polygon","coordinates":[[[72.561,30.591],[72.594,30.568],[72.551,30.571],[72.534,30.618],[72.564,30.625],[72.578,30.602],[72.557,30.605],[72.561,30.591]],[[72.547,30.615],[72.551,30.618],[72.547,30.618],[72.547,30.615]]]}},{"type":"Feature","properties":{},"geometry":{"type":"Polygon","coordinates":[[[71.974,30.72],[71.987,30.699],[72.011,30.706],[71.994,30.679],[72.018,30.689],[72.021,30.672],[72.075,30.666],[72.082,30.679],[72.149,30.659],[72.149,30.622],[72.176,30.669],[72.193,30.669],[72.183,30.652],[72.197,30.666],[72.217,30.652],[72.193,30.676],[72.25,30.72],[72.24,30.689],[72.288,30.682],[72.254,30.676],[72.274,30.649],[72.237,30.642],[72.244,30.629],[72.23,30.635],[72.234,30.652],[72.207,30.645],[72.2,30.625],[72.224,30.625],[72.22,30.608],[72.24,30.618],[72.254,30.598],[72.244,30.575],[72.261,30.571],[72.254,30.585],[72.267,30.591],[72.264,30.571],[72.301,30.571],[72.284,30.561],[72.294,30.544],[72.247,30.551],[72.247,30.564],[72.22,30.544],[72.183,30.564],[72.213,30.564],[72.203,30.581],[72.23,30.575],[72.237,30.595],[72.203,30.588],[72.183,30.591],[72.19,30.575],[72.176,30.575],[72.166,30.595],[72.176,30.595],[72.18,30.605],[72.166,30.605],[72.153,30.618],[72.146,30.591],[72.129,30.625],[72.092,30.618],[72.092,30.639],[72.079,30.618],[72.038,30.622],[72.028,30.652],[71.977,30.652],[71.974,30.672],[71.93,30.696],[71.94,30.723],[71.974,30.72]],[[71.971,30.713],[71.964,30.706],[71.971,30.706],[71.971,30.713]],[[71.96,30.706],[71.957,30.703],[71.96,30.703],[71.96,30.706]],[[71.974,30.703],[71.964,30.696],[71.974,30.699],[71.974,30.703]],[[71.94,30.699],[71.944,30.703],[71.94,30.703],[71.94,30.699]],[[72.099,30.656],[72.092,30.659],[72.092,30.656],[72.099,30.656]],[[72.132,30.656],[72.129,30.652],[72.132,30.652],[72.132,30.656]],[[72.122,30.639],[72.119,30.635],[72.122,30.635],[72.122,30.639]],[[72.176,30.639],[72.19,30.615],[72.19,30.642],[72.176,30.639]],[[72.143,30.618],[72.146,30.622],[72.143,30.622],[72.143,30.618]],[[72.173,30.642],[72.176,30.649],[72.173,30.649],[72.173,30.642]],[[72.207,30.618],[72.203,30.615],[72.207,30.615],[72.207,30.618]],[[72.173,30.615],[72.17,30.608],[72.173,30.608],[72.173,30.615]],[[72.217,30.598],[72.213,30.595],[72.217,30.595],[72.217,30.598]],[[72.2,30.595],[72.197,30.591],[72.2,30.591],[72.2,30.595]],[[72.237,30.575],[72.234,30.571],[72.237,30.571],[72.237,30.575]],[[72.22,30.652],[72.224,30.659],[72.22,30.659],[72.22,30.652]],[[72.254,30.645],[72.25,30.662],[72.247,30.649],[72.254,30.645]],[[72.24,30.649],[72.244,30.652],[72.24,30.652],[72.24,30.649]],[[72.234,30.659],[72.23,30.666],[72.224,30.666],[72.234,30.659]],[[72.237,30.669],[72.237,30.682],[72.24,30.686],[72.234,30.682],[72.237,30.669]],[[72.213,30.669],[72.224,30.679],[72.213,30.682],[72.213,30.669]],[[72.227,30.686],[72.23,30.689],[72.227,30.689],[72.227,30.686]],[[72.234,30.693],[72.237,30.696],[72.234,30.696],[72.234,30.693]]]}},{"type":"Feature","properties":{},"geometry":{"type":"Polygon","coordinates":[[[72.78,30.649],[72.753,30.666],[72.746,30.618],[72.733,30.591],[72.723,30.591],[72.736,30.618],[72.719,30.629],[72.75,30.669],[72.729,30.679],[72.753,30.706],[72.793,30.699],[72.834,30.726],[72.844,30.699],[72.766,30.693],[72.787,30.679],[72.77,30.669],[72.78,30.649]],[[72.746,30.682],[72.75,30.686],[72.746,30.686],[72.746,30.682]],[[72.82,30.716],[72.827,30.709],[72.827,30.713],[72.82,30.716]],[[72.733,30.635],[72.729,30.632],[72.733,30.632],[72.733,30.635]]]}},{"type":"Feature","properties":{},"geometry":{"type":"Polygon","coordinates":[[[72.483,30.726],[72.453,30.703],[72.433,30.706],[72.429,30.679],[72.416,30.689],[72.402,30.689],[72.416,30.669],[72.389,30.666],[72.389,30.679],[72.352,30.682],[72.382,30.713],[72.368,30.73],[72.385,30.726],[72.382,30.686],[72.399,30.703],[72.406,30.693],[72.412,30.726],[72.422,30.689],[72.439,30.723],[72.483,30.726]],[[72.443,30.716],[72.439,30.713],[72.443,30.713],[72.443,30.716]],[[72.446,30.709],[72.443,30.706],[72.446,30.706],[72.446,30.709]],[[72.395,30.689],[72.389,30.682],[72.399,30.682],[72.395,30.689]],[[72.399,30.676],[72.395,30.672],[72.399,30.672],[72.399,30.676]]]}},{"type":"Feature","properties":{},"geometry":{"type":"Polygon","coordinates":[[[73.95,30.706],[73.977,30.696],[73.974,30.682],[73.953,30.682],[73.97,30.656],[73.913,30.649],[73.93,30.666],[73.879,30.666],[73.879,30.682],[73.906,30.706],[73.92,30.699],[73.913,30.669],[73.923,30.672],[73.923,30.736],[73.94,30.713],[73.95,30.74],[73.95,30.706]],[[73.93,30.709],[73.933,30.713],[73.93,30.713],[73.93,30.709]],[[73.94,30.699],[73.93,30.706],[73.93,30.699],[73.94,30.699]],[[73.97,30.693],[73.967,30.689],[73.97,30.689],[73.97,30.693]],[[73.933,30.689],[73.95,30.682],[73.947,30.689],[73.933,30.689]],[[73.953,30.676],[73.947,30.659],[73.95,30.659],[73.953,30.676]],[[73.896,30.672],[73.906,30.679],[73.886,30.679],[73.896,30.672]],[[73.893,30.682],[73.896,30.686],[73.893,30.686],[73.893,30.682]]]}},{"type":"Feature","properties":{},"geometry":{"type":"Polygon","coordinates":[[[71.768,30.726],[71.751,30.726],[71.755,30.703],[71.782,30.736],[71.805,30.73],[71.778,30.72],[71.795,30.713],[71.768,30.689],[71.728,30.716],[71.731,30.733],[71.745,30.723],[71.762,30.743],[71.768,30.726]],[[71.735,30.723],[71.738,30.726],[71.735,30.726],[71.735,30.723]],[[71.772,30.709],[71.775,30.713],[71.772,30.713],[71.772,30.709]]]}},{"type":"Feature","properties":{},"geometry":{"type":"Polygon","coordinates":[[[68.649,30.78],[68.676,30.777],[68.673,30.763],[68.707,30.76],[68.707,30.75],[68.646,30.76],[68.649,30.78]],[[68.696,30.757],[68.693,30.753],[68.696,30.753],[68.696,30.757]]]}},{"type":"Feature","properties":{},"geometry":{"type":"Polygon","coordinates":[[[71.765,30.804],[71.765,30.767],[71.792,30.767],[71.782,30.78],[71.799,30.787],[71.805,30.774],[71.789,30.753],[71.745,30.747],[71.735,30.777],[71.748,30.77],[71.765,30.804]],[[71.765,30.76],[71.758,30.757],[71.765,30.757],[71.765,30.76]]]}},{"type":"Feature","properties":{},"geometry":{"type":"Polygon","coordinates":[[[73.394,30.841],[73.377,30.851],[73.404,30.878],[73.434,30.854],[73.394,30.841]],[[73.397,30.851],[73.404,30.854],[73.397,30.854],[73.397,30.851]],[[73.41,30.854],[73.407,30.851],[73.41,30.851],[73.41,30.854]],[[73.4,30.858],[73.407,30.861],[73.407,30.868],[73.4,30.858]]]}},{"type":"Feature","properties":{},"geometry":{"type":"Polygon","coordinates":[[[72.153,30.888],[72.139,30.865],[72.122,30.868],[72.146,30.898],[72.18,30.898],[72.18,30.881],[72.153,30.888]]]}},{"type":"Feature","properties":{},"geometry":{"type":"Polygon","coordinates":[[[68.74,30.925],[68.798,30.949],[68.794,30.929],[68.774,30.915],[68.74,30.925]]]}},{"type":"Feature","properties":{},"geometry":{"type":"Polygon","coordinates":[[[73.947,30.939],[73.96,30.919],[73.926,30.922],[73.94,30.885],[73.923,30.871],[73.963,30.848],[73.889,30.824],[73.91,30.801],[73.91,30.811],[73.93,30.807],[73.936,30.817],[73.903,30.817],[73.906,30.827],[73.97,30.834],[73.95,30.817],[73.974,30.801],[73.963,30.774],[73.916,30.767],[73.916,30.753],[73.903,30.76],[73.879,30.76],[73.903,30.75],[73.866,30.743],[73.872,30.763],[73.856,30.777],[73.862,30.757],[73.842,30.75],[73.842,30.78],[73.879,30.787],[73.862,30.794],[73.876,30.811],[73.835,30.807],[73.859,30.797],[73.839,30.79],[73.818,30.804],[73.829,30.821],[73.785,30.821],[73.805,30.807],[73.812,30.797],[73.805,30.794],[73.775,30.827],[73.805,30.831],[73.812,30.871],[73.852,30.851],[73.839,30.871],[73.842,30.888],[73.889,30.902],[73.923,30.952],[73.926,30.935],[73.947,30.939]],[[73.916,30.898],[73.876,30.868],[73.913,30.865],[73.916,30.898]],[[73.876,30.885],[73.866,30.892],[73.866,30.881],[73.876,30.885]],[[73.926,30.895],[73.923,30.892],[73.926,30.892],[73.926,30.895]],[[73.92,30.892],[73.916,30.885],[73.92,30.885],[73.92,30.892]],[[73.926,30.848],[73.916,30.854],[73.92,30.848],[73.926,30.848]],[[73.936,30.854],[73.933,30.851],[73.936,30.851],[73.936,30.854]],[[73.869,30.827],[73.876,30.858],[73.849,30.844],[73.869,30.827]],[[73.913,30.834],[73.916,30.844],[73.906,30.838],[73.913,30.834]],[[73.883,30.838],[73.893,30.848],[73.883,30.844],[73.883,30.838]],[[73.856,30.838],[73.832,30.824],[73.856,30.831],[73.856,30.838]],[[73.859,30.821],[73.866,30.817],[73.859,30.824],[73.859,30.821]],[[73.849,30.821],[73.845,30.814],[73.856,30.821],[73.849,30.821]],[[73.839,30.811],[73.835,30.817],[73.835,30.811],[73.839,30.811]],[[73.876,30.801],[73.889,30.794],[73.889,30.811],[73.876,30.801]],[[73.933,30.797],[73.943,30.801],[73.943,30.804],[73.936,30.804],[73.933,30.797]],[[73.957,30.797],[73.953,30.794],[73.957,30.794],[73.957,30.797]],[[73.913,30.794],[73.916,30.801],[73.913,30.801],[73.913,30.794]],[[73.906,30.794],[73.91,30.797],[73.906,30.797],[73.906,30.794]],[[73.923,30.801],[73.926,30.804],[73.923,30.804],[73.923,30.801]],[[73.96,30.804],[73.957,30.801],[73.96,30.801],[73.96,30.804]],[[73.812,30.831],[73.818,30.834],[73.812,30.834],[73.812,30.831]],[[73.825,30.841],[73.829,30.844],[73.825,30.844],[73.825,30.841]],[[73.812,30.848],[73.818,30.854],[73.812,30.851],[73.812,30.848]],[[73.903,30.858],[73.896,30.854],[73.896,30.851],[73.899,30.851],[73.903,30.858]],[[73.862,30.868],[73.866,30.871],[73.862,30.871],[73.862,30.868]],[[73.845,30.875],[73.856,30.878],[73.845,30.881],[73.845,30.875]],[[73.862,30.878],[73.859,30.875],[73.862,30.875],[73.862,30.878]],[[73.815,30.865],[73.818,30.868],[73.815,30.868],[73.815,30.865]],[[73.926,30.79],[73.923,30.787],[73.926,30.787],[73.926,30.79]],[[73.943,30.79],[73.94,30.787],[73.943,30.787],[73.943,30.79]],[[73.95,30.787],[73.947,30.784],[73.95,30.784],[73.95,30.787]],[[73.943,30.774],[73.93,30.79],[73.933,30.774],[73.943,30.774]],[[73.916,30.77],[73.913,30.774],[73.913,30.77],[73.916,30.77]],[[73.906,30.767],[73.886,30.79],[73.876,30.777],[73.906,30.767]],[[73.906,30.79],[73.903,30.787],[73.906,30.787],[73.906,30.79]],[[73.943,30.807],[73.947,30.814],[73.936,30.807],[73.943,30.807]]]}},{"type":"Feature","properties":{},"geometry":{"type":"Polygon","coordinates":[[[71.873,30.892],[71.846,30.898],[71.859,30.915],[71.836,30.908],[71.836,30.878],[71.856,30.888],[71.866,30.861],[71.822,30.851],[71.832,30.888],[71.809,30.888],[71.802,30.908],[71.832,30.949],[71.859,30.952],[71.856,30.972],[71.907,30.976],[71.893,31.003],[71.934,31.003],[71.92,30.946],[71.903,30.952],[71.907,30.919],[71.873,30.892]],[[71.866,30.898],[71.869,30.902],[71.866,30.902],[71.866,30.898]],[[71.863,30.932],[71.866,30.949],[71.849,30.932],[71.863,30.932]],[[71.893,30.956],[71.896,30.952],[71.896,30.956],[71.893,30.956]],[[71.832,30.919],[71.826,30.915],[71.832,30.912],[71.832,30.919]]]}},{"type":"Feature","properties":{},"geometry":{"type":"Polygon","coordinates":[[[72.227,30.996],[72.186,30.979],[72.197,30.962],[72.173,30.962],[72.149,30.993],[72.156,31.016],[72.173,30.999],[72.193,31.026],[72.22,31.026],[72.227,30.996]],[[72.183,30.999],[72.18,31.003],[72.18,30.999],[72.183,30.999]],[[72.21,30.999],[72.207,30.993],[72.217,30.999],[72.21,30.999]],[[72.183,30.989],[72.18,30.993],[72.18,30.989],[72.183,30.989]],[[72.193,30.989],[72.19,30.986],[72.193,30.986],[72.193,30.989]],[[72.193,31.003],[72.2,31.013],[72.186,31.01],[72.193,31.003]]]}},{"type":"Feature","properties":{},"geometry":{"type":"Polygon","coordinates":[[[73.646,30.979],[73.643,30.999],[73.667,31.01],[73.64,31.003],[73.63,31.023],[73.63,31.003],[73.616,31.006],[73.606,31.033],[73.663,31.03],[73.677,30.996],[73.646,30.979]],[[73.653,30.996],[73.657,30.999],[73.653,30.999],[73.653,30.996]]]}},{"type":"Feature","properties":{},"geometry":{"type":"Polygon","coordinates":[[[74.223,31.013],[74.179,31.01],[74.189,30.972],[74.173,30.979],[74.166,30.962],[74.139,30.966],[74.142,30.989],[74.142,30.976],[74.166,30.969],[74.156,31.003],[74.132,30.993],[74.125,30.959],[74.115,30.979],[74.112,30.966],[74.078,30.972],[74.085,30.952],[74.001,30.946],[73.994,30.989],[73.987,30.972],[73.974,30.983],[73.984,31.003],[74.001,30.983],[74.044,30.989],[74.051,31.013],[74.071,30.996],[74.065,31.016],[74.088,31.03],[74.105,31.026],[74.098,31.047],[74.132,31.077],[74.159,31.043],[74.213,31.043],[74.203,31.03],[74.223,31.013]],[[74.112,31.02],[74.115,31.013],[74.119,31.013],[74.119,31.016],[74.112,31.02]],[[74.095,31.013],[74.081,31.006],[74.098,31.006],[74.098,31.013],[74.081,31.023],[74.095,31.013]],[[74.075,31.013],[74.078,31.016],[74.075,31.016],[74.075,31.013]],[[74.152,31.026],[74.159,31.02],[74.159,31.026],[74.152,31.026]],[[74.135,31.026],[74.139,31.03],[74.135,31.03],[74.135,31.026]],[[74.149,31.03],[74.146,31.026],[74.149,31.026],[74.149,31.03]],[[74.166,31.026],[74.176,31.037],[74.166,31.033],[74.166,31.026]],[[74.183,31.03],[74.179,31.026],[74.183,31.026],[74.183,31.03]],[[74.186,31.033],[74.189,31.03],[74.189,31.033],[74.186,31.033]],[[74.199,31.033],[74.193,31.03],[74.199,31.03],[74.199,31.033]],[[74.206,31.026],[74.203,31.023],[74.206,31.023],[74.206,31.026]],[[74.196,31.023],[74.199,31.026],[74.196,31.026],[74.196,31.023]],[[74.112,31.033],[74.115,31.037],[74.112,31.037],[74.112,31.033]],[[74.162,31.037],[74.166,31.04],[74.162,31.04],[74.162,31.037]],[[74.149,31.04],[74.152,31.043],[74.149,31.043],[74.149,31.04]],[[74.193,31.023],[74.189,31.02],[74.193,31.02],[74.193,31.023]],[[74.149,31.047],[74.152,31.05],[74.149,31.05],[74.149,31.047]],[[74.078,30.989],[74.088,30.993],[74.078,30.993],[74.078,30.989]],[[74.105,30.983],[74.102,30.979],[74.105,30.979],[74.105,30.983]],[[74.017,30.979],[74.014,30.976],[74.017,30.976],[74.017,30.979]],[[74.038,30.976],[74.034,30.972],[74.038,30.972],[74.038,30.976]],[[74.024,30.969],[74.021,30.976],[74.021,30.969],[74.024,30.969]],[[74.075,30.969],[74.071,30.966],[74.075,30.966],[74.075,30.969]],[[74.041,30.959],[74.038,30.969],[74.038,30.959],[74.041,30.959]],[[74.024,30.956],[74.021,30.962],[74.021,30.956],[74.024,30.956]],[[74.007,30.956],[74.011,30.959],[74.007,30.959],[74.007,30.956]],[[74.007,30.962],[74.011,30.966],[74.007,30.966],[74.007,30.962]]]}},{"type":"Feature","properties":{},"geometry":{"type":"Polygon","coordinates":[[[74.237,31.06],[74.287,31.05],[74.267,31.067],[74.274,31.084],[74.304,31.064],[74.294,31.087],[74.365,31.09],[74.341,31.07],[74.344,31.05],[74.341,31.057],[74.318,31.057],[74.334,31.053],[74.328,31.04],[74.348,31.047],[74.344,31.016],[74.355,31.023],[74.365,31.016],[74.338,31.01],[74.307,31.057],[74.291,31.023],[74.26,31.04],[74.24,31.037],[74.26,31.033],[74.25,31.01],[74.226,31.023],[74.237,31.06]],[[74.247,31.057],[74.243,31.05],[74.25,31.05],[74.247,31.057]],[[74.267,31.053],[74.264,31.047],[74.267,31.047],[74.267,31.053]],[[74.257,31.043],[74.26,31.05],[74.253,31.05],[74.257,31.043]],[[74.284,31.04],[74.28,31.037],[74.284,31.037],[74.284,31.04]],[[74.291,31.057],[74.294,31.06],[74.291,31.06],[74.291,31.057]],[[74.318,31.05],[74.314,31.047],[74.318,31.047],[74.318,31.05]],[[74.331,31.07],[74.334,31.074],[74.331,31.074],[74.331,31.07]]]}},{"type":"Feature","properties":{},"geometry":{"type":"Polygon","coordinates":[[[72.136,31.158],[72.17,31.114],[72.153,31.067],[72.095,31.02],[72.092,30.993],[72.082,30.972],[72.025,30.922],[72.021,30.892],[71.991,30.881],[71.93,30.784],[71.89,30.784],[71.89,30.743],[71.842,30.693],[71.839,30.676],[71.859,30.679],[71.849,30.669],[71.88,30.686],[71.89,30.672],[71.853,30.656],[71.873,30.652],[71.859,30.639],[71.876,30.608],[71.903,30.639],[71.971,30.612],[71.923,30.629],[71.9,30.598],[71.893,30.612],[71.886,30.602],[71.826,30.612],[71.785,30.571],[71.684,30.578],[71.674,30.551],[71.637,30.534],[71.647,30.527],[71.6,30.531],[71.579,30.487],[71.532,30.47],[71.536,30.457],[71.573,30.463],[71.576,30.45],[71.512,30.443],[71.512,30.392],[71.472,30.372],[71.482,30.345],[71.451,30.335],[71.434,30.295],[71.414,30.298],[71.424,30.291],[71.367,30.261],[71.367,30.247],[71.391,30.264],[71.411,30.261],[71.397,30.254],[71.414,30.231],[71.384,30.244],[71.387,30.2],[71.35,30.177],[71.354,30.146],[71.313,30.136],[71.316,30.089],[71.303,30.096],[71.273,30.045],[71.249,30.038],[71.266,30.035],[71.249,30.008],[71.195,30.005],[71.192,30.028],[71.286,30.092],[71.283,30.143],[71.313,30.167],[71.337,30.167],[71.337,30.21],[71.32,30.221],[71.256,30.156],[71.283,30.146],[71.276,30.126],[71.236,30.136],[71.262,30.214],[71.296,30.221],[71.33,30.291],[71.387,30.308],[71.384,30.322],[71.35,30.305],[71.36,30.332],[71.343,30.349],[71.377,30.369],[71.364,30.352],[71.367,30.335],[71.374,30.335],[71.394,30.409],[71.434,30.392],[71.492,30.436],[71.519,30.484],[71.519,30.507],[71.495,30.521],[71.505,30.548],[71.536,30.551],[71.549,30.487],[71.583,30.541],[71.556,30.575],[71.573,30.602],[71.563,30.571],[71.586,30.548],[71.603,30.564],[71.644,30.551],[71.654,30.554],[71.657,30.561],[71.637,30.571],[71.687,30.605],[71.697,30.642],[71.681,30.639],[71.684,30.666],[71.704,30.649],[71.697,30.669],[71.748,30.679],[71.741,30.659],[71.708,30.656],[71.711,30.622],[71.704,30.608],[71.684,30.602],[71.684,30.595],[71.762,30.635],[71.805,30.645],[71.836,30.74],[71.876,30.743],[71.883,30.797],[71.927,30.831],[71.917,30.848],[71.944,30.844],[71.971,30.871],[71.974,30.908],[72.001,30.908],[72.014,30.946],[72.048,30.959],[72.062,31.023],[72.079,31.013],[72.079,31.037],[72.153,31.111],[72.136,31.158]],[[72.089,30.999],[72.085,30.996],[72.089,30.996],[72.089,30.999]],[[72.072,30.979],[72.068,30.976],[72.072,30.976],[72.072,30.979]],[[72.045,30.946],[72.041,30.942],[72.045,30.942],[72.045,30.946]],[[71.967,30.861],[71.964,30.858],[71.967,30.858],[71.967,30.861]],[[71.934,30.827],[71.93,30.824],[71.934,30.824],[71.934,30.827]],[[71.934,30.807],[71.927,30.804],[71.934,30.804],[71.934,30.807]],[[71.856,30.72],[71.853,30.713],[71.856,30.713],[71.856,30.72]],[[71.856,30.645],[71.846,30.635],[71.856,30.635],[71.856,30.645]],[[71.822,30.632],[71.826,30.639],[71.822,30.639],[71.822,30.632]],[[71.812,30.625],[71.799,30.615],[71.805,30.615],[71.812,30.625]],[[71.826,30.629],[71.819,30.622],[71.829,30.622],[71.826,30.629]],[[71.768,30.618],[71.772,30.632],[71.762,30.622],[71.768,30.618]],[[71.792,30.615],[71.785,30.608],[71.789,30.608],[71.792,30.615]],[[71.755,30.605],[71.758,30.612],[71.755,30.612],[71.755,30.605]],[[71.778,30.612],[71.782,30.615],[71.778,30.615],[71.778,30.612]],[[71.748,30.598],[71.728,30.595],[71.745,30.591],[71.748,30.598]],[[71.792,30.595],[71.789,30.598],[71.789,30.595],[71.792,30.595]],[[71.714,30.598],[71.718,30.602],[71.714,30.602],[71.714,30.598]],[[71.721,30.598],[71.728,30.605],[71.721,30.602],[71.721,30.598]],[[71.664,30.568],[71.66,30.564],[71.664,30.564],[71.664,30.568]],[[71.62,30.554],[71.623,30.558],[71.62,30.558],[71.62,30.554]],[[71.637,30.548],[71.633,30.544],[71.637,30.544],[71.637,30.548]],[[71.606,30.548],[71.596,30.541],[71.596,30.534],[71.606,30.548]],[[71.613,30.541],[71.61,30.537],[71.613,30.537],[71.613,30.541]],[[71.59,30.534],[71.593,30.537],[71.59,30.537],[71.59,30.534]],[[71.532,30.497],[71.536,30.5],[71.532,30.5],[71.532,30.497]],[[71.539,30.504],[71.542,30.497],[71.546,30.497],[71.539,30.504]],[[71.509,30.521],[71.512,30.531],[71.509,30.531],[71.509,30.521]],[[71.536,30.487],[71.532,30.484],[71.536,30.484],[71.536,30.487]],[[71.509,30.46],[71.512,30.45],[71.512,30.46],[71.509,30.46]],[[71.566,30.457],[71.563,30.453],[71.566,30.453],[71.566,30.457]],[[71.525,30.453],[71.529,30.457],[71.525,30.457],[71.525,30.453]],[[71.522,30.453],[71.519,30.45],[71.522,30.45],[71.522,30.453]],[[71.478,30.406],[71.485,30.403],[71.488,30.416],[71.478,30.406]],[[71.404,30.396],[71.411,30.399],[71.404,30.399],[71.404,30.396]],[[71.401,30.396],[71.394,30.399],[71.394,30.396],[71.401,30.396]],[[71.414,30.392],[71.411,30.389],[71.414,30.389],[71.414,30.392]],[[71.461,30.389],[71.458,30.386],[71.461,30.386],[71.461,30.389]],[[71.482,30.386],[71.478,30.382],[71.482,30.382],[71.482,30.386]],[[71.472,30.382],[71.475,30.386],[71.472,30.386],[71.472,30.382]],[[71.404,30.382],[71.411,30.379],[71.411,30.382],[71.404,30.382]],[[71.465,30.379],[71.438,30.372],[71.397,30.339],[71.431,30.325],[71.421,30.345],[71.441,30.359],[71.475,30.352],[71.465,30.379]],[[71.411,30.366],[71.411,30.376],[71.407,30.366],[71.411,30.366]],[[71.434,30.342],[71.431,30.339],[71.434,30.339],[71.434,30.342]],[[71.445,30.328],[71.441,30.325],[71.445,30.325],[71.445,30.328]],[[71.394,30.332],[71.397,30.335],[71.394,30.335],[71.394,30.332]],[[71.37,30.322],[71.367,30.318],[71.37,30.318],[71.37,30.322]],[[71.428,30.322],[71.424,30.318],[71.428,30.318],[71.428,30.322]],[[71.438,30.318],[71.434,30.315],[71.438,30.315],[71.438,30.318]],[[71.397,30.315],[71.401,30.318],[71.397,30.318],[71.397,30.315]],[[71.418,30.322],[71.414,30.318],[71.418,30.318],[71.418,30.322]],[[71.414,30.312],[71.411,30.308],[71.414,30.308],[71.414,30.312]],[[71.424,30.308],[71.421,30.305],[71.424,30.305],[71.424,30.308]],[[71.434,30.305],[71.431,30.301],[71.434,30.301],[71.434,30.305]],[[71.384,30.305],[71.387,30.298],[71.391,30.298],[71.384,30.305]],[[71.36,30.295],[71.357,30.291],[71.36,30.291],[71.36,30.295]],[[71.35,30.278],[71.34,30.278],[71.35,30.271],[71.35,30.278]],[[71.36,30.288],[71.357,30.285],[71.36,30.285],[71.36,30.288]],[[71.35,30.268],[71.347,30.264],[71.35,30.264],[71.35,30.268]],[[71.343,30.261],[71.34,30.264],[71.34,30.261],[71.343,30.261]],[[71.337,30.258],[71.333,30.247],[71.34,30.247],[71.337,30.258]],[[71.347,30.251],[71.343,30.231],[71.323,30.241],[71.316,30.227],[71.347,30.217],[71.347,30.251]],[[71.364,30.241],[71.37,30.227],[71.367,30.241],[71.364,30.241]],[[71.364,30.224],[71.347,30.21],[71.343,30.197],[71.35,30.187],[71.35,30.207],[71.364,30.21],[71.364,30.224]],[[71.364,30.207],[71.36,30.204],[71.364,30.204],[71.364,30.207]],[[71.289,30.21],[71.283,30.214],[71.283,30.21],[71.289,30.21]],[[71.279,30.2],[71.266,30.197],[71.269,30.183],[71.279,30.2]],[[71.293,30.207],[71.3,30.204],[71.3,30.207],[71.293,30.207]],[[71.293,30.2],[71.289,30.197],[71.293,30.197],[71.293,30.2]],[[71.262,30.15],[71.256,30.146],[71.256,30.143],[71.259,30.143],[71.262,30.15]],[[71.276,30.143],[71.273,30.14],[71.276,30.14],[71.276,30.143]],[[71.34,30.16],[71.333,30.156],[71.333,30.153],[71.337,30.153],[71.34,30.16]],[[71.323,30.15],[71.32,30.156],[71.313,30.156],[71.323,30.15]],[[71.303,30.15],[71.306,30.153],[71.303,30.153],[71.303,30.15]],[[71.337,30.15],[71.333,30.146],[71.337,30.146],[71.337,30.15]],[[71.303,30.143],[71.296,30.133],[71.293,30.126],[71.303,30.133],[71.303,30.143]],[[71.306,30.123],[71.303,30.119],[71.306,30.119],[71.306,30.123]],[[71.286,30.116],[71.289,30.119],[71.286,30.119],[71.286,30.116]],[[71.303,30.113],[71.3,30.109],[71.303,30.109],[71.303,30.113]],[[71.31,30.106],[71.306,30.103],[71.31,30.103],[71.31,30.106]],[[71.293,30.089],[71.289,30.086],[71.293,30.086],[71.293,30.089]],[[71.289,30.082],[71.286,30.076],[71.289,30.076],[71.289,30.082]],[[71.252,30.052],[71.246,30.049],[71.252,30.049],[71.252,30.052]],[[71.229,30.035],[71.236,30.028],[71.232,30.035],[71.229,30.035]],[[71.212,30.025],[71.209,30.022],[71.212,30.022],[71.212,30.025]],[[71.205,30.018],[71.209,30.015],[71.209,30.018],[71.205,30.018]]]}},{"type":"Feature","properties":{},"geometry":{"type":"Polygon","coordinates":[[[73.748,31.188],[73.802,31.185],[73.778,31.165],[73.795,31.175],[73.785,31.141],[73.751,31.151],[73.765,31.161],[73.738,31.195],[73.751,31.205],[73.748,31.188]],[[73.788,31.158],[73.785,31.155],[73.788,31.155],[73.788,31.158]]]}},{"type":"Feature","properties":{},"geometry":{"type":"Polygon","coordinates":[[[71.977,31.107],[71.987,31.064],[71.96,31.047],[71.987,31.013],[71.971,31.006],[71.96,31.023],[71.957,31.006],[71.927,31.006],[71.95,31.016],[71.94,31.033],[71.964,31.06],[71.957,31.121],[72.028,31.168],[72.028,31.198],[72.072,31.202],[72.038,31.178],[72.068,31.151],[72.018,31.148],[72.021,31.131],[71.987,31.121],[72.008,31.104],[71.977,31.107]],[[71.991,31.131],[71.994,31.138],[71.991,31.138],[71.991,31.131]],[[72.035,31.158],[72.038,31.161],[72.035,31.161],[72.035,31.158]],[[72.045,31.161],[72.041,31.158],[72.045,31.158],[72.045,31.161]],[[71.964,31.03],[71.96,31.026],[71.964,31.026],[71.964,31.03]]]}},{"type":"Feature","properties":{},"geometry":{"type":"Polygon","coordinates":[[[74.581,31.364],[74.56,31.316],[74.543,31.316],[74.557,31.313],[74.54,31.279],[74.554,31.252],[74.533,31.178],[74.52,31.171],[74.577,31.104],[74.611,31.111],[74.601,31.087],[74.554,31.084],[74.547,31.114],[74.513,31.131],[74.516,31.232],[74.54,31.242],[74.52,31.266],[74.446,31.229],[74.409,31.239],[74.412,31.215],[74.338,31.185],[74.368,31.235],[74.348,31.232],[74.355,31.259],[74.338,31.249],[74.344,31.232],[74.318,31.239],[74.324,31.262],[74.344,31.259],[74.334,31.296],[74.378,31.269],[74.375,31.31],[74.415,31.316],[74.419,31.337],[74.442,31.33],[74.422,31.323],[74.419,31.31],[74.449,31.313],[74.469,31.34],[74.469,31.323],[74.489,31.327],[74.479,31.316],[74.506,31.323],[74.489,31.306],[74.513,31.303],[74.5,31.273],[74.516,31.273],[74.54,31.296],[74.52,31.313],[74.554,31.333],[74.554,31.37],[74.581,31.364]],[[74.56,31.357],[74.564,31.36],[74.56,31.36],[74.56,31.357]],[[74.523,31.273],[74.52,31.269],[74.523,31.269],[74.523,31.273]],[[74.456,31.266],[74.463,31.273],[74.456,31.276],[74.456,31.266]],[[74.5,31.266],[74.496,31.262],[74.5,31.262],[74.5,31.266]],[[74.398,31.286],[74.425,31.283],[74.402,31.262],[74.425,31.242],[74.419,31.273],[74.446,31.279],[74.449,31.296],[74.398,31.286]],[[74.392,31.293],[74.398,31.303],[74.392,31.303],[74.392,31.293]],[[74.476,31.293],[74.483,31.279],[74.486,31.293],[74.476,31.293]],[[74.473,31.279],[74.469,31.276],[74.473,31.276],[74.473,31.279]],[[74.479,31.262],[74.476,31.259],[74.479,31.259],[74.479,31.262]],[[74.446,31.246],[74.449,31.239],[74.449,31.246],[74.446,31.246]],[[74.371,31.242],[74.382,31.252],[74.371,31.249],[74.371,31.242]],[[74.392,31.252],[74.388,31.249],[74.392,31.249],[74.392,31.252]],[[74.385,31.259],[74.388,31.262],[74.385,31.262],[74.385,31.259]],[[74.368,31.262],[74.371,31.266],[74.368,31.266],[74.368,31.262]],[[74.395,31.273],[74.398,31.276],[74.395,31.276],[74.395,31.273]],[[74.405,31.276],[74.402,31.273],[74.405,31.273],[74.405,31.276]],[[74.456,31.313],[74.459,31.316],[74.456,31.316],[74.456,31.313]],[[74.469,31.316],[74.466,31.313],[74.469,31.313],[74.469,31.316]],[[74.348,31.273],[74.351,31.276],[74.348,31.276],[74.348,31.273]],[[74.53,31.188],[74.527,31.185],[74.53,31.185],[74.53,31.188]],[[74.533,31.148],[74.53,31.141],[74.533,31.141],[74.533,31.148]]]}},{"type":"Feature","properties":{},"geometry":{"type":"Polygon","coordinates":[[[72.099,31.384],[72.119,31.357],[72.089,31.347],[72.099,31.313],[72.082,31.313],[72.065,31.357],[72.095,31.36],[72.099,31.384]]]}},{"type":"Feature","properties":{},"geometry":{"type":"Polygon","coordinates":[[[70.409,31.499],[70.46,31.519],[70.426,31.482],[70.473,31.478],[70.484,31.461],[70.413,31.451],[70.409,31.499]],[[70.467,31.472],[70.463,31.468],[70.467,31.468],[70.467,31.472]]]}},{"type":"Feature","properties":{},"geometry":{"type":"Polygon","coordinates":[[[74.226,31.525],[74.199,31.512],[74.169,31.461],[74.196,31.525],[74.226,31.525]]]}},{"type":"Feature","properties":{},"geometry":{"type":"Polygon","coordinates":[[[74.604,31.542],[74.608,31.502],[74.631,31.488],[74.641,31.468],[74.614,31.485],[74.597,31.475],[74.611,31.499],[74.581,31.495],[74.604,31.542]],[[74.601,31.519],[74.597,31.515],[74.601,31.515],[74.601,31.519]]]}},{"type":"Feature","properties":{},"geometry":{"type":"Polygon","coordinates":[[[72.119,31.549],[72.126,31.468],[72.109,31.522],[72.119,31.549]]]}},{"type":"Feature","properties":{},"geometry":{"type":"Polygon","coordinates":[[[73.815,31.563],[73.768,31.536],[73.765,31.509],[73.731,31.525],[73.738,31.559],[73.778,31.563],[73.785,31.583],[73.815,31.563]],[[73.778,31.552],[73.781,31.546],[73.785,31.546],[73.785,31.549],[73.778,31.552]],[[73.758,31.536],[73.754,31.532],[73.758,31.532],[73.758,31.536]]]}},{"type":"Feature","properties":{},"geometry":{"type":"Polygon","coordinates":[[[74.142,31.559],[74.125,31.603],[74.173,31.603],[74.176,31.569],[74.162,31.576],[74.149,31.549],[74.162,31.539],[74.115,31.539],[74.122,31.559],[74.142,31.559]],[[74.149,31.583],[74.159,31.59],[74.146,31.59],[74.149,31.583]]]}},{"type":"Feature","properties":{},"geometry":{"type":"Polygon","coordinates":[[[70.44,31.6],[70.538,31.61],[70.538,31.59],[70.484,31.566],[70.416,31.576],[70.416,31.549],[70.355,31.556],[70.362,31.583],[70.389,31.566],[70.44,31.6]],[[70.47,31.583],[70.463,31.579],[70.47,31.579],[70.47,31.583]]]}},{"type":"Feature","properties":{},"geometry":{"type":"Polygon","coordinates":[[[68.234,31.62],[68.261,31.603],[68.275,31.579],[68.207,31.593],[68.234,31.62]]]}},{"type":"Feature","properties":{},"geometry":{"type":"Polygon","coordinates":[[[73.916,31.66],[73.923,31.64],[73.856,31.647],[73.862,31.67],[73.916,31.66]]]}},{"type":"Feature","properties":{},"geometry":{"type":"Polygon","coordinates":[[[74.125,31.586],[74.115,31.549],[74.105,31.586],[74.092,31.573],[74.108,31.525],[74.088,31.525],[74.051,31.465],[74.034,31.468],[74.048,31.451],[74.017,31.448],[73.997,31.418],[73.92,31.404],[73.92,31.374],[73.903,31.38],[73.923,31.364],[73.94,31.401],[73.967,31.387],[73.994,31.407],[74.001,31.391],[74.004,31.414],[74.007,31.384],[73.933,31.33],[73.963,31.303],[73.96,31.333],[73.984,31.34],[73.98,31.357],[74.001,31.347],[73.994,31.367],[74.014,31.377],[74.041,31.364],[74.054,31.397],[74.048,31.364],[74.065,31.357],[74.011,31.32],[74.021,31.293],[73.987,31.306],[74.021,31.279],[73.974,31.276],[73.926,31.293],[73.926,31.279],[73.91,31.286],[73.92,31.269],[73.94,31.276],[73.923,31.249],[73.906,31.252],[73.903,31.262],[73.879,31.246],[73.889,31.266],[73.859,31.286],[73.876,31.273],[73.866,31.256],[73.748,31.256],[73.717,31.219],[73.738,31.215],[73.741,31.235],[73.788,31.229],[73.744,31.222],[73.727,31.175],[73.68,31.178],[73.69,31.141],[73.677,31.134],[73.66,31.141],[73.673,31.144],[73.657,31.168],[73.667,31.185],[73.623,31.185],[73.633,31.175],[73.613,31.155],[73.65,31.138],[73.579,31.128],[73.552,31.111],[73.559,31.094],[73.515,31.117],[73.461,31.097],[73.37,31.02],[73.34,31.033],[73.333,31.016],[73.272,30.993],[73.269,30.972],[73.255,30.979],[73.232,30.935],[73.235,30.888],[73.174,30.878],[73.158,30.892],[73.131,30.827],[73.127,30.844],[73.077,30.841],[73.087,30.807],[72.969,30.747],[73.002,30.79],[73.053,30.807],[73.056,30.827],[73.093,30.865],[73.131,30.858],[73.147,30.902],[73.222,30.902],[73.245,30.999],[73.346,31.047],[73.373,31.037],[73.383,31.067],[73.394,31.057],[73.427,31.08],[73.421,31.104],[73.464,31.111],[73.464,31.117],[73.424,31.124],[73.434,31.114],[73.394,31.101],[73.397,31.084],[73.37,31.094],[73.394,31.08],[73.353,31.06],[73.367,31.107],[73.336,31.117],[73.336,31.134],[73.363,31.148],[73.36,31.131],[73.38,31.131],[73.394,31.192],[73.427,31.192],[73.464,31.225],[73.505,31.219],[73.498,31.229],[73.539,31.235],[73.569,31.286],[73.559,31.333],[73.616,31.34],[73.62,31.36],[73.603,31.367],[73.63,31.37],[73.643,31.404],[73.663,31.397],[73.643,31.428],[73.613,31.418],[73.626,31.434],[73.687,31.455],[73.667,31.428],[73.673,31.407],[73.697,31.414],[73.734,31.391],[73.775,31.424],[73.771,31.465],[73.798,31.472],[73.805,31.519],[73.818,31.512],[73.808,31.499],[73.842,31.512],[73.835,31.492],[73.883,31.502],[73.842,31.512],[73.866,31.546],[73.842,31.549],[73.852,31.559],[73.835,31.559],[73.825,31.603],[73.842,31.606],[73.835,31.59],[73.852,31.583],[73.896,31.606],[73.906,31.593],[73.876,31.576],[73.91,31.569],[73.933,31.583],[73.96,31.586],[73.947,31.61],[73.974,31.617],[73.96,31.637],[73.994,31.644],[73.99,31.664],[74.017,31.667],[74.031,31.64],[74.024,31.647],[74.017,31.644],[74.044,31.63],[74.034,31.64],[74.061,31.65],[74.024,31.667],[74.048,31.674],[74.075,31.654],[74.065,31.63],[74.075,31.623],[74.102,31.674],[74.152,31.65],[74.146,31.627],[74.112,31.623],[74.125,31.586]],[[74.007,31.59],[74.011,31.596],[74.007,31.596],[74.007,31.59]],[[73.967,31.586],[73.97,31.59],[73.967,31.59],[73.967,31.586]],[[74.061,31.603],[74.065,31.593],[74.065,31.603],[74.061,31.603]],[[74.007,31.6],[74.017,31.613],[73.997,31.613],[74.007,31.6]],[[74.092,31.61],[74.088,31.606],[74.092,31.606],[74.092,31.61]],[[74.115,31.6],[74.112,31.596],[74.115,31.596],[74.115,31.6]],[[74.095,31.596],[74.098,31.6],[74.095,31.6],[74.095,31.596]],[[74.051,31.613],[74.054,31.617],[74.051,31.617],[74.051,31.613]],[[74.095,31.617],[74.108,31.63],[74.108,31.633],[74.098,31.633],[74.095,31.617]],[[73.984,31.617],[73.99,31.62],[73.984,31.62],[73.984,31.617]],[[73.997,31.623],[74.021,31.62],[74.031,31.627],[74.007,31.623],[74.011,31.637],[73.997,31.644],[73.997,31.623]],[[73.98,31.627],[73.994,31.633],[73.98,31.633],[73.98,31.627]],[[74.044,31.623],[74.041,31.62],[74.044,31.62],[74.044,31.623]],[[74.061,31.62],[74.058,31.617],[74.061,31.617],[74.061,31.62]],[[74.034,31.62],[74.038,31.623],[74.034,31.623],[74.034,31.62]],[[74.122,31.63],[74.115,31.627],[74.122,31.627],[74.122,31.63]],[[74.125,31.633],[74.129,31.64],[74.119,31.64],[74.125,31.633]],[[74.102,31.657],[74.105,31.66],[74.102,31.66],[74.102,31.657]],[[74.065,31.65],[74.068,31.654],[74.065,31.654],[74.065,31.65]],[[73.953,31.583],[73.96,31.576],[73.97,31.583],[73.953,31.583]],[[74.051,31.576],[74.065,31.579],[74.051,31.579],[74.051,31.576]],[[73.936,31.576],[73.947,31.579],[73.936,31.579],[73.936,31.576]],[[74.078,31.576],[74.075,31.573],[74.078,31.573],[74.078,31.576]],[[74.088,31.569],[74.065,31.556],[74.085,31.556],[74.088,31.569]],[[73.93,31.552],[73.933,31.556],[73.93,31.556],[73.93,31.552]],[[73.926,31.559],[73.913,31.563],[73.926,31.552],[73.926,31.559]],[[74.007,31.559],[74.004,31.556],[74.007,31.556],[74.007,31.559]],[[73.916,31.556],[73.91,31.539],[73.916,31.539],[73.916,31.556]],[[73.886,31.566],[73.896,31.566],[73.903,31.569],[73.886,31.566]],[[73.876,31.556],[73.872,31.563],[73.866,31.566],[73.866,31.559],[73.876,31.556]],[[73.859,31.559],[73.862,31.563],[73.859,31.563],[73.859,31.559]],[[73.852,31.563],[73.856,31.569],[73.852,31.569],[73.852,31.563]],[[73.879,31.573],[73.872,31.566],[73.883,31.566],[73.879,31.573]],[[73.923,31.573],[73.923,31.563],[73.93,31.566],[73.93,31.569],[73.923,31.573]],[[74.068,31.566],[74.065,31.563],[74.068,31.563],[74.068,31.566]],[[74.028,31.559],[74.017,31.566],[74.017,31.559],[74.028,31.559]],[[73.906,31.563],[73.91,31.566],[73.906,31.566],[73.906,31.563]],[[73.94,31.542],[73.94,31.519],[73.933,31.519],[73.933,31.512],[73.947,31.522],[73.94,31.542]],[[74.088,31.532],[74.085,31.539],[74.075,31.542],[74.071,31.536],[74.088,31.532]],[[74.065,31.542],[74.068,31.546],[74.065,31.546],[74.065,31.542]],[[73.997,31.539],[74.001,31.546],[73.994,31.546],[73.997,31.539]],[[73.96,31.542],[73.963,31.546],[73.96,31.546],[73.96,31.542]],[[74.075,31.532],[74.061,31.529],[74.075,31.529],[74.075,31.532]],[[73.99,31.529],[73.994,31.532],[73.99,31.532],[73.99,31.529]],[[74.085,31.525],[74.075,31.522],[74.085,31.522],[74.085,31.525]],[[73.97,31.522],[73.974,31.525],[73.97,31.525],[73.97,31.522]],[[73.872,31.583],[73.876,31.586],[73.872,31.586],[73.872,31.583]],[[74.061,31.505],[74.044,31.502],[74.061,31.502],[74.061,31.505]],[[74.031,31.502],[74.038,31.505],[74.031,31.505],[74.031,31.502]],[[73.933,31.502],[73.936,31.505],[73.933,31.505],[73.933,31.502]],[[73.926,31.502],[73.923,31.499],[73.926,31.499],[73.926,31.502]],[[73.818,31.495],[73.822,31.485],[73.825,31.485],[73.825,31.492],[73.818,31.495]],[[73.933,31.485],[73.93,31.482],[73.933,31.482],[73.933,31.485]],[[73.903,31.482],[73.899,31.478],[73.903,31.478],[73.903,31.482]],[[73.781,31.451],[73.788,31.448],[73.778,31.458],[73.781,31.451]],[[73.97,31.448],[73.963,31.445],[73.97,31.445],[73.97,31.448]],[[73.788,31.445],[73.785,31.441],[73.788,31.441],[73.788,31.445]],[[73.994,31.438],[73.99,31.434],[73.994,31.434],[73.994,31.438]],[[73.893,31.434],[73.896,31.438],[73.893,31.438],[73.893,31.434]],[[73.872,31.434],[73.869,31.431],[73.872,31.431],[73.872,31.434]],[[73.97,31.431],[73.984,31.421],[73.977,31.431],[73.97,31.431]],[[73.822,31.424],[73.815,31.418],[73.822,31.421],[73.822,31.424]],[[73.812,31.407],[73.808,31.404],[73.812,31.404],[73.812,31.407]],[[73.778,31.397],[73.771,31.391],[73.785,31.384],[73.778,31.397]],[[73.808,31.394],[73.802,31.391],[73.808,31.391],[73.808,31.394]],[[73.663,31.384],[73.667,31.387],[73.663,31.387],[73.663,31.384]],[[73.67,31.391],[73.673,31.387],[73.673,31.391],[73.67,31.391]],[[73.684,31.394],[73.68,31.387],[73.684,31.387],[73.684,31.394]],[[73.697,31.394],[73.704,31.391],[73.704,31.397],[73.697,31.394]],[[73.687,31.401],[73.694,31.404],[73.687,31.407],[73.687,31.401]],[[73.65,31.431],[73.653,31.434],[73.65,31.434],[73.65,31.431]],[[73.66,31.438],[73.657,31.431],[73.663,31.431],[73.66,31.438]],[[73.899,31.377],[73.889,31.38],[73.889,31.377],[73.899,31.377]],[[73.886,31.367],[73.879,31.377],[73.883,31.367],[73.886,31.367]],[[73.903,31.374],[73.893,31.37],[73.903,31.37],[73.903,31.374]],[[73.862,31.367],[73.866,31.37],[73.862,31.37],[73.862,31.367]],[[73.856,31.367],[73.859,31.37],[73.856,31.37],[73.856,31.367]],[[73.795,31.364],[73.798,31.367],[73.795,31.367],[73.795,31.364]],[[73.673,31.364],[73.68,31.37],[73.673,31.37],[73.673,31.364]],[[73.808,31.364],[73.805,31.36],[73.808,31.36],[73.808,31.364]],[[73.812,31.367],[73.815,31.36],[73.815,31.367],[73.812,31.367]],[[73.862,31.364],[73.859,31.36],[73.862,31.36],[73.862,31.364]],[[73.839,31.36],[73.842,31.364],[73.839,31.364],[73.839,31.36]],[[73.781,31.32],[73.775,31.333],[73.778,31.34],[73.741,31.313],[73.812,31.3],[73.805,31.313],[73.842,31.357],[73.818,31.36],[73.825,31.34],[73.808,31.33],[73.785,31.337],[73.781,31.32]],[[73.791,31.337],[73.795,31.34],[73.791,31.34],[73.791,31.337]],[[73.761,31.34],[73.765,31.347],[73.761,31.347],[73.761,31.34]],[[73.754,31.35],[73.758,31.357],[73.754,31.357],[73.754,31.35]],[[73.684,31.354],[73.694,31.36],[73.684,31.357],[73.684,31.354]],[[73.862,31.357],[73.859,31.354],[73.862,31.354],[73.862,31.357]],[[73.899,31.354],[73.896,31.35],[73.899,31.35],[73.899,31.354]],[[73.879,31.35],[73.883,31.354],[73.879,31.354],[73.879,31.35]],[[73.876,31.35],[73.872,31.343],[73.876,31.343],[73.876,31.35]],[[73.893,31.347],[73.886,31.343],[73.886,31.34],[73.889,31.34],[73.893,31.347]],[[73.933,31.343],[73.926,31.337],[73.933,31.337],[73.933,31.343]],[[73.872,31.337],[73.883,31.34],[73.872,31.34],[73.872,31.337]],[[73.842,31.333],[73.839,31.33],[73.842,31.33],[73.842,31.333]],[[73.906,31.33],[73.899,31.327],[73.906,31.327],[73.906,31.33]],[[73.923,31.327],[73.92,31.32],[73.923,31.32],[73.923,31.327]],[[73.903,31.316],[73.896,31.32],[73.896,31.313],[73.903,31.316]],[[73.923,31.316],[73.916,31.31],[73.923,31.31],[73.923,31.316]],[[73.933,31.303],[73.916,31.303],[73.916,31.3],[73.933,31.303]],[[73.984,31.3],[73.98,31.293],[73.984,31.293],[73.984,31.3]],[[73.936,31.3],[73.94,31.303],[73.936,31.303],[73.936,31.3]],[[73.95,31.3],[73.953,31.293],[73.963,31.293],[73.95,31.3]],[[73.889,31.3],[73.893,31.303],[73.889,31.303],[73.889,31.3]],[[73.974,31.293],[73.97,31.289],[73.974,31.289],[73.974,31.293]],[[73.997,31.289],[73.994,31.283],[73.997,31.283],[73.997,31.289]],[[73.677,31.303],[73.66,31.32],[73.65,31.316],[73.643,31.306],[73.677,31.303]],[[73.721,31.316],[73.711,31.31],[73.711,31.306],[73.721,31.316]],[[73.758,31.31],[73.754,31.306],[73.758,31.306],[73.758,31.31]],[[73.731,31.306],[73.734,31.31],[73.731,31.31],[73.731,31.306]],[[73.751,31.306],[73.748,31.3],[73.751,31.3],[73.751,31.306]],[[73.572,31.306],[73.576,31.31],[73.572,31.31],[73.572,31.306]],[[73.582,31.316],[73.586,31.323],[73.582,31.323],[73.582,31.316]],[[73.616,31.327],[73.609,31.323],[73.616,31.323],[73.616,31.327]],[[73.903,31.303],[73.913,31.31],[73.896,31.31],[73.903,31.303]],[[73.862,31.303],[73.866,31.306],[73.862,31.306],[73.862,31.303]],[[73.879,31.316],[73.893,31.316],[73.889,31.323],[73.879,31.316]],[[73.886,31.327],[73.896,31.33],[73.886,31.33],[73.886,31.327]],[[73.849,31.377],[73.839,31.37],[73.849,31.37],[73.849,31.377]],[[73.684,31.374],[73.687,31.377],[73.684,31.377],[73.684,31.374]],[[73.883,31.293],[73.879,31.289],[73.883,31.289],[73.883,31.293]],[[73.646,31.289],[73.65,31.293],[73.646,31.293],[73.646,31.289]],[[73.7,31.289],[73.697,31.283],[73.7,31.283],[73.7,31.289]],[[73.765,31.286],[73.761,31.283],[73.765,31.283],[73.765,31.286]],[[73.781,31.283],[73.775,31.273],[73.781,31.273],[73.781,31.283]],[[73.791,31.279],[73.781,31.262],[73.788,31.262],[73.791,31.279]],[[73.839,31.276],[73.842,31.269],[73.845,31.269],[73.839,31.276]],[[73.812,31.269],[73.815,31.273],[73.812,31.273],[73.812,31.269]],[[73.775,31.262],[73.778,31.266],[73.775,31.266],[73.775,31.262]],[[73.704,31.262],[73.707,31.266],[73.704,31.266],[73.704,31.262]],[[73.694,31.262],[73.697,31.266],[73.694,31.266],[73.694,31.262]],[[73.754,31.276],[73.758,31.283],[73.754,31.283],[73.754,31.276]],[[73.63,31.256],[73.626,31.252],[73.63,31.252],[73.63,31.256]],[[73.738,31.249],[73.731,31.246],[73.738,31.246],[73.738,31.249]],[[73.552,31.242],[73.559,31.239],[73.552,31.246],[73.552,31.242]],[[73.721,31.235],[73.717,31.232],[73.721,31.232],[73.721,31.235]],[[73.64,31.232],[73.613,31.215],[73.65,31.222],[73.64,31.232]],[[73.7,31.232],[73.697,31.229],[73.7,31.229],[73.7,31.232]],[[73.687,31.232],[73.684,31.225],[73.69,31.232],[73.687,31.232]],[[73.711,31.225],[73.707,31.222],[73.711,31.222],[73.711,31.225]],[[73.673,31.225],[73.677,31.229],[73.673,31.229],[73.673,31.225]],[[73.667,31.232],[73.67,31.229],[73.67,31.232],[73.667,31.232]],[[73.7,31.222],[73.7,31.188],[73.721,31.185],[73.714,31.215],[73.7,31.222]],[[73.724,31.209],[73.727,31.198],[73.731,31.209],[73.724,31.209]],[[73.593,31.188],[73.609,31.182],[73.609,31.188],[73.593,31.188]],[[73.582,31.182],[73.589,31.185],[73.582,31.185],[73.582,31.182]],[[73.451,31.182],[73.444,31.185],[73.444,31.182],[73.451,31.182]],[[73.485,31.182],[73.481,31.175],[73.485,31.175],[73.485,31.182]],[[73.613,31.182],[73.616,31.178],[73.616,31.182],[73.613,31.182]],[[73.606,31.175],[73.599,31.171],[73.606,31.171],[73.606,31.175]],[[73.421,31.175],[73.424,31.182],[73.421,31.182],[73.421,31.175]],[[73.491,31.185],[73.498,31.188],[73.491,31.188],[73.491,31.185]],[[73.478,31.188],[73.481,31.202],[73.464,31.205],[73.464,31.198],[73.478,31.188]],[[73.485,31.202],[73.498,31.209],[73.485,31.205],[73.485,31.202]],[[73.603,31.195],[73.626,31.192],[73.65,31.192],[73.603,31.212],[73.603,31.195]],[[73.508,31.202],[73.505,31.205],[73.505,31.202],[73.508,31.202]],[[73.464,31.219],[73.471,31.212],[73.471,31.219],[73.464,31.219]],[[73.653,31.219],[73.646,31.212],[73.653,31.209],[73.653,31.219]],[[73.66,31.215],[73.667,31.219],[73.667,31.222],[73.663,31.222],[73.66,31.215]],[[73.677,31.198],[73.67,31.195],[73.677,31.195],[73.677,31.198]],[[73.616,31.188],[73.62,31.192],[73.616,31.192],[73.616,31.188]],[[73.542,31.171],[73.549,31.158],[73.552,31.171],[73.542,31.171]],[[73.609,31.148],[73.596,31.158],[73.596,31.148],[73.609,31.148]],[[73.586,31.165],[73.545,31.151],[73.535,31.117],[73.586,31.151],[73.586,31.165]],[[73.586,31.144],[73.579,31.141],[73.586,31.141],[73.586,31.144]],[[73.501,31.117],[73.498,31.124],[73.495,31.117],[73.501,31.117]],[[73.471,31.111],[73.478,31.124],[73.468,31.121],[73.471,31.111]],[[73.478,31.128],[73.481,31.131],[73.478,31.131],[73.478,31.128]],[[73.471,31.131],[73.475,31.134],[73.471,31.134],[73.471,31.131]],[[73.501,31.144],[73.491,31.134],[73.501,31.128],[73.501,31.144]],[[73.518,31.141],[73.522,31.134],[73.525,31.134],[73.518,31.141]],[[73.525,31.131],[73.522,31.128],[73.525,31.128],[73.525,31.131]],[[73.515,31.128],[73.518,31.131],[73.515,31.131],[73.515,31.128]],[[73.481,31.148],[73.488,31.151],[73.481,31.151],[73.481,31.148]],[[73.495,31.151],[73.491,31.148],[73.495,31.148],[73.495,31.151]],[[73.616,31.151],[73.613,31.148],[73.616,31.148],[73.616,31.151]],[[73.427,31.161],[73.431,31.165],[73.427,31.165],[73.427,31.161]],[[73.414,31.121],[73.407,31.117],[73.414,31.117],[73.414,31.121]],[[73.39,31.104],[73.383,31.097],[73.39,31.097],[73.39,31.104]],[[73.444,31.097],[73.441,31.094],[73.444,31.094],[73.444,31.097]],[[73.424,31.074],[73.421,31.07],[73.424,31.07],[73.424,31.074]],[[73.539,31.111],[73.535,31.107],[73.539,31.107],[73.539,31.111]],[[73.906,31.269],[73.899,31.266],[73.906,31.266],[73.906,31.269]],[[73.92,31.266],[73.91,31.256],[73.92,31.259],[73.92,31.266]],[[73.893,31.259],[73.896,31.266],[73.893,31.266],[73.893,31.259]],[[73.977,31.306],[73.98,31.31],[73.977,31.31],[73.977,31.306]],[[73.977,31.313],[73.98,31.316],[73.977,31.316],[73.977,31.313]],[[73.98,31.32],[73.984,31.323],[73.98,31.323],[73.98,31.32]],[[73.987,31.327],[73.994,31.33],[73.987,31.33],[73.987,31.327]],[[74.017,31.333],[74.024,31.343],[74.017,31.347],[74.017,31.333]],[[74.014,31.357],[74.021,31.357],[74.031,31.36],[74.014,31.357]],[[74.044,31.357],[74.041,31.354],[74.044,31.354],[74.044,31.357]]]}},{"type":"Feature","properties":{},"geometry":{"type":"Polygon","coordinates":[[[70.433,31.67],[70.433,31.633],[70.463,31.654],[70.527,31.633],[70.507,31.637],[70.514,31.623],[70.453,31.633],[70.43,31.6],[70.396,31.6],[70.419,31.63],[70.376,31.664],[70.419,31.657],[70.403,31.677],[70.413,31.681],[70.433,31.67]],[[70.413,31.654],[70.409,31.65],[70.413,31.65],[70.413,31.654]],[[70.43,31.637],[70.426,31.633],[70.43,31.633],[70.43,31.637]],[[70.433,31.62],[70.43,31.613],[70.433,31.613],[70.433,31.62]],[[70.484,31.633],[70.487,31.637],[70.484,31.637],[70.484,31.633]],[[70.477,31.637],[70.48,31.64],[70.477,31.64],[70.477,31.637]]]}},{"type":"Feature","properties":{},"geometry":{"type":"Polygon","coordinates":[[[68.585,31.691],[68.622,31.681],[68.626,31.657],[68.568,31.623],[68.551,31.65],[68.585,31.691]]]}},{"type":"Feature","properties":{},"geometry":{"type":"Polygon","coordinates":[[[74.463,31.721],[74.449,31.694],[74.415,31.701],[74.398,31.67],[74.382,31.677],[74.412,31.714],[74.439,31.704],[74.463,31.721]]]}},{"type":"Feature","properties":{},"geometry":{"type":"Polygon","coordinates":[[[74.469,31.721],[74.523,31.714],[74.584,31.617],[74.581,31.606],[74.55,31.61],[74.543,31.64],[74.527,31.64],[74.53,31.681],[74.513,31.687],[74.52,31.674],[74.513,31.674],[74.469,31.721]],[[74.57,31.627],[74.567,31.623],[74.57,31.623],[74.57,31.627]]]}},{"type":"Feature","properties":{},"geometry":{"type":"Polygon","coordinates":[[[73.798,31.711],[73.849,31.724],[73.856,31.684],[73.825,31.687],[73.825,31.714],[73.798,31.701],[73.778,31.708],[73.791,31.738],[73.798,31.711]]]}},{"type":"Feature","properties":{},"geometry":{"type":"Polygon","coordinates":[[[73.785,31.674],[73.795,31.627],[73.748,31.623],[73.748,31.704],[73.768,31.708],[73.751,31.735],[73.768,31.751],[73.771,31.704],[73.795,31.684],[73.808,31.704],[73.815,31.691],[73.785,31.674]],[[73.775,31.664],[73.765,31.67],[73.765,31.664],[73.775,31.664]],[[73.768,31.681],[73.771,31.684],[73.768,31.684],[73.768,31.681]],[[73.775,31.687],[73.765,31.691],[73.765,31.687],[73.775,31.687]],[[73.775,31.647],[73.771,31.644],[73.775,31.644],[73.775,31.647]],[[73.765,31.637],[73.761,31.633],[73.765,31.633],[73.765,31.637]]]}},{"type":"Feature","properties":{},"geometry":{"type":"Polygon","coordinates":[[[74.098,31.765],[74.095,31.785],[74.115,31.758],[74.102,31.724],[74.051,31.718],[74.095,31.738],[74.075,31.762],[74.051,31.745],[74.054,31.762],[74.098,31.765]],[[74.102,31.758],[74.095,31.755],[74.102,31.755],[74.102,31.758]]]}},{"type":"Feature","properties":{},"geometry":{"type":"Polygon","coordinates":[[[72.159,31.674],[72.136,31.623],[72.156,31.606],[72.139,31.6],[72.129,31.617],[72.149,31.66],[72.139,31.687],[72.166,31.704],[72.18,31.768],[72.207,31.789],[72.213,31.775],[72.18,31.745],[72.193,31.724],[72.149,31.687],[72.159,31.674]]]}},{"type":"Feature","properties":{},"geometry":{"type":"Polygon","coordinates":[[[72.905,31.789],[72.925,31.768],[72.888,31.768],[72.881,31.751],[72.861,31.762],[72.905,31.789]]]}},{"type":"Feature","properties":{},"geometry":{"type":"Polygon","coordinates":[[[73.812,31.809],[73.802,31.778],[73.775,31.795],[73.781,31.778],[73.741,31.775],[73.741,31.822],[73.765,31.805],[73.785,31.829],[73.808,31.812],[73.812,31.832],[73.815,31.815],[73.835,31.819],[73.812,31.809]],[[73.788,31.799],[73.795,31.805],[73.788,31.805],[73.788,31.799]]]}},{"type":"Feature","properties":{},"geometry":{"type":"Polygon","coordinates":[[[74.095,31.809],[74.105,31.815],[74.068,31.805],[74.078,31.836],[74.166,31.849],[74.095,31.809]],[[74.132,31.836],[74.135,31.839],[74.132,31.839],[74.132,31.836]]]}},{"type":"Feature","properties":{},"geometry":{"type":"Polygon","coordinates":[[[74.21,31.863],[74.183,31.856],[74.216,31.859],[74.213,31.839],[74.179,31.829],[74.189,31.809],[74.146,31.802],[74.132,31.768],[74.156,31.762],[74.156,31.782],[74.179,31.778],[74.193,31.799],[74.247,31.782],[74.253,31.758],[74.24,31.765],[74.25,31.751],[74.233,31.738],[74.25,31.728],[74.22,31.728],[74.237,31.721],[74.237,31.694],[74.129,31.664],[74.108,31.681],[74.115,31.704],[74.098,31.684],[74.085,31.697],[74.092,31.718],[74.108,31.714],[74.108,31.741],[74.125,31.741],[74.119,31.792],[74.142,31.815],[74.173,31.812],[74.189,31.886],[74.21,31.863]],[[74.186,31.748],[74.23,31.745],[74.233,31.765],[74.22,31.775],[74.206,31.751],[74.196,31.768],[74.166,31.765],[74.186,31.748]],[[74.196,31.775],[74.199,31.778],[74.196,31.778],[74.196,31.775]],[[74.233,31.775],[74.23,31.772],[74.233,31.772],[74.233,31.775]],[[74.176,31.738],[74.173,31.745],[74.173,31.738],[74.176,31.738]],[[74.139,31.735],[74.146,31.741],[74.139,31.738],[74.139,31.735]],[[74.129,31.728],[74.132,31.738],[74.125,31.738],[74.129,31.728]],[[74.152,31.735],[74.146,31.718],[74.162,31.731],[74.152,31.735]],[[74.183,31.691],[74.179,31.724],[74.162,31.711],[74.183,31.691]],[[74.135,31.684],[74.142,31.694],[74.122,31.691],[74.135,31.684]],[[74.135,31.697],[74.149,31.708],[74.142,31.708],[74.135,31.697]],[[74.122,31.697],[74.135,31.704],[74.132,31.714],[74.122,31.697]],[[74.112,31.708],[74.115,31.711],[74.112,31.711],[74.112,31.708]],[[74.139,31.714],[74.132,31.724],[74.129,31.724],[74.129,31.718],[74.139,31.714]],[[74.193,31.718],[74.189,31.714],[74.193,31.714],[74.193,31.718]],[[74.173,31.677],[74.166,31.684],[74.166,31.677],[74.173,31.677]],[[74.196,31.782],[74.199,31.785],[74.196,31.785],[74.196,31.782]]]}},{"type":"Feature","properties":{},"geometry":{"type":"Polygon","coordinates":[[[72.399,31.883],[72.348,31.886],[72.348,31.876],[72.368,31.883],[72.382,31.853],[72.355,31.829],[72.331,31.839],[72.352,31.799],[72.325,31.772],[72.301,31.782],[72.308,31.755],[72.335,31.762],[72.342,31.745],[72.325,31.755],[72.335,31.738],[72.301,31.697],[72.311,31.724],[72.294,31.728],[72.277,31.687],[72.288,31.691],[72.298,31.667],[72.291,31.67],[72.288,31.664],[72.274,31.667],[72.274,31.681],[72.288,31.674],[72.267,31.687],[72.281,31.711],[72.267,31.701],[72.257,31.711],[72.247,31.664],[72.267,31.654],[72.25,31.647],[72.237,31.664],[72.234,31.66],[72.227,31.667],[72.224,31.664],[72.261,31.633],[72.2,31.593],[72.207,31.63],[72.18,31.637],[72.22,31.664],[72.203,31.708],[72.22,31.721],[72.23,31.704],[72.227,31.731],[72.237,31.721],[72.254,31.724],[72.234,31.728],[72.237,31.741],[72.247,31.731],[72.24,31.755],[72.264,31.765],[72.264,31.789],[72.291,31.785],[72.281,31.826],[72.304,31.836],[72.291,31.836],[72.288,31.886],[72.338,31.913],[72.335,31.944],[72.389,31.944],[72.389,31.92],[72.406,31.917],[72.399,31.883]],[[72.321,31.886],[72.325,31.89],[72.321,31.89],[72.321,31.886]],[[72.365,31.89],[72.358,31.903],[72.358,31.89],[72.365,31.89]],[[72.385,31.896],[72.382,31.893],[72.385,31.893],[72.385,31.896]],[[72.395,31.896],[72.392,31.893],[72.395,31.893],[72.395,31.896]],[[72.328,31.893],[72.335,31.896],[72.328,31.896],[72.328,31.893]],[[72.345,31.907],[72.352,31.91],[72.352,31.913],[72.345,31.907]],[[72.385,31.92],[72.375,31.917],[72.385,31.913],[72.385,31.92]],[[72.358,31.92],[72.365,31.927],[72.358,31.927],[72.358,31.92]],[[72.368,31.873],[72.365,31.869],[72.368,31.869],[72.368,31.873]],[[72.355,31.873],[72.352,31.863],[72.362,31.869],[72.355,31.873]],[[72.355,31.846],[72.345,31.859],[72.348,31.846],[72.355,31.846]],[[72.321,31.839],[72.325,31.832],[72.328,31.839],[72.321,31.839]],[[72.331,31.829],[72.328,31.826],[72.331,31.826],[72.331,31.829]],[[72.342,31.819],[72.335,31.812],[72.342,31.815],[72.342,31.819]],[[72.325,31.805],[72.318,31.815],[72.318,31.805],[72.325,31.805]],[[72.294,31.805],[72.298,31.809],[72.294,31.809],[72.294,31.805]],[[72.298,31.802],[72.294,31.799],[72.298,31.799],[72.298,31.802]],[[72.321,31.792],[72.315,31.799],[72.315,31.792],[72.321,31.792]],[[72.301,31.785],[72.298,31.795],[72.298,31.785],[72.301,31.785]],[[72.261,31.762],[72.257,31.758],[72.261,31.758],[72.261,31.762]],[[72.288,31.748],[72.291,31.741],[72.294,31.741],[72.288,31.748]],[[72.264,31.738],[72.261,31.735],[72.264,31.735],[72.264,31.738]],[[72.291,31.728],[72.288,31.724],[72.291,31.724],[72.291,31.728]],[[72.267,31.714],[72.264,31.711],[72.267,31.711],[72.267,31.714]],[[72.24,31.708],[72.244,31.704],[72.247,31.711],[72.24,31.708]],[[72.244,31.694],[72.227,31.674],[72.247,31.684],[72.244,31.694]],[[72.244,31.667],[72.24,31.664],[72.244,31.664],[72.244,31.667]],[[72.227,31.647],[72.22,31.633],[72.23,31.63],[72.227,31.647]],[[72.237,31.64],[72.24,31.637],[72.24,31.64],[72.237,31.64]],[[72.224,31.623],[72.217,31.62],[72.224,31.62],[72.224,31.623]]]}},{"type":"Feature","properties":{},"geometry":{"type":"Polygon","coordinates":[[[73.589,31.933],[73.562,31.95],[73.559,31.93],[73.522,31.913],[73.532,31.893],[73.508,31.883],[73.491,31.896],[73.518,31.9],[73.508,31.923],[73.491,31.917],[73.501,31.937],[73.522,31.944],[73.535,31.927],[73.545,31.95],[73.528,31.954],[73.566,31.954],[73.579,31.974],[73.596,31.967],[73.589,31.933]],[[73.515,31.927],[73.512,31.923],[73.515,31.923],[73.515,31.927]]]}},{"type":"Feature","properties":{},"geometry":{"type":"Polygon","coordinates":[[[72.463,31.984],[72.456,31.96],[72.483,31.971],[72.5,31.944],[72.453,31.883],[72.436,31.896],[72.436,31.994],[72.476,31.998],[72.48,32.018],[72.5,32.008],[72.49,31.981],[72.463,31.984]],[[72.456,31.984],[72.453,31.981],[72.456,31.981],[72.456,31.984]],[[72.46,31.954],[72.449,31.947],[72.46,31.95],[72.46,31.954]]]}},{"type":"Feature","properties":{},"geometry":{"type":"Polygon","coordinates":[[[73.957,31.984],[73.957,32.008],[73.977,32.004],[73.967,32.028],[73.984,32.028],[73.994,31.991],[73.957,31.984]]]}},{"type":"Feature","properties":{},"geometry":{"type":"Polygon","coordinates":[[[73.936,32.072],[73.967,32.045],[73.96,32.031],[73.947,32.055],[73.943,32.031],[73.926,32.035],[73.936,32.072]]]}},{"type":"Feature","properties":{},"geometry":{"type":"Polygon","coordinates":[[[74.931,32.072],[74.864,32.045],[74.867,32.028],[74.85,32.041],[74.881,32.072],[74.894,32.058],[74.904,32.078],[74.931,32.072]]]}},{"type":"Feature","properties":{},"geometry":{"type":"Polygon","coordinates":[[[73.967,32.038],[73.987,32.082],[74.011,32.082],[74.017,32.065],[73.994,32.062],[73.997,32.048],[73.99,32.035],[73.967,32.038]],[[73.984,32.041],[73.987,32.045],[73.984,32.045],[73.984,32.041]],[[73.974,32.045],[73.977,32.048],[73.974,32.048],[73.974,32.045]],[[73.987,32.052],[73.994,32.055],[73.987,32.055],[73.987,32.052]],[[73.997,32.068],[74.001,32.065],[74.001,32.068],[73.997,32.068]]]}},{"type":"Feature","properties":{},"geometry":{"type":"Polygon","coordinates":[[[75.081,32.082],[75.061,32.082],[75.061,32.062],[75.003,32.068],[75.0,32.052],[75.0,32.072],[75.02,32.075],[75.003,32.082],[75.007,32.092],[75.081,32.082]],[[75.054,32.072],[75.051,32.068],[75.054,32.068],[75.054,32.072]]]}},{"type":"Feature","properties":{},"geometry":{"type":"Polygon","coordinates":[[[74.995,32.055],[74.985,32.072],[74.951,32.058],[74.958,32.085],[74.978,32.075],[74.995,32.095],[74.995,32.055]]]}},{"type":"Feature","properties":{},"geometry":{"type":"Polygon","coordinates":[[[71.168,32.068],[71.114,32.065],[71.161,32.099],[71.215,32.109],[71.158,32.082],[71.168,32.068]],[[71.144,32.068],[71.148,32.072],[71.144,32.072],[71.144,32.068]]]}},{"type":"Feature","properties":{},"geometry":{"type":"Polygon","coordinates":[[[69.873,32.112],[69.883,32.099],[69.823,32.062],[69.839,32.048],[69.873,32.068],[69.87,32.048],[69.806,32.004],[69.813,32.031],[69.779,32.068],[69.826,32.095],[69.853,32.085],[69.873,32.112]],[[69.85,32.082],[69.846,32.078],[69.85,32.078],[69.85,32.082]]]}},{"type":"Feature","properties":{},"geometry":{"type":"Polygon","coordinates":[[[72.527,32.105],[72.513,32.078],[72.47,32.095],[72.507,32.122],[72.527,32.105]]]}},{"type":"Feature","properties":{},"geometry":{"type":"Polygon","coordinates":[[[72.288,32.072],[72.271,32.041],[72.284,32.082],[72.264,32.102],[72.294,32.132],[72.288,32.072]]]}},{"type":"Feature","properties":{},"geometry":{"type":"Polygon","coordinates":[[[75.078,32.146],[75.037,32.122],[75.047,32.109],[75.017,32.119],[75.027,32.143],[75.078,32.146]],[[75.03,32.129],[75.027,32.126],[75.03,32.126],[75.03,32.129]]]}},{"type":"Feature","properties":{},"geometry":{"type":"Polygon","coordinates":[[[74.746,32.17],[74.742,32.119],[74.712,32.116],[74.712,32.136],[74.746,32.17]]]}},{"type":"Feature","properties":{},"geometry":{"type":"Polygon","coordinates":[[[70.672,32.17],[70.716,32.17],[70.726,32.159],[70.682,32.149],[70.672,32.17]]]}},{"type":"Feature","properties":{},"geometry":{"type":"Polygon","coordinates":[[[74.908,32.21],[74.897,32.176],[74.918,32.176],[74.904,32.159],[74.921,32.149],[74.904,32.143],[74.857,32.183],[74.908,32.21]]]}},{"type":"Feature","properties":{},"geometry":{"type":"Polygon","coordinates":[[[74.024,32.173],[74.041,32.19],[74.034,32.227],[74.071,32.227],[74.041,32.156],[74.024,32.173]]]}},{"type":"Feature","properties":{},"geometry":{"type":"Polygon","coordinates":[[[75.057,32.237],[75.04,32.22],[75.088,32.213],[75.047,32.213],[75.047,32.193],[75.02,32.2],[75.044,32.2],[75.034,32.227],[75.057,32.237]]]}},{"type":"Feature","properties":{},"geometry":{"type":"Polygon","coordinates":[[[74.938,32.237],[74.972,32.24],[74.962,32.23],[74.968,32.227],[74.989,32.244],[74.995,32.227],[74.945,32.207],[74.938,32.237]],[[74.951,32.234],[74.948,32.227],[74.951,32.227],[74.951,32.234]],[[74.958,32.223],[74.945,32.217],[74.962,32.213],[74.958,32.223]]]}},{"type":"Feature","properties":{},"geometry":{"type":"Polygon","coordinates":[[[75.361,32.22],[75.303,32.197],[75.293,32.19],[75.314,32.193],[75.317,32.17],[75.263,32.136],[75.273,32.112],[75.256,32.102],[75.246,32.119],[75.253,32.095],[75.219,32.099],[75.216,32.119],[75.196,32.105],[75.199,32.085],[75.152,32.102],[75.165,32.072],[75.155,32.065],[75.125,32.089],[75.145,32.085],[75.132,32.105],[75.175,32.129],[75.105,32.105],[75.118,32.159],[75.142,32.18],[75.179,32.129],[75.202,32.149],[75.219,32.146],[75.212,32.126],[75.253,32.129],[75.26,32.17],[75.219,32.153],[75.216,32.18],[75.202,32.153],[75.169,32.163],[75.158,32.217],[75.199,32.2],[75.199,32.217],[75.314,32.25],[75.33,32.284],[75.351,32.284],[75.374,32.261],[75.361,32.25],[75.374,32.237],[75.374,32.223],[75.357,32.237],[75.361,32.22]],[[75.277,32.193],[75.28,32.2],[75.277,32.2],[75.277,32.193]],[[75.26,32.193],[75.266,32.197],[75.26,32.197],[75.26,32.193]],[[75.223,32.186],[75.219,32.197],[75.219,32.186],[75.223,32.186]],[[75.246,32.186],[75.26,32.173],[75.266,32.176],[75.26,32.183],[75.246,32.186]],[[75.189,32.17],[75.199,32.197],[75.175,32.176],[75.189,32.17]],[[75.236,32.183],[75.233,32.18],[75.236,32.18],[75.236,32.183]],[[75.273,32.18],[75.27,32.176],[75.273,32.176],[75.273,32.18]],[[75.236,32.207],[75.239,32.213],[75.233,32.213],[75.236,32.207]],[[75.307,32.213],[75.31,32.217],[75.307,32.217],[75.307,32.213]],[[75.307,32.22],[75.31,32.223],[75.307,32.223],[75.307,32.22]],[[75.337,32.234],[75.347,32.237],[75.337,32.237],[75.337,32.234]],[[75.293,32.237],[75.297,32.24],[75.293,32.24],[75.293,32.237]],[[75.357,32.261],[75.361,32.264],[75.357,32.264],[75.357,32.261]],[[75.172,32.203],[75.175,32.207],[75.172,32.207],[75.172,32.203]],[[75.236,32.17],[75.233,32.166],[75.236,32.166],[75.236,32.17]],[[75.121,32.132],[75.125,32.136],[75.121,32.136],[75.121,32.132]],[[75.138,32.136],[75.132,32.146],[75.132,32.136],[75.138,32.136]],[[75.142,32.156],[75.138,32.163],[75.135,32.156],[75.142,32.156]],[[75.243,32.122],[75.236,32.119],[75.243,32.119],[75.243,32.122]],[[75.182,32.119],[75.179,32.116],[75.182,32.116],[75.182,32.119]],[[75.182,32.109],[75.179,32.102],[75.185,32.109],[75.182,32.109]],[[75.165,32.102],[75.175,32.105],[75.165,32.105],[75.165,32.102]],[[75.145,32.082],[75.142,32.078],[75.145,32.078],[75.145,32.082]],[[75.246,32.109],[75.233,32.105],[75.243,32.102],[75.246,32.109]],[[75.229,32.112],[75.233,32.116],[75.229,32.116],[75.229,32.112]]]}},{"type":"Feature","properties":{},"geometry":{"type":"Polygon","coordinates":[[[70.5,32.291],[70.521,32.284],[70.48,32.25],[70.47,32.274],[70.497,32.271],[70.49,32.308],[70.507,32.304],[70.5,32.291]]]}},{"type":"Feature","properties":{},"geometry":{"type":"Polygon","coordinates":[[[71.34,32.318],[71.35,32.271],[71.286,32.203],[71.262,32.203],[71.269,32.223],[71.283,32.217],[71.279,32.237],[71.32,32.25],[71.34,32.318]]]}},{"type":"Feature","properties":{},"geometry":{"type":"Polygon","coordinates":[[[75.179,32.315],[75.145,32.271],[75.132,32.271],[75.148,32.315],[75.179,32.315]],[[75.152,32.298],[75.145,32.291],[75.152,32.291],[75.152,32.298]]]}},{"type":"Feature","properties":{},"geometry":{"type":"Polygon","coordinates":[[[72.594,32.335],[72.611,32.331],[72.608,32.298],[72.588,32.318],[72.564,32.311],[72.594,32.335]],[[72.591,32.325],[72.588,32.321],[72.591,32.321],[72.591,32.325]],[[72.601,32.321],[72.598,32.318],[72.601,32.318],[72.601,32.321]]]}},{"type":"Feature","properties":{},"geometry":{"type":"Polygon","coordinates":[[[74.945,32.352],[74.951,32.321],[74.941,32.294],[74.908,32.281],[74.918,32.271],[74.894,32.244],[74.894,32.277],[74.945,32.352]],[[74.941,32.325],[74.938,32.318],[74.945,32.318],[74.941,32.325]]]}},{"type":"Feature","properties":{},"geometry":{"type":"Polygon","coordinates":[[[71.397,32.348],[71.37,32.318],[71.34,32.318],[71.364,32.328],[71.347,32.335],[71.357,32.345],[71.397,32.348]]]}},{"type":"Feature","properties":{},"geometry":{"type":"Polygon","coordinates":[[[72.716,32.368],[72.719,32.335],[72.685,32.308],[72.685,32.355],[72.716,32.368]]]}},{"type":"Feature","properties":{},"geometry":{"type":"Polygon","coordinates":[[[71.856,32.392],[71.886,32.395],[71.89,32.365],[71.917,32.365],[71.923,32.345],[71.913,32.358],[71.836,32.352],[71.802,32.382],[71.815,32.406],[71.846,32.412],[71.856,32.392]],[[71.826,32.395],[71.829,32.399],[71.826,32.399],[71.826,32.395]],[[71.853,32.379],[71.846,32.379],[71.842,32.375],[71.853,32.379]],[[71.836,32.379],[71.839,32.382],[71.836,32.382],[71.836,32.379]],[[71.853,32.362],[71.849,32.358],[71.853,32.358],[71.853,32.362]]]}},{"type":"Feature","properties":{},"geometry":{"type":"Polygon","coordinates":[[[74.361,32.389],[74.398,32.409],[74.419,32.412],[74.439,32.409],[74.361,32.389]]]}},{"type":"Feature","properties":{},"geometry":{"type":"Polygon","coordinates":[[[73.508,32.406],[73.495,32.409],[73.481,32.402],[73.475,32.412],[73.505,32.429],[73.525,32.402],[73.495,32.382],[73.508,32.406]]]}},{"type":"Feature","properties":{},"geometry":{"type":"Polygon","coordinates":[[[71.397,32.395],[71.401,32.365],[71.33,32.335],[71.316,32.271],[71.246,32.2],[71.279,32.186],[71.262,32.159],[71.236,32.149],[71.256,32.146],[71.225,32.129],[71.232,32.143],[71.225,32.156],[71.188,32.109],[71.178,32.122],[71.091,32.072],[71.04,32.021],[71.05,31.998],[71.02,31.994],[71.03,31.984],[71.003,31.957],[71.003,31.94],[71.016,31.967],[71.04,31.944],[71.037,31.991],[71.074,32.004],[71.047,31.93],[71.006,31.903],[70.976,31.846],[70.959,31.762],[70.939,31.815],[70.949,31.846],[70.932,31.846],[70.959,31.876],[70.959,31.893],[70.932,31.866],[70.929,31.856],[70.932,31.812],[70.942,31.805],[70.935,31.789],[70.946,31.775],[70.939,31.711],[70.946,31.704],[70.908,31.647],[70.871,31.65],[70.851,31.613],[70.871,31.644],[70.929,31.644],[70.915,31.647],[70.925,31.67],[70.949,31.647],[70.915,31.61],[70.902,31.633],[70.895,31.61],[70.851,31.61],[70.824,31.556],[70.854,31.586],[70.858,31.549],[70.838,31.529],[70.814,31.539],[70.79,31.441],[70.817,31.448],[70.824,31.512],[70.854,31.522],[70.865,31.556],[70.878,31.563],[70.878,31.512],[70.838,31.434],[70.858,31.364],[70.831,31.441],[70.817,31.418],[70.834,31.357],[70.817,31.347],[70.824,31.33],[70.861,31.347],[70.861,31.31],[70.838,31.279],[70.848,31.259],[70.881,31.256],[70.868,31.141],[70.905,31.134],[70.905,31.111],[70.871,31.067],[70.885,31.043],[70.912,31.04],[70.902,31.003],[70.925,31.003],[70.905,30.986],[70.919,30.972],[70.922,30.952],[70.888,30.912],[70.898,30.885],[70.881,30.858],[70.902,30.821],[70.881,30.801],[70.902,30.79],[70.892,30.774],[70.885,30.774],[70.892,30.787],[70.875,30.797],[70.881,30.77],[70.888,30.767],[70.861,30.73],[70.892,30.689],[70.868,30.693],[70.875,30.629],[70.902,30.642],[70.898,30.659],[70.919,30.656],[70.915,30.696],[70.895,30.709],[70.898,30.73],[70.902,30.716],[70.919,30.726],[70.925,30.662],[70.942,30.672],[70.942,30.642],[70.915,30.615],[70.932,30.541],[70.865,30.507],[70.881,30.544],[70.868,30.531],[70.827,30.541],[70.814,30.581],[70.824,30.635],[70.801,30.608],[70.79,30.669],[70.77,30.666],[70.78,30.598],[70.804,30.585],[70.817,30.534],[70.794,30.568],[70.77,30.561],[70.736,30.571],[70.77,30.585],[70.743,30.598],[70.763,30.625],[70.736,30.635],[70.74,30.672],[70.774,30.676],[70.801,30.757],[70.794,30.76],[70.784,30.757],[70.794,30.747],[70.767,30.699],[70.736,30.703],[70.736,30.723],[70.72,30.713],[70.696,30.74],[70.713,30.747],[70.706,30.814],[70.686,30.821],[70.676,30.794],[70.649,30.831],[70.645,30.868],[70.659,30.858],[70.662,30.871],[70.666,30.854],[70.676,30.848],[70.682,30.875],[70.709,30.885],[70.699,30.942],[70.662,30.966],[70.679,31.006],[70.656,31.01],[70.679,31.03],[70.662,31.047],[70.676,31.111],[70.662,31.104],[70.659,31.121],[70.703,31.131],[70.713,31.114],[70.699,31.107],[70.72,31.097],[70.716,31.131],[70.75,31.124],[70.733,31.148],[70.753,31.144],[70.736,31.155],[70.753,31.178],[70.72,31.188],[70.73,31.246],[70.669,31.219],[70.669,31.192],[70.618,31.215],[70.615,31.188],[70.541,31.188],[70.598,31.182],[70.558,31.161],[70.504,31.165],[70.5,31.178],[70.538,31.182],[70.531,31.205],[70.49,31.202],[70.494,31.219],[70.47,31.212],[70.457,31.239],[70.436,31.239],[70.484,31.256],[70.453,31.252],[70.484,31.262],[70.463,31.276],[70.521,31.259],[70.5,31.286],[70.548,31.279],[70.585,31.303],[70.585,31.333],[70.595,31.327],[70.598,31.333],[70.581,31.34],[70.602,31.354],[70.585,31.367],[70.602,31.367],[70.605,31.391],[70.618,31.374],[70.598,31.31],[70.645,31.323],[70.659,31.303],[70.669,31.333],[70.645,31.35],[70.693,31.34],[70.682,31.357],[70.709,31.37],[70.703,31.387],[70.72,31.38],[70.72,31.404],[70.656,31.434],[70.672,31.461],[70.639,31.465],[70.676,31.468],[70.669,31.488],[70.686,31.492],[70.662,31.515],[70.686,31.519],[70.693,31.546],[70.625,31.556],[70.622,31.576],[70.635,31.586],[70.629,31.566],[70.649,31.566],[70.652,31.586],[70.591,31.613],[70.615,31.593],[70.605,31.461],[70.625,31.411],[70.571,31.428],[70.598,31.445],[70.585,31.502],[70.598,31.546],[70.578,31.566],[70.571,31.552],[70.564,31.576],[70.548,31.569],[70.521,31.576],[70.571,31.593],[70.575,31.62],[70.527,31.64],[70.541,31.657],[70.5,31.657],[70.47,31.687],[70.44,31.667],[70.457,31.684],[70.446,31.697],[70.463,31.691],[70.457,31.718],[70.386,31.718],[70.376,31.735],[70.399,31.748],[70.49,31.738],[70.524,31.755],[70.517,31.775],[70.497,31.762],[70.494,31.782],[70.544,31.809],[70.521,31.826],[70.484,31.812],[70.477,31.853],[70.5,31.826],[70.511,31.853],[70.47,31.869],[70.46,31.9],[70.44,31.873],[70.419,31.869],[70.416,31.849],[70.436,31.836],[70.409,31.809],[70.389,31.836],[70.352,31.832],[70.382,31.866],[70.342,31.873],[70.359,31.849],[70.308,31.859],[70.308,31.89],[70.332,31.92],[70.359,31.89],[70.379,31.923],[70.349,31.954],[70.325,31.95],[70.345,31.967],[70.332,31.981],[70.339,32.001],[70.298,32.004],[70.318,32.058],[70.349,32.048],[70.345,32.035],[70.362,32.048],[70.312,32.068],[70.362,32.085],[70.322,32.102],[70.359,32.105],[70.366,32.122],[70.318,32.116],[70.332,32.126],[70.301,32.136],[70.379,32.136],[70.372,32.116],[70.423,32.099],[70.467,32.109],[70.457,32.132],[70.406,32.132],[70.446,32.159],[70.453,32.139],[70.48,32.139],[70.47,32.126],[70.494,32.122],[70.497,32.139],[70.521,32.116],[70.544,32.156],[70.521,32.153],[70.527,32.146],[70.524,32.132],[70.497,32.143],[70.5,32.176],[70.473,32.18],[70.473,32.156],[70.463,32.153],[70.443,32.176],[70.46,32.173],[70.457,32.193],[70.406,32.217],[70.416,32.24],[70.487,32.237],[70.497,32.257],[70.507,32.244],[70.45,32.207],[70.477,32.2],[70.46,32.186],[70.531,32.18],[70.514,32.156],[70.541,32.159],[70.544,32.203],[70.564,32.21],[70.521,32.247],[70.578,32.267],[70.534,32.288],[70.534,32.338],[70.571,32.342],[70.571,32.308],[70.608,32.291],[70.595,32.271],[70.629,32.254],[70.622,32.22],[70.598,32.207],[70.588,32.223],[70.588,32.203],[70.625,32.166],[70.656,32.163],[70.659,32.129],[70.699,32.129],[70.693,32.116],[70.716,32.095],[70.699,32.075],[70.743,32.021],[70.736,32.008],[70.672,32.038],[70.682,32.021],[70.666,32.035],[70.659,32.008],[70.632,32.018],[70.612,32.001],[70.649,31.994],[70.629,31.987],[70.632,31.971],[70.676,31.974],[70.693,31.93],[70.706,31.96],[70.686,31.974],[70.723,31.964],[70.736,31.987],[70.77,31.991],[70.794,31.974],[70.774,31.957],[70.794,31.927],[70.804,31.947],[70.79,31.96],[70.811,31.977],[70.743,32.018],[70.77,32.025],[70.811,32.018],[70.827,32.001],[70.804,31.987],[70.827,31.991],[70.838,32.014],[70.814,32.025],[70.827,32.045],[70.875,32.031],[70.858,32.058],[70.868,32.078],[70.834,32.078],[70.834,32.089],[70.865,32.092],[70.881,32.075],[70.952,32.105],[71.01,32.102],[70.969,32.041],[70.989,32.028],[70.983,32.001],[71.013,31.987],[70.993,32.008],[71.016,32.014],[71.023,31.998],[71.074,32.085],[71.114,32.095],[71.148,32.132],[71.198,32.139],[71.229,32.247],[71.286,32.277],[71.296,32.331],[71.37,32.362],[71.354,32.372],[71.367,32.449],[71.397,32.395]],[[71.391,32.395],[71.377,32.406],[71.384,32.392],[71.391,32.395]],[[71.391,32.389],[71.387,32.382],[71.391,32.382],[71.391,32.389]],[[71.387,32.375],[71.384,32.368],[71.387,32.368],[71.387,32.375]],[[71.249,32.223],[71.239,32.23],[71.236,32.22],[71.249,32.223]],[[71.249,32.173],[71.229,32.173],[71.262,32.17],[71.249,32.173]],[[70.878,31.984],[70.875,31.991],[70.871,31.984],[70.878,31.984]],[[70.844,31.984],[70.851,31.981],[70.844,31.987],[70.844,31.984]],[[70.878,32.004],[70.885,32.011],[70.871,32.011],[70.878,32.004]],[[70.865,32.011],[70.871,32.018],[70.861,32.018],[70.865,32.011]],[[70.844,32.028],[70.848,32.025],[70.851,32.028],[70.844,32.028]],[[70.912,32.025],[70.908,32.021],[70.912,32.021],[70.912,32.025]],[[70.912,32.028],[70.915,32.048],[70.902,32.048],[70.895,32.035],[70.912,32.028]],[[70.861,32.082],[70.868,32.085],[70.861,32.085],[70.861,32.082]],[[70.851,31.977],[70.841,31.974],[70.851,31.974],[70.851,31.977]],[[70.989,31.971],[70.972,31.967],[70.983,31.96],[70.989,31.971]],[[70.929,31.957],[70.932,31.964],[70.929,31.964],[70.929,31.957]],[[70.865,31.94],[70.908,31.944],[70.905,31.967],[70.888,31.954],[70.861,31.967],[70.865,31.94]],[[70.851,31.93],[70.838,31.967],[70.831,31.96],[70.838,31.937],[70.811,31.94],[70.821,31.927],[70.804,31.923],[70.811,31.903],[70.78,31.9],[70.76,31.917],[70.777,31.92],[70.77,31.96],[70.736,31.954],[70.73,31.964],[70.716,31.947],[70.757,31.93],[70.72,31.93],[70.72,31.907],[70.743,31.917],[70.757,31.896],[70.753,31.866],[70.733,31.856],[70.811,31.836],[70.801,31.869],[70.78,31.876],[70.817,31.88],[70.858,31.738],[70.888,31.775],[70.915,31.735],[70.929,31.762],[70.912,31.762],[70.908,31.799],[70.929,31.886],[70.865,31.876],[70.875,31.9],[70.851,31.896],[70.854,31.923],[70.827,31.917],[70.834,31.933],[70.851,31.93]],[[70.881,31.917],[70.935,31.89],[70.946,31.933],[70.966,31.93],[70.969,31.947],[70.929,31.94],[70.925,31.923],[70.888,31.94],[70.881,31.917]],[[70.865,31.92],[70.868,31.923],[70.865,31.923],[70.865,31.92]],[[70.844,31.923],[70.848,31.927],[70.844,31.927],[70.844,31.923]],[[70.834,31.923],[70.838,31.927],[70.834,31.927],[70.834,31.923]],[[70.878,31.923],[70.871,31.92],[70.878,31.92],[70.878,31.923]],[[70.865,31.927],[70.871,31.93],[70.865,31.93],[70.865,31.927]],[[70.919,31.947],[70.915,31.937],[70.925,31.937],[70.919,31.947]],[[71.033,31.94],[71.023,31.937],[71.033,31.937],[71.033,31.94]],[[70.959,31.9],[71.013,31.933],[70.983,31.933],[70.959,31.9]],[[70.976,31.896],[70.966,31.89],[70.976,31.89],[70.976,31.896]],[[70.895,31.896],[70.898,31.9],[70.895,31.9],[70.895,31.896]],[[70.878,31.907],[70.885,31.913],[70.875,31.913],[70.878,31.907]],[[70.861,31.91],[70.865,31.913],[70.861,31.913],[70.861,31.91]],[[70.858,31.903],[70.854,31.9],[70.858,31.9],[70.858,31.903]],[[70.932,31.809],[70.925,31.802],[70.932,31.805],[70.932,31.809]],[[70.932,31.789],[70.929,31.785],[70.932,31.785],[70.932,31.789]],[[70.935,31.765],[70.925,31.782],[70.929,31.765],[70.935,31.765]],[[70.881,31.738],[70.875,31.731],[70.881,31.735],[70.881,31.738]],[[70.902,31.711],[70.892,31.728],[70.885,31.711],[70.902,31.711]],[[70.733,31.768],[70.747,31.789],[70.713,31.795],[70.733,31.809],[70.713,31.832],[70.723,31.849],[70.686,31.815],[70.669,31.826],[70.672,31.809],[70.696,31.812],[70.706,31.795],[70.679,31.799],[70.699,31.782],[70.672,31.778],[70.686,31.762],[70.676,31.762],[70.659,31.735],[70.672,31.728],[70.676,31.755],[70.682,31.755],[70.699,31.731],[70.672,31.724],[70.689,31.708],[70.656,31.691],[70.642,31.664],[70.656,31.66],[70.622,31.654],[70.605,31.637],[70.615,31.623],[70.602,31.627],[70.605,31.617],[70.645,31.62],[70.635,31.613],[70.645,31.603],[70.652,31.62],[70.672,31.617],[70.659,31.657],[70.676,31.657],[70.696,31.623],[70.689,31.596],[70.73,31.563],[70.763,31.583],[70.736,31.59],[70.763,31.596],[70.75,31.617],[70.77,31.62],[70.777,31.61],[70.79,31.613],[70.804,31.603],[70.784,31.627],[70.841,31.62],[70.801,31.633],[70.804,31.65],[70.787,31.63],[70.777,31.654],[70.811,31.654],[70.824,31.67],[70.787,31.674],[70.777,31.687],[70.817,31.694],[70.801,31.701],[70.801,31.711],[70.824,31.711],[70.827,31.691],[70.848,31.697],[70.817,31.718],[70.844,31.714],[70.838,31.731],[70.733,31.768]],[[70.827,31.775],[70.831,31.768],[70.834,31.775],[70.827,31.775]],[[70.821,31.782],[70.831,31.778],[70.831,31.785],[70.821,31.782]],[[70.757,31.778],[70.753,31.785],[70.75,31.785],[70.75,31.782],[70.757,31.778]],[[70.807,31.782],[70.804,31.778],[70.807,31.778],[70.807,31.782]],[[70.753,31.789],[70.76,31.799],[70.753,31.799],[70.753,31.789]],[[70.74,31.799],[70.743,31.802],[70.74,31.802],[70.74,31.799]],[[70.78,31.799],[70.804,31.795],[70.807,31.819],[70.78,31.822],[70.78,31.799]],[[70.743,31.805],[70.747,31.809],[70.743,31.809],[70.743,31.805]],[[70.747,31.812],[70.743,31.822],[70.743,31.812],[70.747,31.812]],[[70.726,31.819],[70.743,31.832],[70.733,31.839],[70.726,31.819]],[[70.723,31.836],[70.73,31.839],[70.723,31.839],[70.723,31.836]],[[70.74,31.842],[70.747,31.836],[70.747,31.842],[70.74,31.842]],[[70.794,31.792],[70.787,31.789],[70.794,31.789],[70.794,31.792]],[[70.844,31.775],[70.838,31.768],[70.841,31.768],[70.844,31.775]],[[70.831,31.765],[70.827,31.762],[70.831,31.762],[70.831,31.765]],[[70.841,31.748],[70.848,31.738],[70.848,31.748],[70.841,31.748]],[[70.824,31.738],[70.831,31.741],[70.824,31.741],[70.824,31.738]],[[70.858,31.731],[70.854,31.728],[70.858,31.728],[70.858,31.731]],[[70.892,31.697],[70.895,31.694],[70.895,31.697],[70.892,31.697]],[[70.885,31.687],[70.875,31.674],[70.881,31.654],[70.895,31.667],[70.885,31.687]],[[70.797,31.677],[70.801,31.681],[70.797,31.681],[70.797,31.677]],[[70.821,31.681],[70.824,31.687],[70.821,31.687],[70.821,31.681]],[[70.827,31.606],[70.817,31.603],[70.807,31.59],[70.827,31.606]],[[70.811,31.552],[70.777,31.593],[70.797,31.539],[70.811,31.552]],[[70.824,31.552],[70.821,31.549],[70.824,31.549],[70.824,31.552]],[[70.757,31.552],[70.767,31.559],[70.757,31.559],[70.757,31.552]],[[70.736,31.556],[70.74,31.559],[70.736,31.559],[70.736,31.556]],[[70.784,31.603],[70.797,31.606],[70.784,31.606],[70.784,31.603]],[[70.662,31.573],[70.666,31.576],[70.662,31.576],[70.662,31.573]],[[70.588,31.647],[70.581,31.66],[70.578,31.66],[70.578,31.654],[70.588,31.647]],[[70.575,31.657],[70.568,31.691],[70.551,31.697],[70.575,31.657]],[[70.622,31.691],[70.635,31.67],[70.639,31.681],[70.622,31.691]],[[70.581,31.684],[70.585,31.687],[70.581,31.687],[70.581,31.684]],[[70.612,31.711],[70.561,31.714],[70.527,31.731],[70.578,31.691],[70.612,31.711]],[[70.649,31.694],[70.645,31.691],[70.649,31.691],[70.649,31.694]],[[70.477,31.697],[70.48,31.701],[70.477,31.701],[70.477,31.697]],[[70.544,31.697],[70.541,31.694],[70.544,31.694],[70.544,31.697]],[[70.473,31.704],[70.48,31.708],[70.473,31.708],[70.473,31.704]],[[70.548,31.708],[70.544,31.704],[70.548,31.704],[70.548,31.708]],[[70.49,31.724],[70.497,31.728],[70.497,31.731],[70.494,31.731],[70.49,31.724]],[[70.511,31.731],[70.517,31.735],[70.511,31.735],[70.511,31.731]],[[70.659,31.728],[70.649,31.724],[70.649,31.721],[70.656,31.721],[70.659,31.728]],[[70.635,31.721],[70.639,31.724],[70.635,31.724],[70.635,31.721]],[[70.588,31.724],[70.595,31.728],[70.588,31.728],[70.588,31.724]],[[70.595,31.664],[70.588,31.66],[70.595,31.66],[70.595,31.664]],[[70.639,31.66],[70.632,31.657],[70.639,31.657],[70.639,31.66]],[[70.541,31.66],[70.544,31.664],[70.541,31.664],[70.541,31.66]],[[70.548,31.677],[70.551,31.681],[70.548,31.681],[70.548,31.677]],[[70.48,31.681],[70.484,31.684],[70.48,31.684],[70.48,31.681]],[[70.47,31.691],[70.477,31.694],[70.47,31.694],[70.47,31.691]],[[70.564,31.735],[70.571,31.738],[70.564,31.738],[70.564,31.735]],[[70.541,31.738],[70.551,31.748],[70.544,31.748],[70.541,31.738]],[[70.554,31.745],[70.564,31.755],[70.554,31.755],[70.554,31.745]],[[70.615,31.792],[70.629,31.799],[70.595,31.809],[70.568,31.849],[70.551,31.805],[70.571,31.795],[70.548,31.778],[70.585,31.762],[70.598,31.795],[70.591,31.745],[70.615,31.741],[70.615,31.775],[70.632,31.775],[70.615,31.792]],[[70.645,31.772],[70.639,31.768],[70.645,31.768],[70.645,31.772]],[[70.656,31.765],[70.645,31.755],[70.656,31.755],[70.656,31.765]],[[70.662,31.748],[70.656,31.751],[70.656,31.748],[70.662,31.748]],[[70.642,31.748],[70.645,31.751],[70.642,31.751],[70.642,31.748]],[[70.625,31.748],[70.629,31.751],[70.625,31.751],[70.625,31.748]],[[70.622,31.758],[70.629,31.762],[70.622,31.762],[70.622,31.758]],[[70.639,31.745],[70.632,31.741],[70.639,31.741],[70.639,31.745]],[[70.571,31.741],[70.575,31.745],[70.571,31.745],[70.571,31.741]],[[70.531,31.755],[70.534,31.762],[70.527,31.755],[70.531,31.755]],[[70.534,31.822],[70.544,31.829],[70.534,31.826],[70.534,31.822]],[[70.517,31.829],[70.524,31.836],[70.521,31.836],[70.517,31.829]],[[70.527,31.839],[70.531,31.849],[70.527,31.849],[70.527,31.839]],[[70.521,31.849],[70.524,31.853],[70.521,31.853],[70.521,31.849]],[[70.639,31.849],[70.649,31.863],[70.632,31.863],[70.639,31.849]],[[70.733,31.853],[70.73,31.849],[70.733,31.849],[70.733,31.853]],[[70.74,31.849],[70.736,31.846],[70.74,31.846],[70.74,31.849]],[[70.548,31.859],[70.544,31.856],[70.548,31.853],[70.548,31.859]],[[70.561,31.859],[70.558,31.856],[70.561,31.856],[70.561,31.859]],[[70.561,31.863],[70.564,31.866],[70.561,31.866],[70.561,31.863]],[[70.622,31.866],[70.618,31.863],[70.622,31.863],[70.622,31.866]],[[70.622,31.849],[70.615,31.846],[70.622,31.846],[70.622,31.849]],[[70.605,31.849],[70.595,31.846],[70.595,31.842],[70.602,31.842],[70.605,31.849]],[[70.652,31.829],[70.656,31.819],[70.659,31.819],[70.659,31.826],[70.652,31.829]],[[70.639,31.815],[70.635,31.829],[70.629,31.819],[70.639,31.815]],[[70.602,31.815],[70.608,31.826],[70.598,31.822],[70.602,31.815]],[[70.693,31.805],[70.689,31.802],[70.693,31.802],[70.693,31.805]],[[70.615,31.738],[70.612,31.735],[70.615,31.735],[70.615,31.738]],[[70.888,31.738],[70.902,31.745],[70.888,31.741],[70.888,31.738]],[[70.892,31.751],[70.895,31.755],[70.892,31.755],[70.892,31.751]],[[70.618,31.893],[70.602,31.903],[70.591,31.886],[70.575,31.89],[70.568,31.873],[70.595,31.886],[70.639,31.866],[70.635,31.883],[70.605,31.883],[70.618,31.893]],[[70.676,31.89],[70.666,31.886],[70.676,31.886],[70.676,31.89]],[[70.73,31.893],[70.74,31.896],[70.73,31.9],[70.73,31.893]],[[70.656,31.903],[70.679,31.893],[70.679,31.903],[70.656,31.903]],[[70.406,31.896],[70.409,31.913],[70.389,31.896],[70.406,31.896]],[[70.433,31.876],[70.409,31.886],[70.369,31.883],[70.433,31.876]],[[70.335,31.893],[70.318,31.886],[70.332,31.883],[70.335,31.893]],[[70.443,31.917],[70.436,31.91],[70.443,31.907],[70.443,31.917]],[[70.386,31.917],[70.393,31.923],[70.386,31.92],[70.386,31.917]],[[70.423,31.923],[70.419,31.917],[70.423,31.917],[70.423,31.923]],[[70.45,31.923],[70.47,31.91],[70.48,31.92],[70.47,31.944],[70.45,31.923]],[[70.44,31.923],[70.436,31.927],[70.436,31.923],[70.44,31.923]],[[70.406,31.937],[70.413,31.944],[70.403,31.944],[70.406,31.937]],[[70.379,31.95],[70.382,31.944],[70.382,31.95],[70.379,31.95]],[[70.585,31.947],[70.629,31.907],[70.676,31.917],[70.703,31.9],[70.686,31.933],[70.669,31.92],[70.642,31.927],[70.622,31.96],[70.608,31.94],[70.598,31.971],[70.585,31.947]],[[70.389,31.954],[70.396,31.96],[70.389,31.96],[70.389,31.954]],[[70.527,31.96],[70.531,31.954],[70.531,31.96],[70.527,31.96]],[[70.443,31.96],[70.446,31.964],[70.443,31.964],[70.443,31.96]],[[70.436,31.964],[70.443,31.967],[70.443,31.971],[70.44,31.971],[70.436,31.964]],[[70.581,31.96],[70.578,31.987],[70.558,31.987],[70.558,31.967],[70.581,31.96]],[[70.45,31.967],[70.457,31.974],[70.45,31.971],[70.45,31.967]],[[70.436,32.004],[70.45,31.994],[70.45,32.008],[70.413,32.008],[70.393,32.031],[70.43,31.971],[70.436,32.004]],[[70.585,31.991],[70.571,32.001],[70.575,31.994],[70.585,31.991]],[[70.544,31.984],[70.548,31.977],[70.551,31.977],[70.551,31.981],[70.544,31.984]],[[70.538,31.981],[70.541,31.984],[70.538,31.984],[70.538,31.981]],[[70.453,31.981],[70.446,31.977],[70.446,31.974],[70.45,31.974],[70.453,31.981]],[[70.551,31.974],[70.548,31.971],[70.551,31.971],[70.551,31.974]],[[70.443,31.974],[70.44,31.981],[70.436,31.974],[70.443,31.974]],[[70.339,31.987],[70.342,31.991],[70.339,31.991],[70.339,31.987]],[[70.308,32.008],[70.312,32.011],[70.308,32.011],[70.308,32.008]],[[70.376,32.014],[70.372,32.008],[70.376,32.008],[70.376,32.014]],[[70.386,32.014],[70.382,32.011],[70.386,32.011],[70.386,32.014]],[[70.315,32.011],[70.318,32.014],[70.315,32.014],[70.315,32.011]],[[70.369,32.014],[70.366,32.011],[70.369,32.011],[70.369,32.014]],[[70.419,32.035],[70.423,32.028],[70.43,32.028],[70.419,32.035]],[[70.342,32.035],[70.322,32.048],[70.322,32.038],[70.342,32.035]],[[70.541,32.048],[70.568,32.018],[70.568,32.038],[70.541,32.048]],[[70.389,32.045],[70.403,32.072],[70.369,32.068],[70.389,32.052],[70.379,32.041],[70.389,32.045]],[[70.349,32.065],[70.352,32.068],[70.349,32.068],[70.349,32.065]],[[70.339,32.072],[70.352,32.075],[70.339,32.075],[70.339,32.072]],[[70.48,32.089],[70.49,32.072],[70.504,32.082],[70.48,32.089]],[[70.389,32.078],[70.393,32.082],[70.389,32.082],[70.389,32.078]],[[70.366,32.082],[70.372,32.085],[70.366,32.085],[70.366,32.082]],[[70.403,32.085],[70.399,32.082],[70.403,32.082],[70.403,32.085]],[[70.635,32.089],[70.649,32.095],[70.632,32.095],[70.635,32.089]],[[70.625,32.089],[70.618,32.095],[70.618,32.089],[70.625,32.089]],[[70.372,32.092],[70.376,32.095],[70.372,32.095],[70.372,32.092]],[[70.403,32.095],[70.409,32.099],[70.403,32.099],[70.403,32.095]],[[70.497,32.099],[70.494,32.095],[70.497,32.095],[70.497,32.099]],[[70.693,32.105],[70.689,32.099],[70.693,32.099],[70.693,32.105]],[[70.632,32.105],[70.652,32.126],[70.622,32.153],[70.615,32.129],[70.632,32.105]],[[70.473,32.105],[70.477,32.109],[70.473,32.109],[70.473,32.105]],[[70.494,32.116],[70.5,32.122],[70.494,32.119],[70.494,32.116]],[[70.588,32.132],[70.591,32.136],[70.588,32.136],[70.588,32.132]],[[70.585,32.143],[70.588,32.146],[70.585,32.146],[70.585,32.143]],[[70.548,32.153],[70.554,32.156],[70.548,32.156],[70.548,32.153]],[[70.682,32.126],[70.686,32.119],[70.689,32.119],[70.689,32.122],[70.682,32.126]],[[70.649,32.112],[70.645,32.109],[70.649,32.109],[70.649,32.112]],[[70.656,32.105],[70.652,32.102],[70.656,32.102],[70.656,32.105]],[[70.656,32.095],[70.652,32.092],[70.656,32.092],[70.656,32.095]],[[70.676,32.089],[70.669,32.085],[70.666,32.089],[70.669,32.082],[70.672,32.082],[70.676,32.089]],[[70.652,32.078],[70.635,32.072],[70.652,32.058],[70.632,32.041],[70.642,32.048],[70.679,32.041],[70.676,32.068],[70.659,32.058],[70.652,32.078]],[[70.693,32.065],[70.689,32.062],[70.693,32.062],[70.693,32.065]],[[70.699,32.058],[70.706,32.052],[70.713,32.052],[70.699,32.058]],[[70.686,32.048],[70.682,32.045],[70.686,32.045],[70.686,32.048]],[[70.588,32.041],[70.591,32.035],[70.598,32.035],[70.588,32.041]],[[70.585,32.041],[70.585,32.058],[70.578,32.058],[70.568,32.045],[70.585,32.041]],[[70.538,32.052],[70.541,32.055],[70.538,32.055],[70.538,32.052]],[[70.517,32.075],[70.524,32.058],[70.538,32.062],[70.531,32.075],[70.517,32.075]],[[70.625,32.068],[70.635,32.058],[70.635,32.062],[70.625,32.068]],[[70.544,32.058],[70.548,32.062],[70.544,32.062],[70.544,32.058]],[[70.406,32.062],[70.409,32.065],[70.406,32.065],[70.406,32.062]],[[70.645,32.041],[70.652,32.045],[70.645,32.045],[70.645,32.041]],[[70.656,32.028],[70.649,32.018],[70.652,32.018],[70.656,32.028]],[[70.5,32.018],[70.497,32.014],[70.5,32.014],[70.5,32.018]],[[70.605,32.008],[70.602,32.004],[70.605,32.004],[70.605,32.008]],[[70.564,32.004],[70.568,32.008],[70.564,32.008],[70.564,32.004]],[[70.524,31.971],[70.521,31.967],[70.524,31.967],[70.524,31.971]],[[70.46,31.967],[70.463,31.971],[70.46,31.971],[70.46,31.967]],[[70.642,31.964],[70.639,31.96],[70.642,31.96],[70.642,31.964]],[[70.659,31.954],[70.656,31.95],[70.659,31.95],[70.659,31.954]],[[70.676,31.93],[70.672,31.933],[70.669,31.93],[70.676,31.93]],[[70.595,31.907],[70.602,31.91],[70.595,31.91],[70.595,31.907]],[[70.527,31.92],[70.538,31.923],[70.527,31.923],[70.527,31.92]],[[70.568,31.923],[70.571,31.927],[70.568,31.927],[70.568,31.923]],[[70.514,31.933],[70.521,31.93],[70.527,31.933],[70.514,31.933]],[[70.534,31.933],[70.531,31.93],[70.534,31.93],[70.534,31.933]],[[70.541,31.933],[70.538,31.93],[70.541,31.93],[70.541,31.933]],[[70.548,31.933],[70.544,31.927],[70.548,31.927],[70.548,31.933]],[[70.5,31.94],[70.504,31.944],[70.5,31.944],[70.5,31.94]],[[70.443,31.903],[70.44,31.9],[70.443,31.9],[70.443,31.903]],[[70.595,31.9],[70.591,31.896],[70.595,31.896],[70.595,31.9]],[[70.74,31.883],[70.736,31.88],[70.74,31.88],[70.74,31.883]],[[70.652,31.88],[70.656,31.873],[70.656,31.88],[70.652,31.88]],[[70.706,31.94],[70.709,31.947],[70.706,31.947],[70.706,31.94]],[[70.757,31.964],[70.75,31.96],[70.757,31.96],[70.757,31.964]],[[70.807,31.93],[70.811,31.933],[70.807,31.933],[70.807,31.93]],[[70.817,31.954],[70.821,31.957],[70.817,31.957],[70.817,31.954]],[[70.817,31.96],[70.821,31.964],[70.817,31.964],[70.817,31.96]],[[70.817,31.967],[70.827,31.971],[70.817,31.971],[70.817,31.967]],[[70.912,31.957],[70.908,31.954],[70.912,31.954],[70.912,31.957]],[[70.858,31.971],[70.861,31.974],[70.858,31.974],[70.858,31.971]],[[70.817,31.977],[70.821,31.981],[70.817,31.981],[70.817,31.977]],[[70.801,31.994],[70.794,32.014],[70.784,32.018],[70.801,31.994]],[[70.777,32.008],[70.78,32.011],[70.777,32.011],[70.777,32.008]],[[70.77,32.011],[70.774,32.014],[70.77,32.014],[70.77,32.011]],[[70.73,31.967],[70.736,31.971],[70.73,31.971],[70.73,31.967]],[[70.726,32.035],[70.723,32.025],[70.726,32.025],[70.726,32.035]],[[70.571,32.156],[70.575,32.159],[70.571,32.159],[70.571,32.156]],[[70.635,32.159],[70.639,32.163],[70.635,32.163],[70.635,32.159]],[[70.568,32.163],[70.571,32.176],[70.564,32.176],[70.568,32.163]],[[70.585,32.176],[70.581,32.173],[70.585,32.173],[70.585,32.176]],[[70.568,32.18],[70.568,32.197],[70.571,32.203],[70.564,32.203],[70.568,32.18]],[[70.585,32.227],[70.588,32.23],[70.585,32.23],[70.585,32.227]],[[70.585,32.25],[70.588,32.254],[70.585,32.254],[70.585,32.25]],[[70.588,32.274],[70.591,32.277],[70.588,32.277],[70.588,32.274]],[[70.426,32.23],[70.44,32.234],[70.426,32.234],[70.426,32.23]],[[70.48,32.237],[70.467,32.23],[70.484,32.23],[70.48,32.237]],[[70.467,32.176],[70.463,32.173],[70.467,32.173],[70.467,32.176]],[[70.44,32.139],[70.443,32.143],[70.44,32.143],[70.44,32.139]],[[70.328,31.869],[70.322,31.863],[70.325,31.863],[70.328,31.869]],[[70.315,31.866],[70.318,31.869],[70.315,31.869],[70.315,31.866]],[[70.595,31.586],[70.581,31.583],[70.595,31.583],[70.595,31.586]],[[70.578,31.573],[70.571,31.569],[70.578,31.569],[70.578,31.573]],[[70.605,31.431],[70.595,31.424],[70.605,31.428],[70.605,31.431]],[[70.612,31.424],[70.608,31.421],[70.612,31.421],[70.612,31.424]],[[70.706,31.488],[70.706,31.502],[70.723,31.505],[70.703,31.505],[70.706,31.488]],[[70.72,31.492],[70.716,31.482],[70.73,31.485],[70.72,31.492]],[[70.689,31.451],[70.693,31.445],[70.696,31.445],[70.696,31.448],[70.689,31.451]],[[70.703,31.445],[70.699,31.441],[70.703,31.441],[70.703,31.445]],[[70.787,31.428],[70.787,31.38],[70.777,31.367],[70.801,31.377],[70.811,31.411],[70.807,31.434],[70.787,31.428]],[[70.713,31.37],[70.716,31.374],[70.713,31.374],[70.713,31.37]],[[70.77,31.384],[70.774,31.391],[70.77,31.391],[70.77,31.384]],[[70.774,31.401],[70.77,31.394],[70.78,31.394],[70.774,31.401]],[[70.797,31.36],[70.794,31.357],[70.797,31.357],[70.797,31.36]],[[70.814,31.343],[70.774,31.354],[70.78,31.343],[70.801,31.343],[70.79,31.327],[70.804,31.316],[70.814,31.343]],[[70.78,31.313],[70.787,31.316],[70.78,31.316],[70.78,31.313]],[[70.77,31.316],[70.774,31.32],[70.77,31.32],[70.77,31.316]],[[70.797,31.31],[70.79,31.313],[70.79,31.31],[70.797,31.31]],[[70.811,31.31],[70.807,31.306],[70.811,31.306],[70.811,31.31]],[[70.767,31.3],[70.757,31.269],[70.807,31.209],[70.78,31.165],[70.784,31.128],[70.807,31.121],[70.814,31.084],[70.834,31.084],[70.811,31.07],[70.804,31.097],[70.787,31.09],[70.797,31.107],[70.79,31.111],[70.78,31.077],[70.807,31.07],[70.794,31.026],[70.804,31.026],[70.807,31.013],[70.78,31.01],[70.814,30.986],[70.797,30.972],[70.838,30.922],[70.831,30.895],[70.838,30.912],[70.861,30.898],[70.851,30.919],[70.858,30.939],[70.841,30.929],[70.817,30.962],[70.821,30.986],[70.841,30.972],[70.814,31.023],[70.844,31.077],[70.801,31.144],[70.821,31.144],[70.807,31.165],[70.824,31.212],[70.804,31.239],[70.817,31.289],[70.787,31.266],[70.801,31.259],[70.79,31.242],[70.763,31.279],[70.784,31.306],[70.767,31.3]],[[70.814,31.303],[70.811,31.3],[70.814,31.3],[70.814,31.303]],[[70.787,31.286],[70.784,31.269],[70.794,31.273],[70.787,31.286]],[[70.817,31.259],[70.811,31.246],[70.817,31.246],[70.817,31.259]],[[70.871,31.239],[70.868,31.235],[70.871,31.235],[70.871,31.239]],[[70.824,31.229],[70.827,31.222],[70.827,31.229],[70.824,31.229]],[[70.861,31.215],[70.858,31.212],[70.861,31.212],[70.861,31.215]],[[70.838,31.171],[70.834,31.168],[70.838,31.168],[70.838,31.171]],[[70.844,31.151],[70.841,31.148],[70.844,31.148],[70.844,31.151]],[[70.885,31.128],[70.878,31.124],[70.885,31.124],[70.885,31.128]],[[70.888,31.121],[70.885,31.117],[70.888,31.117],[70.888,31.121]],[[70.861,31.117],[70.858,31.114],[70.861,31.114],[70.861,31.117]],[[70.878,31.114],[70.875,31.104],[70.885,31.114],[70.878,31.114]],[[70.827,31.114],[70.831,31.117],[70.827,31.117],[70.827,31.114]],[[70.892,31.111],[70.888,31.107],[70.892,31.107],[70.892,31.111]],[[70.878,31.101],[70.871,31.097],[70.871,31.09],[70.878,31.101]],[[70.848,31.09],[70.844,31.087],[70.848,31.087],[70.848,31.09]],[[70.871,31.087],[70.868,31.084],[70.871,31.084],[70.871,31.087]],[[70.868,31.08],[70.865,31.074],[70.868,31.074],[70.868,31.08]],[[70.848,31.067],[70.844,31.064],[70.848,31.064],[70.848,31.067]],[[70.848,31.057],[70.841,31.05],[70.848,31.053],[70.848,31.057]],[[70.871,31.05],[70.868,31.043],[70.871,31.043],[70.871,31.05]],[[70.827,31.043],[70.831,31.047],[70.827,31.047],[70.827,31.043]],[[70.841,31.04],[70.838,31.037],[70.841,31.037],[70.841,31.04]],[[70.908,31.037],[70.871,31.033],[70.871,31.02],[70.895,31.016],[70.908,31.037]],[[70.851,31.026],[70.854,31.03],[70.851,31.03],[70.851,31.026]],[[70.844,31.006],[70.831,30.999],[70.838,30.993],[70.844,31.006]],[[70.844,31.013],[70.838,31.01],[70.844,31.01],[70.844,31.013]],[[70.878,31.01],[70.871,31.006],[70.878,31.006],[70.878,31.01]],[[70.868,30.983],[70.871,30.976],[70.878,30.976],[70.868,30.983]],[[70.868,30.969],[70.865,30.972],[70.865,30.969],[70.868,30.969]],[[70.915,30.969],[70.898,30.962],[70.892,30.942],[70.915,30.969]],[[70.854,30.946],[70.861,30.949],[70.854,30.949],[70.854,30.946]],[[70.858,30.959],[70.844,30.972],[70.858,30.952],[70.858,30.959]],[[70.888,30.939],[70.885,30.935],[70.888,30.935],[70.888,30.939]],[[70.868,30.929],[70.865,30.925],[70.868,30.925],[70.868,30.929]],[[70.858,30.925],[70.861,30.929],[70.858,30.929],[70.858,30.925]],[[70.777,30.898],[70.787,30.888],[70.784,30.898],[70.777,30.898]],[[70.77,30.895],[70.774,30.898],[70.77,30.898],[70.77,30.895]],[[70.841,30.892],[70.807,30.831],[70.801,30.763],[70.817,30.834],[70.851,30.831],[70.841,30.848],[70.885,30.871],[70.865,30.895],[70.858,30.878],[70.841,30.892]],[[70.875,30.854],[70.871,30.851],[70.875,30.851],[70.875,30.854]],[[70.875,30.848],[70.868,30.838],[70.881,30.814],[70.888,30.824],[70.875,30.848]],[[70.858,30.821],[70.838,30.804],[70.838,30.787],[70.858,30.821]],[[70.844,30.784],[70.841,30.777],[70.848,30.777],[70.844,30.784]],[[70.854,30.76],[70.848,30.76],[70.841,30.76],[70.838,30.75],[70.854,30.76]],[[70.763,30.777],[70.76,30.801],[70.743,30.78],[70.763,30.777]],[[70.747,30.801],[70.75,30.804],[70.747,30.804],[70.747,30.801]],[[70.763,30.807],[70.767,30.811],[70.763,30.811],[70.763,30.807]],[[70.75,30.811],[70.753,30.814],[70.75,30.814],[70.75,30.811]],[[70.676,30.827],[70.682,30.834],[70.676,30.834],[70.676,30.827]],[[70.814,30.854],[70.817,30.858],[70.814,30.858],[70.814,30.854]],[[70.763,30.854],[70.77,30.858],[70.763,30.858],[70.763,30.854]],[[70.784,30.902],[70.787,30.905],[70.784,30.905],[70.784,30.902]],[[70.78,30.908],[70.784,30.919],[70.78,30.919],[70.78,30.908]],[[70.821,30.925],[70.817,30.919],[70.821,30.919],[70.821,30.925]],[[70.78,30.925],[70.787,30.925],[70.79,30.929],[70.78,30.925]],[[70.817,30.929],[70.821,30.932],[70.817,30.932],[70.817,30.929]],[[70.817,30.935],[70.821,30.939],[70.817,30.939],[70.817,30.935]],[[70.79,30.942],[70.797,30.946],[70.797,30.949],[70.79,30.942]],[[70.784,30.986],[70.79,30.996],[70.784,30.996],[70.784,30.986]],[[70.763,31.026],[70.767,31.03],[70.763,31.03],[70.763,31.026]],[[70.787,31.04],[70.79,31.043],[70.787,31.043],[70.787,31.04]],[[70.726,31.05],[70.733,31.06],[70.726,31.057],[70.726,31.05]],[[70.784,31.06],[70.79,31.053],[70.79,31.06],[70.784,31.06]],[[70.74,31.067],[70.733,31.08],[70.726,31.084],[70.723,31.07],[70.74,31.067]],[[70.682,31.08],[70.696,31.087],[70.679,31.09],[70.682,31.08]],[[70.78,31.07],[70.777,31.067],[70.78,31.067],[70.78,31.07]],[[70.75,31.134],[70.753,31.138],[70.75,31.138],[70.75,31.134]],[[70.76,31.144],[70.763,31.148],[70.76,31.148],[70.76,31.144]],[[70.612,31.293],[70.598,31.306],[70.595,31.269],[70.575,31.273],[70.561,31.256],[70.581,31.259],[70.608,31.219],[70.605,31.249],[70.629,31.246],[70.625,31.242],[70.629,31.225],[70.639,31.239],[70.639,31.249],[70.612,31.252],[70.618,31.269],[70.598,31.283],[70.612,31.293]],[[70.645,31.296],[70.632,31.283],[70.642,31.279],[70.645,31.296]],[[70.618,31.289],[70.645,31.31],[70.622,31.3],[70.618,31.289]],[[70.629,31.303],[70.632,31.31],[70.622,31.303],[70.629,31.303]],[[70.659,31.296],[70.656,31.293],[70.659,31.293],[70.659,31.296]],[[70.699,31.269],[70.686,31.269],[70.686,31.266],[70.699,31.269]],[[70.682,31.259],[70.679,31.269],[70.676,31.259],[70.682,31.259]],[[70.733,31.259],[70.73,31.256],[70.733,31.256],[70.733,31.259]],[[70.662,31.256],[70.666,31.259],[70.662,31.259],[70.662,31.256]],[[70.639,31.259],[70.645,31.262],[70.639,31.262],[70.639,31.259]],[[70.608,31.283],[70.615,31.279],[70.615,31.283],[70.608,31.283]],[[70.679,31.235],[70.676,31.232],[70.679,31.232],[70.679,31.235]],[[70.662,31.229],[70.642,31.215],[70.666,31.222],[70.662,31.229]],[[70.504,31.232],[70.521,31.225],[70.517,31.235],[70.504,31.232]],[[70.497,31.229],[70.477,31.235],[70.473,31.225],[70.48,31.222],[70.497,31.229]],[[70.558,31.219],[70.551,31.232],[70.534,31.239],[70.521,31.235],[70.558,31.219]],[[70.598,31.225],[70.595,31.222],[70.598,31.222],[70.598,31.225]],[[70.622,31.222],[70.625,31.225],[70.622,31.225],[70.622,31.222]],[[70.564,31.242],[70.568,31.246],[70.564,31.246],[70.564,31.242]],[[70.531,31.259],[70.534,31.269],[70.531,31.269],[70.531,31.259]],[[70.544,31.269],[70.548,31.259],[70.548,31.269],[70.544,31.269]],[[70.527,31.273],[70.531,31.276],[70.527,31.276],[70.527,31.273]],[[70.77,31.327],[70.774,31.343],[70.77,31.343],[70.77,31.327]],[[70.672,31.34],[70.676,31.343],[70.672,31.343],[70.672,31.34]],[[70.676,31.114],[70.679,31.117],[70.676,31.117],[70.676,31.114]],[[70.699,31.117],[70.696,31.114],[70.699,31.114],[70.699,31.117]],[[70.713,30.73],[70.709,30.726],[70.713,30.726],[70.713,30.73]],[[70.834,30.747],[70.838,30.74],[70.838,30.747],[70.834,30.747]],[[70.824,30.736],[70.827,30.74],[70.824,30.74],[70.824,30.736]],[[70.848,30.733],[70.841,30.726],[70.848,30.726],[70.848,30.733]],[[70.807,30.73],[70.801,30.713],[70.821,30.733],[70.807,30.73]],[[70.851,30.709],[70.848,30.706],[70.851,30.706],[70.851,30.709]],[[70.807,30.699],[70.797,30.709],[70.801,30.693],[70.807,30.699]],[[70.827,30.699],[70.821,30.696],[70.827,30.696],[70.827,30.699]],[[70.834,30.699],[70.838,30.696],[70.838,30.699],[70.834,30.699]],[[70.854,30.696],[70.851,30.693],[70.854,30.693],[70.854,30.696]],[[70.831,30.693],[70.827,30.689],[70.831,30.689],[70.831,30.693]],[[70.854,30.689],[70.851,30.686],[70.854,30.686],[70.854,30.689]],[[70.827,30.662],[70.817,30.676],[70.807,30.676],[70.827,30.662]],[[70.774,30.625],[70.77,30.622],[70.774,30.622],[70.774,30.625]],[[70.797,30.581],[70.794,30.578],[70.797,30.578],[70.797,30.581]],[[70.78,30.571],[70.777,30.568],[70.78,30.568],[70.78,30.571]],[[70.841,30.649],[70.821,30.649],[70.821,30.642],[70.841,30.649]],[[70.814,30.652],[70.817,30.659],[70.814,30.659],[70.814,30.652]],[[70.861,30.632],[70.865,30.629],[70.865,30.632],[70.861,30.632]],[[70.861,30.625],[70.865,30.622],[70.865,30.625],[70.861,30.625]],[[70.865,30.571],[70.861,30.568],[70.865,30.568],[70.865,30.571]],[[70.838,30.564],[70.841,30.571],[70.838,30.571],[70.838,30.564]],[[70.865,30.564],[70.861,30.561],[70.865,30.561],[70.865,30.564]],[[70.865,30.558],[70.861,30.554],[70.865,30.554],[70.865,30.558]],[[70.865,30.551],[70.861,30.548],[70.865,30.548],[70.865,30.551]],[[70.912,30.548],[70.908,30.541],[70.912,30.541],[70.912,30.548]],[[70.925,30.645],[70.929,30.649],[70.925,30.649],[70.925,30.645]],[[70.824,31.482],[70.827,31.485],[70.824,31.485],[70.824,31.482]],[[70.966,31.88],[70.972,31.846],[70.983,31.88],[70.966,31.88]],[[70.956,31.842],[70.952,31.849],[70.952,31.842],[70.956,31.842]],[[70.956,31.839],[70.949,31.832],[70.956,31.829],[70.956,31.839]],[[70.942,31.826],[70.946,31.822],[70.946,31.826],[70.942,31.826]]]}},{"type":"Feature","properties":{},"geometry":{"type":"Polygon","coordinates":[[[73.505,32.463],[73.552,32.453],[73.501,32.436],[73.505,32.463]]]}},{"type":"Feature","properties":{},"geometry":{"type":"Polygon","coordinates":[[[74.314,32.389],[74.355,32.365],[74.307,32.321],[74.318,32.288],[74.291,32.247],[74.304,32.237],[74.301,32.2],[74.27,32.19],[74.24,32.217],[74.27,32.227],[74.277,32.254],[74.247,32.25],[74.22,32.277],[74.27,32.294],[74.284,32.345],[74.264,32.348],[74.264,32.375],[74.28,32.365],[74.294,32.406],[74.247,32.372],[74.21,32.375],[74.21,32.335],[74.183,32.338],[74.173,32.328],[74.22,32.325],[74.223,32.345],[74.243,32.328],[74.267,32.345],[74.267,32.325],[74.226,32.318],[74.226,32.298],[74.21,32.315],[74.193,32.274],[74.162,32.267],[74.156,32.284],[74.199,32.308],[74.159,32.315],[74.169,32.338],[74.149,32.321],[74.135,32.348],[74.135,32.321],[74.112,32.321],[74.142,32.379],[74.129,32.399],[74.162,32.385],[74.125,32.416],[74.129,32.433],[74.159,32.426],[74.156,32.446],[74.213,32.473],[74.24,32.46],[74.28,32.48],[74.287,32.466],[74.294,32.483],[74.341,32.47],[74.344,32.439],[74.314,32.449],[74.284,32.426],[74.348,32.419],[74.348,32.395],[74.328,32.406],[74.314,32.389]],[[74.176,32.406],[74.183,32.409],[74.176,32.409],[74.176,32.406]],[[74.321,32.409],[74.324,32.406],[74.324,32.409],[74.321,32.409]],[[74.216,32.409],[74.22,32.412],[74.216,32.412],[74.216,32.409]],[[74.203,32.406],[74.189,32.402],[74.203,32.402],[74.203,32.406]],[[74.213,32.402],[74.206,32.389],[74.22,32.392],[74.213,32.402]],[[74.223,32.389],[74.24,32.395],[74.223,32.392],[74.223,32.389]],[[74.199,32.379],[74.179,32.382],[74.176,32.372],[74.199,32.379]],[[74.27,32.412],[74.274,32.416],[74.27,32.416],[74.27,32.412]],[[74.169,32.419],[74.176,32.426],[74.169,32.422],[74.169,32.419]],[[74.233,32.422],[74.23,32.419],[74.233,32.419],[74.233,32.422]],[[74.264,32.426],[74.274,32.443],[74.257,32.439],[74.264,32.426]],[[74.193,32.436],[74.196,32.439],[74.193,32.439],[74.193,32.436]],[[74.314,32.463],[74.318,32.46],[74.321,32.463],[74.314,32.463]],[[74.328,32.46],[74.324,32.456],[74.328,32.456],[74.328,32.46]],[[74.196,32.362],[74.189,32.358],[74.196,32.358],[74.196,32.362]],[[74.176,32.352],[74.183,32.355],[74.176,32.355],[74.176,32.352]],[[74.166,32.345],[74.159,32.342],[74.166,32.342],[74.166,32.345]],[[74.199,32.345],[74.193,32.342],[74.199,32.342],[74.199,32.345]],[[74.22,32.321],[74.21,32.318],[74.22,32.315],[74.22,32.321]],[[74.297,32.395],[74.301,32.385],[74.311,32.395],[74.297,32.395]],[[74.311,32.382],[74.307,32.375],[74.311,32.375],[74.311,32.382]],[[74.301,32.345],[74.297,32.365],[74.287,32.345],[74.301,32.345]],[[74.314,32.345],[74.311,32.342],[74.314,32.342],[74.314,32.345]],[[74.297,32.338],[74.301,32.335],[74.301,32.338],[74.297,32.338]],[[74.304,32.311],[74.297,32.308],[74.304,32.304],[74.304,32.311]],[[74.297,32.304],[74.294,32.301],[74.297,32.301],[74.297,32.304]],[[74.284,32.277],[74.277,32.284],[74.277,32.277],[74.284,32.277]],[[74.287,32.271],[74.284,32.267],[74.287,32.267],[74.287,32.271]],[[74.274,32.261],[74.27,32.267],[74.27,32.261],[74.274,32.261]],[[74.294,32.234],[74.287,32.23],[74.294,32.23],[74.294,32.234]]]}},{"type":"Feature","properties":{},"geometry":{"type":"Polygon","coordinates":[[[72.689,32.466],[72.726,32.473],[72.729,32.46],[72.672,32.439],[72.679,32.426],[72.665,32.443],[72.635,32.439],[72.652,32.49],[72.689,32.466]]]}},{"type":"Feature","properties":{},"geometry":{"type":"Polygon","coordinates":[[[72.632,32.449],[72.605,32.436],[72.618,32.436],[72.621,32.426],[72.561,32.426],[72.47,32.385],[72.446,32.352],[72.446,32.368],[72.416,32.352],[72.433,32.372],[72.416,32.395],[72.392,32.368],[72.406,32.362],[72.402,32.328],[72.385,32.331],[72.399,32.325],[72.395,32.308],[72.372,32.315],[72.379,32.338],[72.358,32.358],[72.348,32.315],[72.274,32.308],[72.261,32.345],[72.227,32.355],[72.207,32.342],[72.234,32.331],[72.227,32.325],[72.17,32.321],[72.159,32.338],[72.197,32.379],[72.224,32.362],[72.217,32.375],[72.298,32.426],[72.399,32.426],[72.436,32.443],[72.439,32.409],[72.46,32.433],[72.483,32.426],[72.49,32.449],[72.503,32.436],[72.54,32.46],[72.52,32.49],[72.52,32.513],[72.54,32.52],[72.567,32.49],[72.581,32.503],[72.591,32.46],[72.628,32.473],[72.632,32.449]],[[72.567,32.439],[72.571,32.443],[72.567,32.443],[72.567,32.439]],[[72.571,32.449],[72.574,32.453],[72.571,32.453],[72.571,32.449]],[[72.46,32.422],[72.456,32.419],[72.46,32.419],[72.46,32.422]],[[72.429,32.409],[72.426,32.406],[72.429,32.406],[72.429,32.409]],[[72.422,32.406],[72.419,32.402],[72.422,32.402],[72.422,32.406]],[[72.315,32.338],[72.311,32.335],[72.315,32.335],[72.315,32.338]],[[72.456,32.382],[72.453,32.375],[72.46,32.375],[72.456,32.382]]]}},{"type":"Feature","properties":{},"geometry":{"type":"Polygon","coordinates":[[[73.599,32.524],[73.623,32.497],[73.576,32.476],[73.576,32.517],[73.599,32.524]],[[73.589,32.517],[73.593,32.51],[73.596,32.51],[73.589,32.517]],[[73.606,32.51],[73.603,32.507],[73.606,32.507],[73.606,32.51]],[[73.596,32.507],[73.593,32.503],[73.596,32.503],[73.596,32.507]]]}},{"type":"Feature","properties":{},"geometry":{"type":"Polygon","coordinates":[[[73.087,32.5],[73.06,32.493],[73.036,32.51],[73.097,32.527],[73.087,32.5]]]}},{"type":"Feature","properties":{},"geometry":{"type":"Polygon","coordinates":[[[74.688,32.473],[74.655,32.443],[74.661,32.429],[74.638,32.429],[74.651,32.426],[74.641,32.412],[74.699,32.419],[74.672,32.443],[74.719,32.473],[74.736,32.47],[74.729,32.449],[74.705,32.456],[74.702,32.453],[74.729,32.429],[74.695,32.406],[74.715,32.402],[74.675,32.399],[74.672,32.379],[74.645,32.375],[74.651,32.385],[74.648,32.389],[74.628,32.365],[74.611,32.382],[74.584,32.355],[74.631,32.358],[74.614,32.345],[74.638,32.345],[74.645,32.368],[74.648,32.335],[74.668,32.335],[74.682,32.352],[74.668,32.368],[74.695,32.358],[74.746,32.399],[74.773,32.382],[74.769,32.392],[74.779,32.399],[74.817,32.402],[74.833,32.429],[74.817,32.412],[74.793,32.419],[74.773,32.439],[74.779,32.456],[74.823,32.443],[74.901,32.46],[74.887,32.422],[74.918,32.443],[74.921,32.406],[74.948,32.439],[74.968,32.429],[74.955,32.382],[74.935,32.375],[74.941,32.358],[74.894,32.348],[74.891,32.328],[74.874,32.328],[74.891,32.308],[74.854,32.271],[74.833,32.274],[74.83,32.247],[74.864,32.25],[74.847,32.227],[74.79,32.193],[74.796,32.213],[74.773,32.22],[74.759,32.18],[74.722,32.173],[74.695,32.136],[74.695,32.102],[74.675,32.092],[74.702,32.085],[74.705,32.102],[74.729,32.089],[74.715,32.065],[74.739,32.062],[74.749,32.102],[74.786,32.075],[74.79,32.095],[74.803,32.099],[74.8,32.082],[74.83,32.092],[74.837,32.072],[74.871,32.085],[74.877,32.072],[74.79,32.048],[74.773,32.001],[74.756,32.014],[74.715,32.004],[74.719,32.018],[74.688,32.004],[74.688,32.021],[74.712,32.021],[74.692,32.035],[74.675,32.008],[74.695,31.987],[74.715,32.004],[74.719,31.957],[74.692,31.944],[74.702,31.96],[74.692,31.974],[74.665,31.94],[74.634,31.944],[74.614,31.923],[74.618,31.883],[74.587,31.917],[74.594,31.893],[74.567,31.863],[74.567,31.819],[74.55,31.849],[74.57,31.896],[74.554,31.89],[74.547,31.849],[74.506,31.856],[74.543,31.842],[74.537,31.795],[74.52,31.789],[74.52,31.839],[74.486,31.829],[74.506,31.809],[74.463,31.785],[74.476,31.782],[74.473,31.738],[74.429,31.735],[74.439,31.721],[74.415,31.718],[74.415,31.724],[74.402,31.721],[74.405,31.708],[74.375,31.714],[74.351,31.687],[74.395,31.66],[74.351,31.674],[74.348,31.633],[74.314,31.617],[74.341,31.64],[74.348,31.687],[74.304,31.67],[74.334,31.718],[74.294,31.697],[74.297,31.724],[74.27,31.724],[74.311,31.731],[74.311,31.758],[74.274,31.768],[74.264,31.805],[74.301,31.812],[74.294,31.846],[74.277,31.822],[74.264,31.826],[74.277,31.846],[74.24,31.856],[74.25,31.836],[74.21,31.822],[74.223,31.89],[74.24,31.876],[74.23,31.859],[74.28,31.866],[74.267,31.933],[74.307,31.913],[74.328,31.923],[74.264,31.95],[74.328,31.964],[74.324,31.977],[74.291,31.967],[74.304,31.994],[74.294,31.984],[74.287,32.004],[74.28,31.994],[74.257,31.994],[74.274,31.998],[74.277,32.025],[74.26,32.052],[74.237,32.041],[74.216,32.058],[74.274,32.092],[74.274,32.109],[74.25,32.102],[74.237,32.126],[74.284,32.136],[74.267,32.159],[74.314,32.19],[74.307,32.213],[74.348,32.25],[74.361,32.24],[74.331,32.288],[74.382,32.321],[74.378,32.338],[74.415,32.342],[74.365,32.355],[74.371,32.382],[74.456,32.379],[74.469,32.358],[74.479,32.379],[74.489,32.362],[74.523,32.375],[74.516,32.358],[74.523,32.358],[74.54,32.368],[74.523,32.385],[74.54,32.385],[74.543,32.412],[74.55,32.375],[74.597,32.375],[74.584,32.395],[74.631,32.433],[74.604,32.436],[74.641,32.456],[74.621,32.476],[74.665,32.487],[74.655,32.507],[74.672,32.527],[74.618,32.487],[74.597,32.49],[74.608,32.507],[74.594,32.513],[74.665,32.561],[74.688,32.473]],[[74.614,32.493],[74.611,32.49],[74.614,32.49],[74.614,32.493]],[[74.678,32.476],[74.668,32.473],[74.678,32.473],[74.678,32.476]],[[74.658,32.473],[74.661,32.476],[74.658,32.476],[74.658,32.473]],[[74.648,32.473],[74.641,32.466],[74.645,32.466],[74.648,32.473]],[[74.634,32.446],[74.631,32.439],[74.641,32.446],[74.634,32.446]],[[74.624,32.419],[74.628,32.412],[74.631,32.412],[74.631,32.416],[74.624,32.419]],[[74.668,32.412],[74.665,32.406],[74.668,32.406],[74.668,32.412]],[[74.648,32.406],[74.651,32.409],[74.648,32.409],[74.648,32.406]],[[74.672,32.402],[74.668,32.395],[74.672,32.395],[74.672,32.402]],[[74.628,32.395],[74.624,32.399],[74.624,32.395],[74.628,32.395]],[[74.597,32.395],[74.604,32.399],[74.597,32.399],[74.597,32.395]],[[74.648,32.402],[74.645,32.399],[74.648,32.399],[74.648,32.402]],[[74.631,32.382],[74.628,32.379],[74.631,32.379],[74.631,32.382]],[[74.557,32.372],[74.554,32.368],[74.557,32.368],[74.557,32.372]],[[74.57,32.368],[74.567,32.365],[74.57,32.365],[74.57,32.368]],[[74.574,32.355],[74.57,32.358],[74.557,32.348],[74.567,32.345],[74.574,32.355]],[[74.516,32.311],[74.547,32.348],[74.493,32.348],[74.493,32.331],[74.469,32.348],[74.476,32.328],[74.449,32.325],[74.516,32.311]],[[74.456,32.298],[74.388,32.325],[74.361,32.298],[74.351,32.271],[74.371,32.301],[74.425,32.308],[74.436,32.284],[74.466,32.277],[74.446,32.264],[74.483,32.254],[74.466,32.264],[74.483,32.267],[74.473,32.291],[74.53,32.288],[74.54,32.298],[74.533,32.311],[74.53,32.294],[74.466,32.311],[74.456,32.298]],[[74.581,32.325],[74.587,32.308],[74.594,32.331],[74.581,32.325]],[[74.564,32.318],[74.554,32.331],[74.547,32.318],[74.564,32.318]],[[74.641,32.328],[74.638,32.294],[74.658,32.298],[74.641,32.308],[74.645,32.335],[74.621,32.335],[74.641,32.328]],[[74.597,32.331],[74.601,32.338],[74.597,32.338],[74.597,32.331]],[[74.729,32.338],[74.719,32.308],[74.746,32.318],[74.729,32.328],[74.729,32.338]],[[74.837,32.338],[74.833,32.335],[74.837,32.335],[74.837,32.338]],[[74.695,32.345],[74.719,32.345],[74.719,32.348],[74.695,32.345]],[[74.685,32.335],[74.692,32.338],[74.685,32.338],[74.685,32.335]],[[74.688,32.348],[74.692,32.352],[74.688,32.352],[74.688,32.348]],[[74.749,32.355],[74.732,32.338],[74.766,32.342],[74.749,32.355]],[[74.729,32.355],[74.732,32.358],[74.729,32.358],[74.729,32.355]],[[74.793,32.362],[74.796,32.352],[74.8,32.358],[74.793,32.362]],[[74.887,32.368],[74.918,32.409],[74.874,32.389],[74.891,32.402],[74.874,32.409],[74.86,32.389],[74.806,32.375],[74.8,32.338],[74.85,32.379],[74.877,32.348],[74.901,32.358],[74.887,32.368]],[[74.924,32.392],[74.921,32.389],[74.924,32.389],[74.924,32.392]],[[74.928,32.375],[74.918,32.368],[74.928,32.368],[74.928,32.375]],[[74.928,32.362],[74.924,32.358],[74.928,32.358],[74.928,32.362]],[[74.844,32.348],[74.857,32.358],[74.84,32.358],[74.844,32.348]],[[74.867,32.355],[74.864,32.352],[74.867,32.352],[74.867,32.355]],[[74.884,32.342],[74.881,32.338],[74.884,32.338],[74.884,32.342]],[[74.793,32.342],[74.786,32.355],[74.769,32.352],[74.769,32.345],[74.793,32.342]],[[74.769,32.368],[74.773,32.372],[74.769,32.372],[74.769,32.368]],[[74.746,32.372],[74.756,32.375],[74.756,32.379],[74.749,32.379],[74.746,32.372]],[[74.783,32.379],[74.779,32.375],[74.783,32.375],[74.783,32.379]],[[74.763,32.379],[74.766,32.382],[74.763,32.382],[74.763,32.379]],[[74.776,32.392],[74.793,32.385],[74.79,32.392],[74.776,32.392]],[[74.837,32.395],[74.86,32.422],[74.881,32.426],[74.847,32.433],[74.837,32.395]],[[74.81,32.436],[74.796,32.439],[74.81,32.422],[74.81,32.436]],[[74.83,32.335],[74.82,32.335],[74.813,32.335],[74.817,32.325],[74.83,32.328],[74.83,32.335]],[[74.786,32.311],[74.776,32.328],[74.776,32.311],[74.786,32.311]],[[74.874,32.318],[74.867,32.308],[74.871,32.308],[74.874,32.318]],[[74.86,32.311],[74.83,32.298],[74.833,32.284],[74.86,32.294],[74.86,32.311]],[[74.827,32.281],[74.776,32.257],[74.756,32.237],[74.742,32.247],[74.732,32.223],[74.769,32.227],[74.827,32.281]],[[74.722,32.254],[74.726,32.271],[74.712,32.264],[74.719,32.261],[74.712,32.247],[74.722,32.254]],[[74.766,32.257],[74.759,32.254],[74.766,32.254],[74.766,32.257]],[[74.709,32.244],[74.668,32.25],[74.678,32.264],[74.655,32.294],[74.641,32.288],[74.648,32.254],[74.601,32.247],[74.587,32.227],[74.614,32.227],[74.611,32.21],[74.631,32.203],[74.624,32.217],[74.665,32.23],[74.661,32.25],[74.678,32.234],[74.729,32.24],[74.729,32.247],[74.709,32.244]],[[74.715,32.234],[74.705,32.23],[74.715,32.23],[74.715,32.234]],[[74.715,32.22],[74.682,32.207],[74.682,32.2],[74.715,32.2],[74.715,32.22]],[[74.709,32.223],[74.712,32.227],[74.709,32.227],[74.709,32.223]],[[74.732,32.21],[74.739,32.193],[74.746,32.21],[74.732,32.21]],[[74.672,32.193],[74.655,32.193],[74.672,32.183],[74.672,32.193]],[[74.732,32.193],[74.726,32.186],[74.729,32.186],[74.732,32.193]],[[74.699,32.19],[74.695,32.17],[74.705,32.166],[74.709,32.18],[74.699,32.19]],[[74.719,32.183],[74.715,32.18],[74.719,32.18],[74.719,32.183]],[[74.672,32.166],[74.641,32.153],[74.661,32.143],[74.672,32.166]],[[74.699,32.163],[74.688,32.159],[74.699,32.159],[74.699,32.163]],[[74.688,32.153],[74.682,32.146],[74.688,32.146],[74.688,32.153]],[[74.574,32.132],[74.604,32.132],[74.577,32.146],[74.574,32.132]],[[74.547,32.129],[74.53,32.132],[74.52,32.119],[74.527,32.116],[74.547,32.129]],[[74.594,32.122],[74.574,32.116],[74.587,32.109],[74.594,32.122]],[[74.668,32.126],[74.672,32.116],[74.675,32.126],[74.668,32.126]],[[74.608,32.122],[74.611,32.126],[74.608,32.126],[74.608,32.122]],[[74.661,32.126],[74.658,32.122],[74.661,32.122],[74.661,32.126]],[[74.648,32.116],[74.645,32.112],[74.648,32.112],[74.648,32.116]],[[74.54,32.109],[74.543,32.112],[74.54,32.112],[74.54,32.109]],[[74.483,32.109],[74.493,32.122],[74.483,32.119],[74.483,32.109]],[[74.567,32.116],[74.564,32.112],[74.567,32.112],[74.567,32.116]],[[74.466,32.105],[74.469,32.112],[74.463,32.112],[74.466,32.105]],[[74.665,32.105],[74.658,32.099],[74.665,32.099],[74.665,32.105]],[[74.611,32.099],[74.608,32.105],[74.604,32.099],[74.611,32.099]],[[74.537,32.099],[74.543,32.095],[74.537,32.102],[74.537,32.099]],[[74.358,32.139],[74.341,32.143],[74.355,32.126],[74.334,32.129],[74.324,32.089],[74.297,32.102],[74.284,32.085],[74.331,32.068],[74.324,32.089],[74.358,32.112],[74.358,32.139]],[[74.564,32.136],[74.56,32.132],[74.564,32.132],[74.564,32.136]],[[74.429,32.129],[74.425,32.132],[74.425,32.129],[74.429,32.129]],[[74.436,32.132],[74.446,32.136],[74.446,32.139],[74.439,32.139],[74.436,32.132]],[[74.554,32.139],[74.547,32.136],[74.554,32.136],[74.554,32.139]],[[74.456,32.139],[74.473,32.146],[74.456,32.143],[74.456,32.139]],[[74.355,32.159],[74.355,32.2],[74.365,32.2],[74.405,32.183],[74.361,32.207],[74.358,32.234],[74.351,32.21],[74.318,32.203],[74.344,32.183],[74.324,32.149],[74.344,32.166],[74.355,32.159]],[[74.371,32.19],[74.368,32.186],[74.371,32.186],[74.371,32.19]],[[74.456,32.18],[74.479,32.166],[74.523,32.173],[74.52,32.19],[74.456,32.18]],[[74.409,32.183],[74.442,32.183],[74.442,32.186],[74.422,32.193],[74.409,32.183]],[[74.594,32.193],[74.591,32.19],[74.594,32.19],[74.594,32.193]],[[74.638,32.19],[74.624,32.17],[74.628,32.159],[74.658,32.18],[74.638,32.19],[74.651,32.203],[74.621,32.197],[74.638,32.19]],[[74.604,32.193],[74.608,32.197],[74.604,32.197],[74.604,32.193]],[[74.574,32.197],[74.584,32.213],[74.574,32.207],[74.574,32.197]],[[74.422,32.2],[74.425,32.203],[74.422,32.203],[74.422,32.2]],[[74.463,32.203],[74.469,32.21],[74.456,32.21],[74.463,32.203]],[[74.449,32.207],[74.452,32.21],[74.449,32.21],[74.449,32.207]],[[74.398,32.21],[74.402,32.213],[74.398,32.213],[74.398,32.21]],[[74.419,32.213],[74.415,32.21],[74.419,32.21],[74.419,32.213]],[[74.442,32.213],[74.439,32.21],[74.442,32.21],[74.442,32.213]],[[74.5,32.223],[74.503,32.21],[74.506,32.223],[74.5,32.223]],[[74.439,32.22],[74.442,32.223],[74.439,32.223],[74.439,32.22]],[[74.425,32.22],[74.432,32.227],[74.425,32.227],[74.425,32.22]],[[74.449,32.227],[74.446,32.223],[74.449,32.223],[74.449,32.227]],[[74.483,32.227],[74.479,32.22],[74.483,32.22],[74.483,32.227]],[[74.675,32.176],[74.682,32.17],[74.682,32.18],[74.675,32.176]],[[74.608,32.159],[74.618,32.163],[74.614,32.17],[74.608,32.159]],[[74.577,32.159],[74.581,32.163],[74.577,32.163],[74.577,32.159]],[[74.594,32.17],[74.597,32.173],[74.594,32.173],[74.594,32.17]],[[74.527,32.173],[74.53,32.176],[74.527,32.176],[74.527,32.173]],[[74.554,32.18],[74.557,32.173],[74.56,32.18],[74.554,32.18]],[[74.554,32.183],[74.557,32.186],[74.554,32.186],[74.554,32.183]],[[74.344,32.159],[74.341,32.153],[74.344,32.153],[74.344,32.159]],[[74.473,32.156],[74.476,32.149],[74.479,32.156],[74.473,32.156]],[[74.624,32.153],[74.618,32.146],[74.624,32.146],[74.624,32.153]],[[74.52,32.146],[74.523,32.149],[74.52,32.149],[74.52,32.146]],[[74.506,32.139],[74.503,32.149],[74.496,32.139],[74.506,32.139]],[[74.56,32.146],[74.557,32.139],[74.56,32.139],[74.56,32.146]],[[74.358,32.153],[74.361,32.149],[74.361,32.153],[74.358,32.153]],[[74.449,32.153],[74.446,32.149],[74.449,32.149],[74.449,32.153]],[[74.311,32.146],[74.314,32.149],[74.311,32.149],[74.311,32.146]],[[74.304,32.149],[74.307,32.153],[74.304,32.153],[74.304,32.149]],[[74.324,32.146],[74.321,32.143],[74.324,32.143],[74.324,32.146]],[[74.304,32.156],[74.307,32.159],[74.304,32.159],[74.304,32.156]],[[74.284,32.159],[74.287,32.163],[74.284,32.163],[74.284,32.159]],[[74.375,32.234],[74.371,32.23],[74.375,32.23],[74.375,32.234]],[[74.422,32.119],[74.419,32.116],[74.422,32.116],[74.422,32.119]],[[74.463,32.099],[74.449,32.092],[74.463,32.092],[74.463,32.099]],[[74.581,32.095],[74.564,32.089],[74.574,32.082],[74.581,32.095]],[[74.594,32.092],[74.587,32.089],[74.594,32.089],[74.594,32.092]],[[74.621,32.089],[74.618,32.085],[74.621,32.085],[74.621,32.089]],[[74.695,32.082],[74.692,32.078],[74.695,32.078],[74.695,32.082]],[[74.699,32.078],[74.705,32.068],[74.712,32.068],[74.705,32.078],[74.699,32.078]],[[74.344,32.082],[74.351,32.085],[74.344,32.085],[74.344,32.082]],[[74.395,32.089],[74.388,32.092],[74.395,32.082],[74.395,32.089]],[[74.463,32.089],[74.459,32.085],[74.463,32.085],[74.463,32.089]],[[74.442,32.085],[74.446,32.082],[74.446,32.085],[74.442,32.085]],[[74.567,32.085],[74.564,32.082],[74.567,32.082],[74.567,32.085]],[[74.409,32.095],[74.405,32.092],[74.409,32.092],[74.409,32.095]],[[74.483,32.092],[74.486,32.095],[74.483,32.095],[74.483,32.092]],[[74.564,32.068],[74.56,32.065],[74.564,32.065],[74.564,32.068]],[[74.668,32.062],[74.675,32.058],[74.675,32.065],[74.668,32.062]],[[74.786,32.062],[74.783,32.058],[74.786,32.058],[74.786,32.062]],[[74.803,32.062],[74.8,32.058],[74.803,32.058],[74.803,32.062]],[[74.695,32.062],[74.682,32.041],[74.692,32.048],[74.695,32.062]],[[74.432,32.048],[74.446,32.052],[74.432,32.055],[74.432,32.048]],[[74.398,32.058],[74.395,32.035],[74.378,32.041],[74.365,32.021],[74.409,32.025],[74.398,32.058]],[[74.375,32.045],[74.365,32.041],[74.375,32.041],[74.375,32.045]],[[74.338,32.035],[74.344,32.055],[74.328,32.052],[74.338,32.035]],[[74.318,32.035],[74.328,32.038],[74.318,32.038],[74.318,32.035]],[[74.284,32.031],[74.311,32.038],[74.301,32.055],[74.294,32.038],[74.277,32.041],[74.284,32.031]],[[74.287,32.045],[74.284,32.041],[74.287,32.041],[74.287,32.045]],[[74.321,32.048],[74.324,32.045],[74.324,32.048],[74.321,32.048]],[[74.341,32.031],[74.318,32.014],[74.284,32.025],[74.284,32.011],[74.304,32.001],[74.341,32.031]],[[74.402,32.014],[74.398,32.008],[74.402,32.008],[74.402,32.014]],[[74.422,32.018],[74.422,32.001],[74.432,32.018],[74.422,32.018]],[[74.452,32.014],[74.439,32.031],[74.432,32.021],[74.452,32.014]],[[74.476,32.045],[74.493,32.038],[74.493,32.045],[74.476,32.045]],[[74.567,32.021],[74.56,32.018],[74.567,32.018],[74.567,32.021]],[[74.584,32.035],[74.587,32.008],[74.608,32.011],[74.584,32.035]],[[74.533,31.981],[74.557,32.011],[74.533,32.025],[74.533,31.981]],[[74.638,31.994],[74.624,31.987],[74.638,31.984],[74.638,31.994]],[[74.621,31.994],[74.614,32.001],[74.618,31.994],[74.621,31.994]],[[74.665,32.008],[74.665,31.977],[74.682,31.998],[74.665,32.008]],[[74.638,32.004],[74.641,32.008],[74.638,32.008],[74.638,32.004]],[[74.688,31.991],[74.682,31.987],[74.688,31.987],[74.688,31.991]],[[74.506,31.971],[74.493,31.977],[74.493,31.964],[74.506,31.971]],[[74.449,31.998],[74.442,31.981],[74.493,31.984],[74.493,31.991],[74.449,31.998]],[[74.496,31.994],[74.523,31.991],[74.496,32.001],[74.496,31.994]],[[74.338,31.991],[74.334,31.994],[74.331,31.991],[74.338,31.991]],[[74.328,31.994],[74.311,32.001],[74.314,31.994],[74.328,31.994]],[[74.358,32.004],[74.355,32.001],[74.358,32.001],[74.358,32.004]],[[74.432,31.998],[74.409,31.991],[74.422,31.981],[74.432,31.998]],[[74.439,31.984],[74.432,31.981],[74.439,31.981],[74.439,31.984]],[[74.385,31.971],[74.351,31.947],[74.331,31.96],[74.328,31.937],[74.368,31.927],[74.368,31.907],[74.351,31.903],[74.348,31.886],[74.388,31.917],[74.375,31.923],[74.392,31.933],[74.378,31.93],[74.371,31.933],[74.395,31.981],[74.375,31.984],[74.385,31.971]],[[74.351,31.971],[74.358,31.974],[74.351,31.974],[74.351,31.971]],[[74.405,31.981],[74.402,31.977],[74.405,31.977],[74.405,31.981]],[[74.419,31.977],[74.409,31.971],[74.422,31.971],[74.419,31.977]],[[74.442,31.974],[74.425,31.967],[74.442,31.967],[74.442,31.974]],[[74.422,31.964],[74.415,31.967],[74.415,31.964],[74.422,31.964]],[[74.645,31.974],[74.641,31.95],[74.651,31.95],[74.645,31.974]],[[74.516,31.967],[74.52,31.974],[74.516,31.974],[74.516,31.967]],[[74.624,31.974],[74.628,31.967],[74.631,31.974],[74.624,31.974]],[[74.564,31.974],[74.567,31.977],[74.564,31.977],[74.564,31.974]],[[74.604,31.967],[74.601,31.964],[74.604,31.964],[74.604,31.967]],[[74.567,31.964],[74.57,31.967],[74.567,31.967],[74.567,31.964]],[[74.685,31.971],[74.682,31.967],[74.685,31.967],[74.685,31.971]],[[74.678,31.964],[74.675,31.96],[74.678,31.96],[74.678,31.964]],[[74.591,31.95],[74.594,31.954],[74.591,31.954],[74.591,31.95]],[[74.405,31.954],[74.409,31.957],[74.405,31.957],[74.405,31.954]],[[74.415,31.96],[74.412,31.954],[74.419,31.954],[74.415,31.96]],[[74.442,31.96],[74.439,31.957],[74.442,31.957],[74.442,31.96]],[[74.449,31.964],[74.452,31.96],[74.452,31.964],[74.449,31.964]],[[74.5,31.96],[74.496,31.957],[74.5,31.957],[74.5,31.96]],[[74.55,31.947],[74.54,31.944],[74.55,31.944],[74.55,31.947]],[[74.479,31.907],[74.527,31.893],[74.52,31.92],[74.543,31.94],[74.523,31.944],[74.479,31.907]],[[74.446,31.91],[74.436,31.913],[74.446,31.9],[74.446,31.91]],[[74.382,31.903],[74.392,31.907],[74.382,31.907],[74.382,31.903]],[[74.439,31.933],[74.442,31.937],[74.439,31.937],[74.439,31.933]],[[74.385,31.937],[74.388,31.944],[74.385,31.944],[74.385,31.937]],[[74.405,31.944],[74.398,31.94],[74.405,31.94],[74.405,31.944]],[[74.473,31.944],[74.466,31.94],[74.473,31.94],[74.473,31.944]],[[74.587,31.94],[74.577,31.933],[74.587,31.937],[74.587,31.94]],[[74.547,31.933],[74.554,31.937],[74.547,31.937],[74.547,31.933]],[[74.604,31.93],[74.601,31.927],[74.604,31.927],[74.604,31.93]],[[74.611,31.917],[74.608,31.913],[74.611,31.913],[74.611,31.917]],[[74.57,31.907],[74.574,31.9],[74.577,31.9],[74.57,31.907]],[[74.473,31.883],[74.459,31.886],[74.459,31.883],[74.473,31.883]],[[74.527,31.88],[74.52,31.88],[74.516,31.876],[74.527,31.88]],[[74.543,31.876],[74.54,31.873],[74.543,31.873],[74.543,31.876]],[[74.527,31.873],[74.53,31.876],[74.527,31.876],[74.527,31.873]],[[74.409,31.863],[74.398,31.883],[74.392,31.873],[74.409,31.863]],[[74.456,31.873],[74.442,31.866],[74.456,31.869],[74.456,31.873]],[[74.54,31.869],[74.533,31.866],[74.53,31.869],[74.533,31.863],[74.537,31.863],[74.54,31.869]],[[74.476,31.866],[74.425,31.856],[74.422,31.819],[74.459,31.826],[74.476,31.866]],[[74.503,31.856],[74.496,31.856],[74.493,31.853],[74.503,31.856]],[[74.489,31.853],[74.486,31.849],[74.489,31.849],[74.489,31.853]],[[74.479,31.846],[74.476,31.842],[74.479,31.842],[74.479,31.846]],[[74.483,31.839],[74.479,31.836],[74.483,31.836],[74.483,31.839]],[[74.459,31.822],[74.456,31.819],[74.459,31.819],[74.459,31.822]],[[74.361,31.815],[74.365,31.822],[74.361,31.822],[74.361,31.815]],[[74.318,31.815],[74.321,31.819],[74.318,31.819],[74.318,31.815]],[[74.398,31.826],[74.405,31.829],[74.398,31.829],[74.398,31.826]],[[74.361,31.829],[74.365,31.832],[74.361,31.832],[74.361,31.829]],[[74.301,31.836],[74.311,31.839],[74.311,31.846],[74.301,31.836]],[[74.28,31.846],[74.287,31.849],[74.28,31.849],[74.28,31.846]],[[74.415,31.849],[74.419,31.853],[74.415,31.853],[74.415,31.849]],[[74.294,31.859],[74.311,31.859],[74.311,31.869],[74.294,31.859]],[[74.284,31.863],[74.287,31.866],[74.284,31.866],[74.284,31.863]],[[74.341,31.859],[74.334,31.856],[74.341,31.856],[74.341,31.859]],[[74.409,31.859],[74.405,31.856],[74.409,31.856],[74.409,31.859]],[[74.324,31.856],[74.328,31.863],[74.324,31.863],[74.324,31.856]],[[74.425,31.863],[74.432,31.869],[74.422,31.869],[74.425,31.863]],[[74.331,31.869],[74.334,31.873],[74.331,31.873],[74.331,31.869]],[[74.375,31.873],[74.371,31.869],[74.375,31.869],[74.375,31.873]],[[74.318,31.873],[74.314,31.883],[74.307,31.883],[74.318,31.873]],[[74.358,31.876],[74.355,31.883],[74.351,31.883],[74.351,31.88],[74.358,31.876]],[[74.388,31.88],[74.382,31.876],[74.388,31.876],[74.388,31.88]],[[74.371,31.88],[74.375,31.883],[74.371,31.883],[74.371,31.88]],[[74.449,31.886],[74.446,31.88],[74.449,31.88],[74.449,31.886]],[[74.489,31.883],[74.483,31.876],[74.489,31.88],[74.489,31.883]],[[74.452,31.876],[74.456,31.883],[74.452,31.883],[74.452,31.876]],[[74.439,31.876],[74.442,31.88],[74.439,31.88],[74.439,31.876]],[[74.331,31.886],[74.334,31.89],[74.331,31.89],[74.331,31.886]],[[74.28,31.89],[74.284,31.893],[74.28,31.893],[74.28,31.89]],[[74.294,31.903],[74.307,31.9],[74.307,31.907],[74.294,31.903]],[[74.314,31.903],[74.324,31.89],[74.328,31.893],[74.344,31.89],[74.344,31.917],[74.314,31.903]],[[74.351,31.913],[74.348,31.91],[74.351,31.91],[74.351,31.913]],[[74.371,31.89],[74.375,31.893],[74.371,31.893],[74.371,31.89]],[[74.331,31.92],[74.341,31.923],[74.331,31.923],[74.331,31.92]],[[74.318,31.947],[74.321,31.95],[74.318,31.95],[74.318,31.947]],[[74.351,31.967],[74.348,31.964],[74.351,31.964],[74.351,31.967]],[[74.402,31.987],[74.388,31.991],[74.388,31.987],[74.402,31.987]],[[74.307,31.987],[74.311,31.991],[74.307,31.991],[74.307,31.987]],[[74.527,32.001],[74.523,31.998],[74.527,31.998],[74.527,32.001]],[[74.53,31.987],[74.527,31.981],[74.53,31.981],[74.53,31.987]],[[74.496,31.981],[74.5,31.984],[74.496,31.984],[74.496,31.981]],[[74.459,32.004],[74.463,32.008],[74.459,32.008],[74.459,32.004]],[[74.503,32.018],[74.506,32.021],[74.503,32.021],[74.503,32.018]],[[74.668,32.035],[74.672,32.028],[74.672,32.035],[74.668,32.035]],[[74.682,32.028],[74.672,32.021],[74.675,32.014],[74.682,32.028]],[[74.655,32.018],[74.665,32.028],[74.661,32.028],[74.655,32.018]],[[74.645,32.021],[74.651,32.025],[74.645,32.025],[74.645,32.021]],[[74.446,32.035],[74.449,32.038],[74.446,32.038],[74.446,32.035]],[[74.476,32.038],[74.473,32.035],[74.476,32.035],[74.476,32.038]],[[74.439,32.041],[74.442,32.045],[74.439,32.045],[74.439,32.041]],[[74.432,32.041],[74.436,32.045],[74.432,32.045],[74.432,32.041]],[[74.513,32.048],[74.51,32.041],[74.513,32.041],[74.513,32.048]],[[74.601,32.048],[74.597,32.045],[74.601,32.045],[74.601,32.048]],[[74.655,32.045],[74.651,32.041],[74.655,32.041],[74.655,32.045]],[[74.759,32.041],[74.746,32.035],[74.759,32.038],[74.759,32.041]],[[74.766,32.038],[74.759,32.028],[74.773,32.031],[74.766,32.038]],[[74.726,32.028],[74.729,32.031],[74.726,32.031],[74.726,32.028]],[[74.742,32.014],[74.732,32.028],[74.729,32.021],[74.742,32.014]],[[74.753,32.025],[74.749,32.021],[74.753,32.021],[74.753,32.025]],[[74.715,32.025],[74.719,32.028],[74.715,32.028],[74.715,32.025]],[[74.739,32.031],[74.742,32.038],[74.736,32.031],[74.739,32.031]],[[74.503,32.038],[74.506,32.041],[74.503,32.041],[74.503,32.038]],[[74.709,32.041],[74.712,32.048],[74.709,32.048],[74.709,32.041]],[[74.726,32.048],[74.729,32.045],[74.729,32.052],[74.726,32.048]],[[74.779,32.048],[74.783,32.045],[74.783,32.052],[74.779,32.048]],[[74.314,32.025],[74.311,32.021],[74.314,32.021],[74.314,32.025]],[[74.294,32.028],[74.297,32.031],[74.294,32.031],[74.294,32.028]],[[74.469,32.062],[74.463,32.058],[74.469,32.058],[74.469,32.062]],[[74.527,32.062],[74.516,32.058],[74.527,32.058],[74.527,32.062]],[[74.537,32.065],[74.53,32.058],[74.537,32.055],[74.537,32.065]],[[74.358,32.065],[74.361,32.068],[74.358,32.068],[74.358,32.065]],[[74.661,32.065],[74.658,32.058],[74.661,32.058],[74.661,32.065]],[[74.456,32.065],[74.452,32.062],[74.456,32.062],[74.456,32.065]],[[74.641,32.058],[74.638,32.055],[74.641,32.055],[74.641,32.058]],[[74.547,32.052],[74.554,32.058],[74.547,32.058],[74.547,32.052]],[[74.746,32.058],[74.742,32.055],[74.746,32.055],[74.746,32.058]],[[74.301,32.109],[74.304,32.112],[74.301,32.112],[74.301,32.109]],[[74.264,32.112],[74.274,32.122],[74.264,32.122],[74.264,32.112]],[[74.311,32.126],[74.328,32.116],[74.328,32.129],[74.311,32.126]],[[74.297,32.126],[74.304,32.129],[74.297,32.129],[74.297,32.126]],[[74.28,32.129],[74.284,32.126],[74.284,32.129],[74.28,32.129]],[[74.301,32.116],[74.307,32.119],[74.301,32.119],[74.301,32.116]],[[74.328,32.112],[74.324,32.109],[74.328,32.109],[74.328,32.112]],[[74.668,32.136],[74.665,32.132],[74.668,32.132],[74.668,32.136]],[[74.611,32.132],[74.614,32.136],[74.611,32.136],[74.611,32.132]],[[74.678,32.19],[74.682,32.193],[74.678,32.193],[74.678,32.19]],[[74.722,32.193],[74.719,32.19],[74.722,32.19],[74.722,32.193]],[[74.645,32.21],[74.655,32.217],[74.641,32.217],[74.645,32.21]],[[74.675,32.223],[74.678,32.213],[74.678,32.223],[74.675,32.223]],[[74.661,32.217],[74.672,32.22],[74.661,32.22],[74.661,32.217]],[[74.429,32.234],[74.436,32.237],[74.436,32.24],[74.432,32.24],[74.429,32.234]],[[74.378,32.237],[74.388,32.247],[74.375,32.247],[74.378,32.237]],[[74.398,32.25],[74.395,32.247],[74.398,32.247],[74.398,32.25]],[[74.412,32.25],[74.405,32.247],[74.412,32.247],[74.412,32.25]],[[74.54,32.25],[74.527,32.247],[74.527,32.244],[74.537,32.244],[74.54,32.25]],[[74.422,32.244],[74.425,32.247],[74.422,32.247],[74.422,32.244]],[[74.506,32.24],[74.503,32.237],[74.506,32.237],[74.506,32.24]],[[74.567,32.25],[74.57,32.257],[74.567,32.257],[74.567,32.25]],[[74.412,32.254],[74.422,32.257],[74.425,32.264],[74.419,32.264],[74.412,32.254]],[[74.392,32.271],[74.422,32.277],[74.415,32.288],[74.392,32.271]],[[74.392,32.277],[74.395,32.281],[74.392,32.281],[74.392,32.277]],[[74.432,32.288],[74.425,32.267],[74.439,32.271],[74.432,32.288]],[[74.489,32.254],[74.493,32.261],[74.489,32.261],[74.489,32.254]],[[74.496,32.261],[74.506,32.267],[74.506,32.271],[74.5,32.271],[74.496,32.261]],[[74.564,32.274],[74.56,32.267],[74.564,32.267],[74.564,32.274]],[[74.631,32.277],[74.611,32.277],[74.618,32.271],[74.628,32.271],[74.631,32.277]],[[74.591,32.277],[74.594,32.281],[74.591,32.281],[74.591,32.277]],[[74.581,32.277],[74.57,32.291],[74.554,32.277],[74.581,32.277]],[[74.503,32.277],[74.506,32.281],[74.503,32.281],[74.503,32.277]],[[74.638,32.274],[74.631,32.271],[74.628,32.264],[74.638,32.271],[74.638,32.274]],[[74.618,32.264],[74.621,32.267],[74.618,32.267],[74.618,32.264]],[[74.604,32.291],[74.601,32.298],[74.597,32.291],[74.604,32.291]],[[74.574,32.294],[74.577,32.298],[74.574,32.298],[74.574,32.294]],[[74.675,32.294],[74.675,32.284],[74.678,32.294],[74.675,32.294]],[[74.763,32.294],[74.759,32.288],[74.763,32.288],[74.763,32.294]],[[74.79,32.301],[74.793,32.291],[74.8,32.301],[74.79,32.301]],[[74.726,32.298],[74.715,32.304],[74.719,32.298],[74.726,32.298]],[[74.753,32.311],[74.766,32.304],[74.766,32.308],[74.753,32.311]],[[74.688,32.301],[74.692,32.308],[74.688,32.308],[74.688,32.301]],[[74.678,32.304],[74.682,32.308],[74.678,32.308],[74.678,32.304]],[[74.661,32.308],[74.665,32.311],[74.661,32.311],[74.661,32.308]],[[74.806,32.311],[74.803,32.308],[74.806,32.308],[74.806,32.311]],[[74.776,32.291],[74.766,32.281],[74.783,32.281],[74.776,32.291]],[[74.739,32.281],[74.742,32.288],[74.739,32.288],[74.739,32.281]],[[74.726,32.281],[74.729,32.284],[74.726,32.284],[74.726,32.281]],[[74.756,32.288],[74.753,32.284],[74.756,32.284],[74.756,32.288]],[[74.695,32.281],[74.688,32.277],[74.688,32.274],[74.692,32.274],[74.695,32.281]],[[74.766,32.277],[74.759,32.271],[74.766,32.271],[74.766,32.277]],[[74.793,32.274],[74.79,32.271],[74.793,32.271],[74.793,32.274]],[[74.715,32.271],[74.719,32.274],[74.715,32.274],[74.715,32.271]],[[74.699,32.271],[74.702,32.274],[74.699,32.274],[74.699,32.271]],[[74.746,32.271],[74.742,32.267],[74.746,32.267],[74.746,32.271]],[[74.779,32.267],[74.773,32.264],[74.773,32.261],[74.776,32.261],[74.779,32.267]],[[74.709,32.261],[74.705,32.254],[74.712,32.254],[74.709,32.261]],[[74.823,32.261],[74.82,32.257],[74.823,32.257],[74.823,32.261]],[[74.817,32.254],[74.823,32.244],[74.793,32.217],[74.817,32.223],[74.827,32.24],[74.817,32.254]],[[74.756,32.318],[74.753,32.325],[74.749,32.325],[74.756,32.318]],[[74.732,32.331],[74.739,32.335],[74.732,32.335],[74.732,32.331]],[[74.746,32.335],[74.742,32.331],[74.746,32.331],[74.746,32.335]],[[74.79,32.335],[74.786,32.331],[74.79,32.331],[74.79,32.335]],[[74.668,32.311],[74.675,32.318],[74.678,32.325],[74.668,32.318],[74.668,32.311]],[[74.665,32.325],[74.672,32.328],[74.665,32.328],[74.665,32.325]],[[74.702,32.321],[74.709,32.311],[74.705,32.321],[74.702,32.321]],[[74.543,32.301],[74.547,32.304],[74.543,32.304],[74.543,32.301]],[[74.611,32.308],[74.621,32.311],[74.611,32.311],[74.611,32.308]],[[74.628,32.311],[74.624,32.308],[74.628,32.308],[74.628,32.311]],[[74.608,32.321],[74.611,32.325],[74.608,32.325],[74.608,32.321]],[[74.621,32.325],[74.618,32.321],[74.621,32.321],[74.621,32.325]],[[74.338,32.277],[74.344,32.284],[74.338,32.284],[74.338,32.277]],[[74.446,32.328],[74.449,32.331],[74.446,32.331],[74.446,32.328]],[[74.439,32.335],[74.442,32.331],[74.442,32.335],[74.439,32.335]],[[74.449,32.345],[74.463,32.331],[74.459,32.352],[74.449,32.345]],[[74.442,32.345],[74.432,32.358],[74.425,32.358],[74.429,32.345],[74.442,32.345]],[[74.402,32.352],[74.412,32.365],[74.402,32.368],[74.402,32.352]],[[74.378,32.358],[74.385,32.362],[74.378,32.362],[74.378,32.358]],[[74.442,32.368],[74.439,32.365],[74.442,32.365],[74.442,32.368]],[[74.456,32.365],[74.452,32.362],[74.456,32.362],[74.456,32.365]],[[74.486,32.352],[74.483,32.348],[74.486,32.348],[74.486,32.352]],[[74.324,31.812],[74.321,31.809],[74.324,31.809],[74.324,31.812]],[[74.351,31.782],[74.348,31.778],[74.351,31.778],[74.351,31.782]],[[74.422,31.778],[74.415,31.775],[74.422,31.775],[74.422,31.778]],[[74.331,31.775],[74.338,31.778],[74.331,31.778],[74.331,31.775]],[[74.294,31.775],[74.297,31.778],[74.294,31.778],[74.294,31.775]],[[74.304,31.775],[74.301,31.772],[74.304,31.772],[74.304,31.775]],[[74.341,31.778],[74.344,31.782],[74.341,31.782],[74.341,31.778]],[[74.439,31.751],[74.429,31.755],[74.422,31.751],[74.439,31.751]],[[74.385,31.758],[74.388,31.762],[74.385,31.762],[74.385,31.758]],[[74.419,31.751],[74.412,31.748],[74.419,31.748],[74.419,31.751]],[[74.459,31.748],[74.456,31.745],[74.459,31.745],[74.459,31.748]],[[74.398,31.741],[74.395,31.751],[74.385,31.751],[74.398,31.741]],[[74.415,31.731],[74.412,31.728],[74.415,31.728],[74.415,31.731]],[[74.422,31.728],[74.419,31.721],[74.422,31.721],[74.422,31.728]],[[74.307,31.724],[74.311,31.728],[74.307,31.728],[74.307,31.724]],[[74.398,31.721],[74.395,31.718],[74.398,31.718],[74.398,31.721]],[[74.348,31.718],[74.351,31.721],[74.348,31.721],[74.348,31.718]],[[74.324,31.687],[74.318,31.684],[74.324,31.684],[74.324,31.687]],[[74.581,31.893],[74.57,31.89],[74.57,31.883],[74.581,31.89],[74.581,31.893]],[[74.581,31.883],[74.577,31.88],[74.581,31.88],[74.581,31.883]],[[74.763,32.065],[74.766,32.068],[74.763,32.068],[74.763,32.065]],[[74.837,32.065],[74.833,32.072],[74.83,32.072],[74.837,32.065]],[[74.783,32.068],[74.786,32.072],[74.783,32.072],[74.783,32.068]],[[74.82,32.075],[74.827,32.078],[74.82,32.078],[74.82,32.075]],[[74.904,32.426],[74.908,32.429],[74.904,32.429],[74.904,32.426]],[[74.712,32.426],[74.719,32.436],[74.712,32.439],[74.712,32.426]],[[74.702,32.429],[74.705,32.433],[74.702,32.433],[74.702,32.429]]]}},{"type":"Feature","properties":{},"geometry":{"type":"Polygon","coordinates":[[[73.009,32.611],[73.036,32.581],[72.962,32.561],[72.948,32.594],[73.009,32.611]],[[72.992,32.578],[72.989,32.574],[72.992,32.574],[72.992,32.578]]]}},{"type":"Feature","properties":{},"geometry":{"type":"Polygon","coordinates":[[[73.08,32.628],[73.093,32.598],[73.05,32.581],[73.053,32.621],[73.08,32.628]]]}},{"type":"Feature","properties":{},"geometry":{"type":"Polygon","coordinates":[[[70.885,32.669],[70.956,32.648],[70.922,32.621],[70.895,32.635],[70.885,32.669]],[[70.919,32.642],[70.915,32.638],[70.919,32.638],[70.919,32.642]]]}},{"type":"Feature","properties":{},"geometry":{"type":"Polygon","coordinates":[[[74.27,32.672],[74.243,32.615],[74.213,32.628],[74.27,32.672]]]}},{"type":"Feature","properties":{},"geometry":{"type":"Polygon","coordinates":[[[73.545,32.615],[73.448,32.591],[73.373,32.594],[73.373,32.608],[73.441,32.601],[73.437,32.608],[73.441,32.615],[73.451,32.601],[73.471,32.628],[73.501,32.625],[73.535,32.648],[73.518,32.652],[73.525,32.675],[73.562,32.662],[73.545,32.615]],[[73.532,32.625],[73.532,32.632],[73.525,32.621],[73.532,32.625]],[[73.549,32.645],[73.555,32.655],[73.549,32.652],[73.549,32.645]],[[73.542,32.652],[73.545,32.655],[73.542,32.655],[73.542,32.652]],[[73.468,32.611],[73.464,32.608],[73.468,32.608],[73.468,32.611]]]}},{"type":"Feature","properties":{},"geometry":{"type":"Polygon","coordinates":[[[73.208,32.672],[73.137,32.601],[73.1,32.598],[73.117,32.662],[73.151,32.662],[73.154,32.638],[73.164,32.675],[73.195,32.675],[73.201,32.699],[73.208,32.675],[73.245,32.672],[73.215,32.648],[73.208,32.672]],[[73.144,32.611],[73.141,32.615],[73.137,32.611],[73.144,32.611]]]}},{"type":"Feature","properties":{},"geometry":{"type":"Polygon","coordinates":[[[74.199,32.699],[74.213,32.696],[74.166,32.675],[74.159,32.719],[74.183,32.702],[74.193,32.716],[74.213,32.716],[74.199,32.699]]]}},{"type":"Feature","properties":{},"geometry":{"type":"Polygon","coordinates":[[[73.711,32.733],[73.835,32.733],[73.829,32.702],[73.862,32.706],[73.859,32.685],[73.876,32.679],[73.866,32.665],[73.856,32.682],[73.825,32.662],[73.842,32.662],[73.835,32.648],[73.866,32.618],[73.835,32.591],[73.862,32.581],[73.852,32.557],[73.872,32.564],[73.825,32.537],[73.862,32.513],[73.859,32.53],[73.889,32.551],[73.883,32.534],[73.913,32.534],[73.92,32.507],[73.896,32.527],[73.906,32.5],[73.876,32.507],[73.886,32.493],[73.856,32.463],[73.856,32.48],[73.785,32.487],[73.775,32.473],[73.771,32.497],[73.744,32.446],[73.714,32.463],[73.704,32.449],[73.707,32.48],[73.68,32.487],[73.684,32.503],[73.616,32.51],[73.633,32.54],[73.67,32.517],[73.697,32.53],[73.721,32.52],[73.731,32.534],[73.724,32.513],[73.731,32.507],[73.775,32.513],[73.778,32.53],[73.754,32.527],[73.771,32.551],[73.775,32.574],[73.805,32.557],[73.812,32.53],[73.808,32.557],[73.845,32.564],[73.825,32.571],[73.822,32.598],[73.788,32.594],[73.761,32.578],[73.748,32.52],[73.731,32.52],[73.744,32.537],[73.711,32.537],[73.727,32.554],[73.694,32.54],[73.633,32.557],[73.646,32.578],[73.62,32.574],[73.623,32.605],[73.616,32.594],[73.606,32.594],[73.603,32.625],[73.623,32.608],[73.65,32.628],[73.633,32.642],[73.646,32.638],[73.663,32.652],[73.667,32.621],[73.673,32.635],[73.694,32.635],[73.734,32.615],[73.738,32.642],[73.761,32.635],[73.768,32.642],[73.748,32.648],[73.748,32.669],[73.714,32.662],[73.717,32.642],[73.7,32.635],[73.66,32.672],[73.653,32.648],[73.626,32.652],[73.62,32.689],[73.711,32.733]],[[73.765,32.716],[73.761,32.712],[73.765,32.712],[73.765,32.716]],[[73.707,32.712],[73.704,32.706],[73.707,32.706],[73.707,32.712]],[[73.724,32.706],[73.717,32.699],[73.724,32.699],[73.724,32.706]],[[73.775,32.692],[73.758,32.682],[73.771,32.682],[73.775,32.692]],[[73.856,32.696],[73.825,32.692],[73.849,32.682],[73.856,32.696]],[[73.795,32.685],[73.805,32.689],[73.795,32.689],[73.795,32.685]],[[73.815,32.692],[73.808,32.685],[73.815,32.685],[73.815,32.692]],[[73.707,32.685],[73.704,32.696],[73.694,32.685],[73.707,32.685]],[[73.758,32.679],[73.761,32.669],[73.768,32.675],[73.758,32.679]],[[73.815,32.675],[73.812,32.672],[73.815,32.672],[73.815,32.675]],[[73.788,32.669],[73.785,32.665],[73.788,32.665],[73.788,32.669]],[[73.687,32.662],[73.68,32.658],[73.687,32.658],[73.687,32.662]],[[73.808,32.648],[73.802,32.645],[73.808,32.642],[73.808,32.648]],[[73.808,32.625],[73.805,32.621],[73.808,32.621],[73.808,32.625]],[[73.825,32.621],[73.818,32.615],[73.825,32.615],[73.825,32.621]],[[73.845,32.618],[73.829,32.611],[73.829,32.608],[73.845,32.611],[73.845,32.618]],[[73.687,32.605],[73.69,32.618],[73.68,32.618],[73.687,32.605]],[[73.731,32.605],[73.727,32.591],[73.751,32.581],[73.751,32.598],[73.731,32.605]],[[73.646,32.581],[73.65,32.584],[73.646,32.584],[73.646,32.581]],[[73.7,32.584],[73.704,32.588],[73.7,32.588],[73.7,32.584]],[[73.657,32.588],[73.66,32.591],[73.657,32.591],[73.657,32.588]],[[73.646,32.608],[73.65,32.598],[73.653,32.608],[73.646,32.608]],[[73.64,32.608],[73.646,32.615],[73.636,32.615],[73.64,32.608]],[[73.65,32.618],[73.653,32.611],[73.657,32.621],[73.65,32.618]],[[73.7,32.605],[73.704,32.608],[73.7,32.608],[73.7,32.605]],[[73.751,32.615],[73.744,32.611],[73.751,32.611],[73.751,32.615]],[[73.7,32.611],[73.704,32.615],[73.7,32.615],[73.7,32.611]],[[73.788,32.618],[73.775,32.625],[73.778,32.618],[73.788,32.618]],[[73.798,32.625],[73.795,32.621],[73.798,32.621],[73.798,32.625]],[[73.68,32.628],[73.684,32.632],[73.68,32.632],[73.68,32.628]],[[73.657,32.635],[73.66,32.638],[73.657,32.638],[73.657,32.635]],[[73.653,32.567],[73.657,32.564],[73.657,32.571],[73.653,32.567]],[[73.738,32.567],[73.748,32.561],[73.744,32.567],[73.738,32.567]],[[73.748,32.551],[73.744,32.547],[73.748,32.547],[73.748,32.551]],[[73.832,32.581],[73.842,32.574],[73.845,32.581],[73.832,32.581]],[[73.835,32.557],[73.839,32.554],[73.839,32.557],[73.835,32.557]],[[73.802,32.53],[73.805,32.534],[73.802,32.534],[73.802,32.53]],[[73.791,32.544],[73.795,32.554],[73.788,32.554],[73.791,32.544]],[[73.832,32.527],[73.829,32.524],[73.832,32.524],[73.832,32.527]],[[73.832,32.52],[73.829,32.517],[73.832,32.517],[73.832,32.52]],[[73.704,32.51],[73.711,32.517],[73.704,32.517],[73.704,32.51]],[[73.646,32.513],[73.65,32.52],[73.646,32.52],[73.646,32.513]],[[73.687,32.52],[73.69,32.524],[73.687,32.524],[73.687,32.52]],[[73.721,32.503],[73.704,32.5],[73.724,32.497],[73.721,32.503]],[[73.832,32.5],[73.829,32.497],[73.832,32.497],[73.832,32.5]],[[73.707,32.493],[73.704,32.487],[73.711,32.487],[73.707,32.493]],[[73.724,32.49],[73.714,32.483],[73.724,32.487],[73.724,32.49]],[[73.842,32.49],[73.839,32.487],[73.842,32.487],[73.842,32.49]]]}},{"type":"Feature","properties":{},"geometry":{"type":"Polygon","coordinates":[[[74.483,32.736],[74.503,32.756],[74.547,32.739],[74.533,32.733],[74.547,32.723],[74.567,32.753],[74.631,32.77],[74.638,32.75],[74.672,32.78],[74.651,32.753],[74.655,32.685],[74.638,32.682],[74.624,32.658],[74.648,32.682],[74.672,32.658],[74.645,32.608],[74.655,32.557],[74.638,32.54],[74.597,32.551],[74.601,32.561],[74.56,32.547],[74.567,32.591],[74.533,32.598],[74.523,32.557],[74.469,32.53],[74.442,32.547],[74.446,32.524],[74.415,32.483],[74.429,32.476],[74.436,32.446],[74.405,32.456],[74.388,32.436],[74.351,32.46],[74.358,32.473],[74.395,32.466],[74.382,32.497],[74.351,32.49],[74.348,32.51],[74.27,32.483],[74.26,32.5],[74.318,32.507],[74.324,32.54],[74.324,32.517],[74.378,32.513],[74.419,32.551],[74.378,32.54],[74.385,32.554],[74.375,32.564],[74.355,32.537],[74.301,32.564],[74.25,32.561],[74.233,32.537],[74.196,32.551],[74.152,32.53],[74.135,32.534],[74.149,32.52],[74.125,32.507],[74.122,32.48],[74.095,32.483],[74.075,32.46],[73.967,32.412],[73.98,32.392],[73.977,32.406],[74.007,32.412],[74.007,32.429],[74.075,32.426],[74.092,32.449],[74.085,32.422],[74.044,32.419],[74.085,32.406],[74.068,32.389],[74.102,32.402],[74.092,32.375],[74.125,32.372],[74.098,32.352],[74.105,32.331],[74.075,32.338],[74.085,32.298],[74.068,32.294],[74.061,32.318],[74.028,32.308],[74.038,32.281],[74.004,32.284],[74.028,32.271],[74.014,32.247],[73.99,32.25],[74.007,32.274],[73.933,32.271],[73.933,32.257],[73.893,32.25],[73.896,32.227],[73.825,32.2],[73.852,32.176],[73.849,32.193],[73.879,32.203],[73.862,32.176],[73.903,32.166],[73.876,32.186],[73.906,32.183],[73.903,32.203],[73.947,32.257],[73.957,32.223],[73.984,32.23],[73.977,32.213],[73.987,32.213],[73.984,32.244],[73.997,32.237],[74.004,32.197],[73.987,32.176],[73.98,32.21],[73.936,32.197],[73.936,32.156],[73.923,32.146],[73.96,32.139],[73.933,32.139],[73.93,32.119],[73.916,32.132],[73.906,32.105],[73.943,32.089],[73.92,32.092],[73.906,32.048],[73.883,32.052],[73.899,32.028],[73.879,32.025],[73.893,32.018],[73.883,32.018],[73.879,31.998],[73.859,31.991],[73.859,31.967],[73.866,31.967],[73.879,31.984],[73.883,32.011],[73.896,32.008],[73.886,31.994],[73.913,32.021],[73.943,32.004],[73.933,31.998],[73.96,31.971],[73.93,31.913],[73.957,31.933],[73.96,31.91],[73.977,31.93],[73.99,31.92],[73.974,31.903],[73.987,31.883],[73.95,31.883],[73.984,31.869],[73.963,31.846],[73.997,31.856],[74.007,31.893],[74.024,31.893],[74.034,31.903],[74.021,31.917],[74.017,31.896],[74.007,31.947],[73.99,31.947],[74.011,31.971],[73.987,31.967],[74.011,31.998],[74.048,31.991],[74.017,32.008],[74.048,32.021],[74.021,32.048],[74.038,32.058],[74.058,32.031],[74.085,32.041],[74.058,32.045],[74.078,32.082],[74.058,32.052],[74.044,32.068],[74.058,32.116],[74.081,32.085],[74.092,32.139],[74.135,32.149],[74.095,32.112],[74.135,32.078],[74.119,32.021],[74.169,32.062],[74.193,32.055],[74.162,32.011],[74.199,32.031],[74.203,32.008],[74.152,31.984],[74.173,31.967],[74.176,31.991],[74.199,31.991],[74.189,31.987],[74.183,31.96],[74.203,31.954],[74.166,31.933],[74.162,31.971],[74.142,31.971],[74.149,31.957],[74.129,31.907],[74.149,31.927],[74.173,31.923],[74.156,31.88],[74.129,31.9],[74.135,31.863],[74.112,31.866],[74.108,31.849],[74.078,31.846],[74.092,31.859],[74.078,31.89],[74.038,31.88],[74.038,31.863],[74.017,31.883],[74.028,31.839],[74.058,31.832],[74.048,31.809],[74.011,31.795],[74.017,31.778],[74.001,31.795],[73.957,31.789],[73.984,31.795],[73.943,31.815],[73.957,31.812],[73.963,31.866],[73.903,31.832],[73.899,31.795],[73.876,31.815],[73.899,31.839],[73.862,31.863],[73.872,31.89],[73.845,31.893],[73.866,31.876],[73.839,31.842],[73.856,31.849],[73.866,31.822],[73.842,31.812],[73.832,31.839],[73.785,31.842],[73.781,31.859],[73.808,31.88],[73.761,31.893],[73.788,31.873],[73.751,31.826],[73.704,31.809],[73.69,31.829],[73.68,31.815],[73.727,31.785],[73.738,31.731],[73.721,31.741],[73.707,31.724],[73.704,31.745],[73.684,31.741],[73.687,31.782],[73.663,31.772],[73.684,31.751],[73.66,31.714],[73.62,31.718],[73.616,31.735],[73.599,31.741],[73.63,31.704],[73.63,31.687],[73.606,31.697],[73.609,31.677],[73.636,31.681],[73.643,31.64],[73.66,31.647],[73.67,31.627],[73.646,31.63],[73.633,31.647],[73.62,31.633],[73.633,31.667],[73.623,31.65],[73.606,31.647],[73.623,31.67],[73.603,31.66],[73.569,31.67],[73.566,31.687],[73.589,31.684],[73.586,31.738],[73.542,31.762],[73.566,31.792],[73.549,31.795],[73.552,31.785],[73.542,31.775],[73.512,31.785],[73.512,31.765],[73.491,31.751],[73.535,31.741],[73.464,31.748],[73.437,31.721],[73.464,31.792],[73.485,31.762],[73.481,31.785],[73.498,31.782],[73.501,31.809],[73.475,31.815],[73.461,31.842],[73.448,31.832],[73.427,31.839],[73.431,31.802],[73.404,31.815],[73.36,31.795],[73.38,31.772],[73.353,31.775],[73.356,31.799],[73.323,31.792],[73.34,31.785],[73.333,31.768],[73.299,31.785],[73.313,31.795],[73.292,31.792],[73.306,31.775],[73.269,31.782],[73.296,31.799],[73.276,31.819],[73.306,31.826],[73.269,31.832],[73.286,31.886],[73.303,31.883],[73.289,31.863],[73.326,31.849],[73.303,31.799],[73.33,31.799],[73.313,31.815],[73.33,31.846],[73.353,31.836],[73.363,31.853],[73.39,31.853],[73.377,31.859],[73.37,31.893],[73.343,31.893],[73.356,31.93],[73.33,31.917],[73.306,31.937],[73.333,31.9],[73.292,31.9],[73.265,31.917],[73.252,31.896],[73.276,31.88],[73.232,31.859],[73.238,31.839],[73.252,31.849],[73.265,31.832],[73.222,31.842],[73.228,31.829],[73.208,31.836],[73.198,31.809],[73.168,31.792],[73.158,31.805],[73.147,31.775],[73.131,31.802],[73.161,31.829],[73.174,31.829],[73.161,31.815],[73.185,31.819],[73.171,31.832],[73.174,31.849],[73.195,31.836],[73.201,31.853],[73.174,31.88],[73.195,31.903],[73.185,31.92],[73.222,31.927],[73.252,31.971],[73.245,31.994],[73.286,31.998],[73.282,32.018],[73.242,32.025],[73.269,32.025],[73.265,32.055],[73.286,32.041],[73.272,32.078],[73.225,32.041],[73.228,32.021],[73.181,32.004],[73.185,31.96],[73.218,31.967],[73.211,31.94],[73.171,31.937],[73.185,31.957],[73.154,31.94],[73.06,31.805],[73.006,31.795],[73.013,31.751],[72.969,31.758],[72.952,31.714],[72.891,31.708],[72.891,31.691],[72.874,31.708],[72.881,31.677],[72.807,31.65],[72.8,31.623],[72.777,31.664],[72.696,31.65],[72.692,31.677],[72.618,31.65],[72.598,31.61],[72.574,31.606],[72.564,31.566],[72.524,31.559],[72.524,31.532],[72.483,31.542],[72.5,31.519],[72.46,31.502],[72.463,31.475],[72.433,31.472],[72.433,31.451],[72.416,31.458],[72.429,31.441],[72.406,31.458],[72.406,31.424],[72.385,31.428],[72.382,31.411],[72.355,31.411],[72.365,31.461],[72.321,31.458],[72.318,31.414],[72.335,31.431],[72.345,31.414],[72.362,31.404],[72.362,31.391],[72.301,31.394],[72.277,31.354],[72.277,31.323],[72.315,31.313],[72.291,31.242],[72.24,31.178],[72.203,31.158],[72.17,31.168],[72.186,31.151],[72.156,31.144],[72.149,31.175],[72.129,31.168],[72.129,31.144],[72.105,31.151],[72.129,31.171],[72.119,31.205],[72.156,31.202],[72.143,31.286],[72.156,31.296],[72.139,31.303],[72.159,31.313],[72.17,31.337],[72.156,31.327],[72.143,31.337],[72.17,31.357],[72.186,31.33],[72.176,31.354],[72.22,31.391],[72.234,31.37],[72.288,31.38],[72.264,31.407],[72.267,31.428],[72.301,31.434],[72.281,31.468],[72.298,31.478],[72.304,31.455],[72.308,31.482],[72.267,31.485],[72.257,31.465],[72.227,31.499],[72.25,31.488],[72.25,31.515],[72.281,31.512],[72.267,31.502],[72.267,31.495],[72.274,31.492],[72.284,31.522],[72.308,31.519],[72.308,31.536],[72.321,31.539],[72.315,31.522],[72.348,31.512],[72.342,31.532],[72.362,31.549],[72.335,31.549],[72.345,31.573],[72.328,31.586],[72.355,31.586],[72.342,31.596],[72.358,31.603],[72.352,31.613],[72.321,31.596],[72.321,31.539],[72.304,31.552],[72.291,31.522],[72.291,31.542],[72.267,31.539],[72.301,31.556],[72.301,31.586],[72.284,31.569],[72.267,31.569],[72.281,31.579],[72.267,31.593],[72.274,31.623],[72.291,31.62],[72.277,31.596],[72.304,31.603],[72.342,31.63],[72.358,31.677],[72.402,31.67],[72.429,31.691],[72.446,31.677],[72.513,31.718],[72.49,31.694],[72.507,31.677],[72.46,31.664],[72.456,31.644],[72.463,31.617],[72.497,31.606],[72.517,31.644],[72.544,31.647],[72.534,31.694],[72.547,31.67],[72.574,31.681],[72.574,31.694],[72.557,31.677],[72.547,31.687],[72.588,31.714],[72.571,31.721],[72.571,31.745],[72.581,31.721],[72.648,31.735],[72.658,31.708],[72.625,31.721],[72.648,31.701],[72.837,31.708],[72.844,31.691],[72.864,31.728],[72.938,31.731],[72.935,31.775],[72.979,31.785],[73.013,31.849],[73.026,31.829],[73.009,31.815],[73.046,31.819],[73.05,31.856],[73.087,31.859],[73.1,31.913],[73.164,31.964],[73.144,31.971],[73.171,32.038],[73.198,32.035],[73.242,32.068],[73.259,32.112],[73.343,32.149],[73.387,32.23],[73.404,32.234],[73.394,32.227],[73.39,32.217],[73.394,32.213],[73.424,32.247],[73.525,32.261],[73.535,32.298],[73.562,32.321],[73.545,32.331],[73.569,32.335],[73.579,32.365],[73.606,32.368],[73.606,32.382],[73.593,32.382],[73.589,32.399],[73.623,32.392],[73.616,32.402],[73.63,32.412],[73.646,32.402],[73.653,32.419],[73.697,32.399],[73.707,32.426],[73.741,32.406],[73.778,32.416],[73.775,32.433],[73.825,32.422],[73.805,32.436],[73.815,32.446],[73.795,32.429],[73.781,32.456],[73.842,32.449],[73.92,32.493],[73.913,32.54],[73.943,32.551],[73.936,32.571],[73.953,32.564],[73.943,32.578],[73.957,32.581],[73.97,32.54],[73.93,32.527],[73.963,32.527],[73.953,32.503],[73.974,32.497],[73.97,32.487],[73.95,32.497],[73.893,32.466],[73.896,32.443],[73.862,32.443],[73.856,32.416],[73.879,32.426],[73.883,32.409],[73.852,32.412],[73.849,32.419],[73.862,32.453],[73.829,32.443],[73.845,32.412],[73.859,32.406],[73.805,32.395],[73.785,32.409],[73.754,32.368],[73.771,32.365],[73.781,32.389],[73.845,32.372],[73.896,32.402],[73.916,32.392],[73.906,32.385],[73.916,32.385],[73.963,32.436],[73.974,32.422],[73.987,32.426],[73.97,32.436],[74.004,32.433],[74.038,32.497],[74.061,32.487],[74.071,32.497],[74.071,32.503],[74.054,32.513],[74.075,32.54],[74.092,32.537],[74.078,32.497],[74.095,32.493],[74.115,32.537],[74.098,32.554],[74.135,32.554],[74.135,32.584],[74.169,32.571],[74.179,32.598],[74.196,32.591],[74.189,32.567],[74.21,32.571],[74.203,32.594],[74.24,32.588],[74.237,32.611],[74.264,32.611],[74.277,32.638],[74.368,32.638],[74.409,32.672],[74.446,32.682],[74.456,32.706],[74.419,32.702],[74.452,32.712],[74.422,32.776],[74.432,32.79],[74.469,32.773],[74.442,32.753],[74.449,32.736],[74.459,32.75],[74.483,32.736]],[[74.452,32.763],[74.452,32.776],[74.442,32.78],[74.439,32.77],[74.452,32.763]],[[74.436,32.78],[74.439,32.783],[74.436,32.783],[74.436,32.78]],[[74.5,32.736],[74.506,32.726],[74.51,32.736],[74.5,32.736]],[[74.53,32.739],[74.493,32.709],[74.486,32.685],[74.452,32.682],[74.446,32.675],[74.479,32.665],[74.53,32.739]],[[74.503,32.739],[74.506,32.743],[74.503,32.743],[74.503,32.739]],[[74.533,32.726],[74.523,32.716],[74.533,32.719],[74.533,32.726]],[[74.618,32.712],[74.638,32.723],[74.648,32.736],[74.618,32.729],[74.618,32.712]],[[74.56,32.729],[74.567,32.733],[74.56,32.733],[74.56,32.729]],[[74.608,32.712],[74.604,32.709],[74.608,32.709],[74.608,32.712]],[[74.624,32.709],[74.621,32.706],[74.624,32.706],[74.624,32.709]],[[74.564,32.706],[74.516,32.665],[74.56,32.679],[74.564,32.706]],[[74.527,32.682],[74.53,32.685],[74.527,32.685],[74.527,32.682]],[[74.611,32.689],[74.608,32.665],[74.628,32.669],[74.631,32.685],[74.611,32.689]],[[74.591,32.682],[74.597,32.692],[74.584,32.692],[74.591,32.682]],[[74.597,32.672],[74.581,32.662],[74.57,32.638],[74.591,32.645],[74.597,32.672]],[[74.564,32.662],[74.567,32.672],[74.56,32.672],[74.564,32.662]],[[74.55,32.665],[74.554,32.669],[74.55,32.669],[74.55,32.665]],[[74.621,32.655],[74.618,32.652],[74.621,32.652],[74.621,32.655]],[[74.608,32.648],[74.597,32.655],[74.601,32.642],[74.608,32.648]],[[74.648,32.648],[74.645,32.642],[74.648,32.642],[74.648,32.648]],[[74.641,32.638],[74.634,32.635],[74.641,32.635],[74.641,32.638]],[[74.429,32.635],[74.432,32.638],[74.429,32.638],[74.429,32.635]],[[74.422,32.628],[74.419,32.628],[74.412,32.625],[74.422,32.628]],[[74.388,32.632],[74.385,32.638],[74.385,32.632],[74.388,32.632]],[[74.382,32.632],[74.378,32.635],[74.378,32.632],[74.382,32.632]],[[74.361,32.628],[74.368,32.632],[74.368,32.635],[74.365,32.635],[74.361,32.628]],[[74.351,32.635],[74.338,32.628],[74.338,32.625],[74.348,32.625],[74.351,32.635]],[[74.301,32.632],[74.304,32.635],[74.301,32.635],[74.301,32.632]],[[74.338,32.635],[74.334,32.632],[74.338,32.632],[74.338,32.635]],[[74.311,32.628],[74.307,32.632],[74.307,32.628],[74.311,32.628]],[[74.314,32.588],[74.375,32.591],[74.385,32.625],[74.304,32.615],[74.314,32.588]],[[74.378,32.584],[74.405,32.581],[74.405,32.594],[74.395,32.594],[74.378,32.584]],[[74.493,32.594],[74.5,32.571],[74.523,32.581],[74.51,32.601],[74.493,32.594]],[[74.395,32.601],[74.419,32.605],[74.422,32.615],[74.388,32.618],[74.395,32.601]],[[74.496,32.611],[74.493,32.608],[74.496,32.608],[74.496,32.611]],[[74.638,32.611],[74.628,32.594],[74.641,32.601],[74.638,32.611]],[[74.594,32.605],[74.597,32.608],[74.594,32.608],[74.594,32.605]],[[74.608,32.608],[74.611,32.611],[74.608,32.611],[74.608,32.608]],[[74.564,32.601],[74.567,32.605],[74.564,32.605],[74.564,32.601]],[[74.496,32.571],[74.493,32.578],[74.493,32.571],[74.496,32.571]],[[74.469,32.567],[74.463,32.574],[74.463,32.567],[74.469,32.567]],[[74.456,32.567],[74.459,32.571],[74.456,32.571],[74.456,32.567]],[[74.371,32.571],[74.355,32.567],[74.351,32.561],[74.365,32.561],[74.371,32.571]],[[74.26,32.571],[74.257,32.574],[74.257,32.567],[74.26,32.571]],[[74.25,32.564],[74.253,32.567],[74.25,32.567],[74.25,32.564]],[[74.206,32.564],[74.243,32.571],[74.247,32.584],[74.206,32.564]],[[74.243,32.561],[74.237,32.557],[74.243,32.557],[74.243,32.561]],[[74.199,32.557],[74.199,32.564],[74.196,32.554],[74.199,32.557]],[[74.186,32.554],[74.193,32.557],[74.186,32.557],[74.186,32.554]],[[74.152,32.564],[74.159,32.561],[74.159,32.564],[74.152,32.564]],[[74.146,32.561],[74.149,32.564],[74.146,32.564],[74.146,32.561]],[[74.169,32.564],[74.176,32.567],[74.176,32.571],[74.169,32.564]],[[74.226,32.561],[74.223,32.557],[74.226,32.557],[74.226,32.561]],[[74.274,32.584],[74.27,32.578],[74.274,32.578],[74.274,32.584]],[[74.425,32.578],[74.422,32.574],[74.425,32.574],[74.425,32.578]],[[74.294,32.571],[74.297,32.574],[74.294,32.574],[74.294,32.571]],[[74.28,32.574],[74.284,32.578],[74.28,32.578],[74.28,32.574]],[[74.304,32.578],[74.301,32.574],[74.304,32.574],[74.304,32.578]],[[74.264,32.581],[74.267,32.584],[74.264,32.584],[74.264,32.581]],[[74.27,32.598],[74.264,32.601],[74.264,32.598],[74.27,32.598]],[[74.291,32.618],[74.301,32.628],[74.294,32.628],[74.291,32.618]],[[74.476,32.621],[74.473,32.618],[74.476,32.618],[74.476,32.621]],[[74.449,32.635],[74.452,32.628],[74.456,32.635],[74.449,32.635]],[[74.581,32.635],[74.574,32.632],[74.581,32.632],[74.581,32.635]],[[74.5,32.632],[74.506,32.635],[74.5,32.635],[74.5,32.632]],[[74.452,32.638],[74.456,32.642],[74.452,32.642],[74.452,32.638]],[[74.395,32.642],[74.405,32.645],[74.395,32.645],[74.395,32.642]],[[74.419,32.655],[74.436,32.642],[74.452,32.665],[74.415,32.665],[74.412,32.642],[74.419,32.655]],[[74.425,32.645],[74.422,32.642],[74.425,32.642],[74.425,32.645]],[[74.52,32.662],[74.516,32.658],[74.52,32.658],[74.52,32.662]],[[74.479,32.652],[74.469,32.648],[74.466,32.645],[74.479,32.652]],[[74.54,32.648],[74.537,32.642],[74.54,32.642],[74.54,32.648]],[[74.577,32.675],[74.584,32.679],[74.577,32.679],[74.577,32.675]],[[74.513,32.669],[74.51,32.675],[74.506,32.675],[74.506,32.672],[74.513,32.669]],[[74.5,32.675],[74.503,32.679],[74.5,32.679],[74.5,32.675]],[[74.584,32.709],[74.597,32.712],[74.584,32.712],[74.584,32.709]],[[74.419,32.672],[74.425,32.669],[74.425,32.672],[74.419,32.672]],[[74.466,32.699],[74.469,32.702],[74.466,32.702],[74.466,32.699]],[[74.483,32.702],[74.486,32.709],[74.479,32.709],[74.483,32.702]],[[74.463,32.712],[74.479,32.719],[74.456,32.729],[74.463,32.712]],[[74.479,32.729],[74.476,32.726],[74.479,32.726],[74.479,32.729]],[[74.162,32.551],[74.159,32.547],[74.162,32.547],[74.162,32.551]],[[74.139,32.547],[74.142,32.551],[74.139,32.551],[74.139,32.547]],[[74.152,32.54],[74.149,32.537],[74.152,32.537],[74.152,32.54]],[[74.115,32.52],[74.108,32.513],[74.119,32.513],[74.115,32.52]],[[74.132,32.52],[74.135,32.513],[74.135,32.52],[74.132,32.52]],[[74.115,32.493],[74.098,32.49],[74.098,32.487],[74.112,32.487],[74.115,32.493]],[[74.085,32.487],[74.088,32.49],[74.085,32.49],[74.085,32.487]],[[74.065,32.51],[74.068,32.513],[74.065,32.513],[74.065,32.51]],[[74.078,32.517],[74.081,32.52],[74.078,32.52],[74.078,32.517]],[[74.078,32.53],[74.081,32.534],[74.078,32.534],[74.078,32.53]],[[74.078,32.483],[74.075,32.48],[74.078,32.48],[74.078,32.483]],[[74.065,32.48],[74.071,32.483],[74.065,32.483],[74.065,32.48]],[[74.081,32.476],[74.051,32.473],[74.044,32.453],[74.078,32.47],[74.081,32.476]],[[74.044,32.476],[74.031,32.466],[74.028,32.449],[74.044,32.476]],[[73.963,32.412],[73.96,32.409],[73.963,32.409],[73.963,32.412]],[[73.96,32.406],[73.957,32.402],[73.96,32.402],[73.96,32.406]],[[73.963,32.399],[73.96,32.395],[73.963,32.395],[73.963,32.399]],[[73.967,32.375],[73.94,32.352],[73.994,32.338],[73.987,32.321],[73.96,32.321],[73.96,32.301],[73.977,32.298],[73.97,32.308],[74.017,32.315],[74.017,32.372],[74.071,32.362],[74.081,32.382],[73.967,32.375]],[[73.872,32.379],[73.876,32.382],[73.872,32.382],[73.872,32.379]],[[73.889,32.375],[73.876,32.365],[73.899,32.358],[73.889,32.375]],[[73.93,32.372],[73.923,32.375],[73.923,32.372],[73.93,32.372]],[[73.913,32.368],[73.91,32.372],[73.91,32.368],[73.913,32.368]],[[73.95,32.365],[73.947,32.362],[73.95,32.362],[73.95,32.365]],[[73.92,32.358],[73.903,32.352],[73.923,32.352],[73.92,32.358]],[[73.933,32.358],[73.93,32.355],[73.933,32.355],[73.933,32.358]],[[73.754,32.321],[73.748,32.362],[73.731,32.338],[73.704,32.331],[73.724,32.335],[73.731,32.325],[73.754,32.321]],[[73.781,32.345],[73.765,32.342],[73.765,32.331],[73.778,32.338],[73.781,32.345]],[[73.943,32.345],[73.933,32.331],[73.947,32.335],[73.943,32.345]],[[73.984,32.335],[73.98,32.328],[73.984,32.328],[73.984,32.335]],[[73.963,32.335],[73.943,32.325],[73.943,32.308],[73.963,32.335]],[[73.839,32.308],[73.829,32.298],[73.839,32.298],[73.839,32.308]],[[73.94,32.298],[73.916,32.291],[73.92,32.264],[73.94,32.298]],[[73.943,32.284],[73.936,32.288],[73.936,32.284],[73.943,32.284]],[[73.903,32.264],[73.906,32.267],[73.903,32.267],[73.903,32.264]],[[73.893,32.254],[73.889,32.267],[73.883,32.254],[73.893,32.254]],[[73.869,32.25],[73.866,32.254],[73.866,32.25],[73.869,32.25]],[[73.791,32.247],[73.798,32.254],[73.791,32.254],[73.791,32.247]],[[73.727,32.267],[73.69,32.257],[73.687,32.25],[73.711,32.244],[73.727,32.267]],[[73.657,32.271],[73.663,32.25],[73.684,32.25],[73.684,32.271],[73.657,32.271]],[[73.545,32.247],[73.636,32.271],[73.633,32.288],[73.684,32.291],[73.68,32.308],[73.643,32.298],[73.616,32.311],[73.599,32.288],[73.542,32.274],[73.555,32.267],[73.545,32.247]],[[73.593,32.257],[73.589,32.254],[73.593,32.254],[73.593,32.257]],[[73.609,32.254],[73.606,32.25],[73.609,32.25],[73.609,32.254]],[[73.65,32.25],[73.636,32.24],[73.65,32.244],[73.65,32.25]],[[73.62,32.247],[73.623,32.25],[73.62,32.25],[73.62,32.247]],[[73.893,32.244],[73.886,32.24],[73.893,32.24],[73.893,32.244]],[[73.7,32.237],[73.704,32.24],[73.7,32.24],[73.7,32.237]],[[73.66,32.234],[73.657,32.237],[73.657,32.234],[73.66,32.234]],[[73.721,32.234],[73.717,32.23],[73.721,32.23],[73.721,32.234]],[[73.798,32.24],[73.795,32.234],[73.798,32.234],[73.798,32.24]],[[73.788,32.23],[73.785,32.227],[73.788,32.227],[73.788,32.23]],[[73.643,32.227],[73.646,32.23],[73.643,32.23],[73.643,32.227]],[[73.609,32.227],[73.613,32.23],[73.609,32.23],[73.609,32.227]],[[73.528,32.24],[73.545,32.244],[73.512,32.24],[73.505,32.223],[73.535,32.223],[73.528,32.24]],[[73.663,32.223],[73.653,32.2],[73.657,32.17],[73.67,32.183],[73.663,32.223]],[[73.808,32.197],[73.818,32.21],[73.802,32.213],[73.808,32.197]],[[73.711,32.197],[73.707,32.203],[73.707,32.197],[73.711,32.197]],[[73.802,32.207],[73.798,32.2],[73.805,32.2],[73.802,32.207]],[[73.758,32.203],[73.768,32.21],[73.768,32.213],[73.758,32.207],[73.758,32.203]],[[73.822,32.203],[73.818,32.2],[73.822,32.2],[73.822,32.203]],[[73.738,32.186],[73.741,32.193],[73.738,32.193],[73.738,32.186]],[[73.707,32.183],[73.704,32.173],[73.711,32.173],[73.707,32.183]],[[73.721,32.183],[73.717,32.18],[73.721,32.18],[73.721,32.183]],[[73.829,32.17],[73.818,32.176],[73.815,32.166],[73.829,32.17]],[[73.849,32.173],[73.845,32.17],[73.849,32.17],[73.849,32.173]],[[73.859,32.17],[73.862,32.163],[73.866,32.163],[73.866,32.166],[73.859,32.17]],[[73.913,32.186],[73.923,32.153],[73.923,32.19],[73.913,32.186]],[[73.903,32.176],[73.91,32.18],[73.903,32.18],[73.903,32.176]],[[73.906,32.146],[73.886,32.143],[73.906,32.143],[73.906,32.146]],[[73.805,32.143],[73.808,32.146],[73.805,32.146],[73.805,32.143]],[[73.839,32.136],[73.835,32.139],[73.829,32.136],[73.839,32.136]],[[73.896,32.136],[73.903,32.129],[73.899,32.136],[73.896,32.136]],[[73.886,32.129],[73.893,32.136],[73.886,32.136],[73.886,32.129]],[[73.818,32.126],[73.825,32.132],[73.815,32.132],[73.818,32.126]],[[73.869,32.126],[73.859,32.122],[73.869,32.122],[73.869,32.126]],[[73.812,32.116],[73.808,32.126],[73.798,32.116],[73.812,32.116]],[[73.852,32.112],[73.839,32.119],[73.839,32.109],[73.852,32.112]],[[73.889,32.102],[73.883,32.105],[73.866,32.102],[73.889,32.102]],[[73.893,32.105],[73.899,32.082],[73.913,32.082],[73.913,32.102],[73.893,32.105]],[[73.832,32.008],[73.852,31.991],[73.832,32.014],[73.852,32.052],[73.866,32.041],[73.866,32.068],[73.893,32.058],[73.893,32.089],[73.842,32.072],[73.862,32.055],[73.845,32.055],[73.829,32.028],[73.818,32.045],[73.802,32.038],[73.812,32.021],[73.798,31.991],[73.832,32.008]],[[73.791,31.991],[73.795,31.994],[73.791,31.994],[73.791,31.991]],[[73.788,31.987],[73.785,31.998],[73.785,31.987],[73.788,31.987]],[[73.818,31.987],[73.815,31.984],[73.818,31.984],[73.818,31.987]],[[73.798,31.984],[73.802,31.987],[73.798,31.987],[73.798,31.984]],[[73.7,32.011],[73.721,32.021],[73.687,32.028],[73.66,32.018],[73.694,32.014],[73.69,31.933],[73.697,31.957],[73.717,31.957],[73.697,31.967],[73.7,32.011]],[[73.721,32.008],[73.717,32.004],[73.721,32.004],[73.721,32.008]],[[73.765,32.008],[73.771,31.994],[73.771,32.008],[73.765,32.008]],[[73.727,31.998],[73.731,31.991],[73.734,31.991],[73.727,31.998]],[[73.754,31.994],[73.748,31.991],[73.748,31.987],[73.751,31.987],[73.754,31.994]],[[73.785,32.004],[73.778,32.001],[73.785,32.001],[73.785,32.004]],[[73.791,31.984],[73.788,31.977],[73.798,31.977],[73.791,31.984]],[[73.812,31.977],[73.805,31.971],[73.815,31.971],[73.812,31.977]],[[73.785,31.971],[73.788,31.974],[73.785,31.974],[73.785,31.971]],[[73.781,31.977],[73.727,31.937],[73.741,31.907],[73.714,31.893],[73.734,31.913],[73.714,31.917],[73.707,31.896],[73.711,31.886],[73.734,31.896],[73.751,31.88],[73.751,31.907],[73.785,31.92],[73.781,31.977]],[[73.754,31.971],[73.751,31.977],[73.744,31.971],[73.754,31.971]],[[73.741,31.974],[73.727,31.981],[73.724,31.974],[73.741,31.974]],[[73.933,31.971],[73.926,31.95],[73.936,31.96],[73.933,31.971]],[[73.805,31.964],[73.815,31.967],[73.805,31.967],[73.805,31.964]],[[73.906,31.967],[73.913,31.971],[73.913,31.974],[73.906,31.967]],[[73.943,31.967],[73.94,31.96],[73.943,31.96],[73.943,31.967]],[[73.852,31.95],[73.832,31.944],[73.832,31.933],[73.849,31.937],[73.852,31.95]],[[73.933,31.94],[73.92,31.93],[73.926,31.93],[73.933,31.94]],[[73.788,31.954],[73.791,31.957],[73.788,31.957],[73.788,31.954]],[[73.916,31.957],[73.913,31.954],[73.916,31.954],[73.916,31.957]],[[73.916,31.927],[73.91,31.923],[73.916,31.92],[73.916,31.927]],[[73.879,31.92],[73.883,31.923],[73.879,31.923],[73.879,31.92]],[[73.815,31.92],[73.822,31.923],[73.815,31.923],[73.815,31.92]],[[73.808,31.917],[73.788,31.913],[73.798,31.903],[73.808,31.917]],[[73.903,31.917],[73.899,31.913],[73.903,31.913],[73.903,31.917]],[[73.903,31.91],[73.896,31.907],[73.896,31.903],[73.899,31.903],[73.903,31.91]],[[73.936,31.907],[73.933,31.903],[73.936,31.903],[73.936,31.907]],[[73.943,31.907],[73.94,31.903],[73.943,31.903],[73.943,31.907]],[[73.916,31.896],[73.913,31.907],[73.906,31.896],[73.916,31.896]],[[73.963,31.903],[73.96,31.896],[73.963,31.896],[73.963,31.903]],[[73.886,31.89],[73.883,31.91],[73.872,31.893],[73.886,31.89]],[[73.913,31.89],[73.91,31.866],[73.916,31.863],[73.93,31.876],[73.913,31.89]],[[73.953,31.869],[73.95,31.866],[73.953,31.866],[73.953,31.869]],[[73.761,31.896],[73.768,31.9],[73.768,31.903],[73.765,31.903],[73.761,31.896]],[[73.849,31.876],[73.829,31.893],[73.832,31.88],[73.849,31.876]],[[73.812,31.88],[73.815,31.883],[73.812,31.883],[73.812,31.88]],[[73.802,31.886],[73.805,31.89],[73.802,31.89],[73.802,31.886]],[[73.872,31.907],[73.869,31.9],[73.872,31.9],[73.872,31.907]],[[73.768,31.876],[73.758,31.866],[73.761,31.866],[73.768,31.876]],[[73.775,31.866],[73.771,31.869],[73.768,31.866],[73.775,31.866]],[[73.724,31.863],[73.727,31.866],[73.724,31.866],[73.724,31.863]],[[73.67,31.876],[73.589,31.866],[73.586,31.883],[73.62,31.886],[73.586,31.93],[73.64,31.977],[73.609,31.971],[73.603,31.95],[73.599,31.96],[73.613,31.981],[73.572,31.991],[73.572,32.008],[73.555,31.987],[73.576,31.984],[73.542,31.977],[73.535,31.981],[73.545,31.984],[73.542,31.991],[73.532,31.984],[73.528,31.964],[73.518,31.971],[73.522,31.977],[73.515,31.981],[73.518,31.987],[73.512,31.991],[73.518,31.954],[73.525,31.95],[73.515,31.95],[73.515,31.957],[73.508,31.96],[73.491,31.933],[73.464,31.937],[73.488,31.873],[73.434,31.876],[73.454,31.853],[73.478,31.866],[73.498,31.822],[73.508,31.856],[73.522,31.856],[73.518,31.829],[73.532,31.849],[73.589,31.839],[73.599,31.826],[73.579,31.809],[73.589,31.809],[73.603,31.829],[73.609,31.812],[73.64,31.812],[73.623,31.819],[73.63,31.842],[73.69,31.859],[73.7,31.886],[73.673,31.863],[73.67,31.876]],[[73.623,31.88],[73.626,31.883],[73.623,31.883],[73.623,31.88]],[[73.623,31.886],[73.633,31.89],[73.623,31.89],[73.623,31.886]],[[73.724,31.883],[73.717,31.876],[73.724,31.88],[73.724,31.883]],[[73.717,31.869],[73.714,31.866],[73.717,31.866],[73.717,31.869]],[[73.7,31.866],[73.704,31.869],[73.7,31.869],[73.7,31.866]],[[73.738,31.863],[73.734,31.839],[73.754,31.839],[73.758,31.849],[73.738,31.863]],[[73.765,31.863],[73.761,31.849],[73.765,31.849],[73.765,31.863]],[[73.697,31.836],[73.717,31.853],[73.697,31.846],[73.697,31.836]],[[73.657,31.832],[73.663,31.829],[73.657,31.839],[73.657,31.832]],[[73.65,31.836],[73.653,31.842],[73.65,31.842],[73.65,31.836]],[[73.677,31.853],[73.687,31.839],[73.694,31.846],[73.677,31.853]],[[73.673,31.836],[73.67,31.832],[73.673,31.832],[73.673,31.836]],[[73.7,31.832],[73.697,31.826],[73.7,31.826],[73.7,31.832]],[[73.653,31.815],[73.663,31.799],[73.63,31.809],[73.653,31.799],[73.633,31.782],[73.67,31.789],[73.673,31.829],[73.653,31.815]],[[73.636,31.826],[73.643,31.832],[73.636,31.832],[73.636,31.826]],[[73.687,31.792],[73.69,31.785],[73.694,31.792],[73.687,31.792]],[[73.7,31.789],[73.697,31.785],[73.7,31.785],[73.7,31.789]],[[73.613,31.789],[73.616,31.792],[73.613,31.792],[73.613,31.789]],[[73.572,31.792],[73.579,31.795],[73.579,31.799],[73.576,31.799],[73.572,31.792]],[[73.518,31.795],[73.515,31.815],[73.501,31.792],[73.518,31.795]],[[73.623,31.809],[73.62,31.802],[73.626,31.809],[73.623,31.809]],[[73.603,31.802],[73.606,31.805],[73.603,31.805],[73.603,31.802]],[[73.593,31.795],[73.596,31.805],[73.589,31.805],[73.593,31.795]],[[73.559,31.799],[73.569,31.805],[73.559,31.805],[73.559,31.799]],[[73.528,31.819],[73.549,31.812],[73.555,31.815],[73.542,31.829],[73.522,31.819],[73.542,31.809],[73.528,31.819]],[[73.566,31.812],[73.562,31.809],[73.566,31.809],[73.566,31.812]],[[73.569,31.819],[73.562,31.815],[73.569,31.815],[73.569,31.819]],[[73.731,31.849],[73.727,31.846],[73.731,31.846],[73.731,31.849]],[[73.539,31.842],[73.542,31.846],[73.539,31.846],[73.539,31.842]],[[73.478,31.839],[73.481,31.842],[73.478,31.842],[73.478,31.839]],[[73.448,31.839],[73.427,31.863],[73.424,31.849],[73.448,31.839]],[[73.461,31.849],[73.454,31.846],[73.461,31.846],[73.461,31.849]],[[73.377,31.842],[73.373,31.849],[73.367,31.842],[73.377,31.842]],[[73.41,31.839],[73.407,31.842],[73.407,31.839],[73.41,31.839]],[[73.397,31.869],[73.431,31.873],[73.414,31.876],[73.434,31.883],[73.427,31.896],[73.468,31.89],[73.468,31.91],[73.461,31.896],[73.461,31.91],[73.417,31.917],[73.448,31.93],[73.444,31.947],[73.407,31.92],[73.421,31.89],[73.397,31.89],[73.4,31.93],[73.397,31.91],[73.373,31.917],[73.37,31.896],[73.387,31.903],[73.397,31.869]],[[73.421,31.863],[73.427,31.866],[73.427,31.869],[73.424,31.869],[73.421,31.863]],[[73.383,31.863],[73.387,31.866],[73.383,31.866],[73.383,31.863]],[[73.367,31.913],[73.37,31.92],[73.367,31.92],[73.367,31.913]],[[73.36,31.937],[73.4,31.937],[73.397,31.954],[73.36,31.937]],[[73.343,31.933],[73.35,31.957],[73.346,31.96],[73.319,31.96],[73.309,31.95],[73.346,31.957],[73.313,31.947],[73.343,31.933]],[[73.353,31.944],[73.35,31.94],[73.353,31.94],[73.353,31.944]],[[73.363,31.944],[73.41,31.971],[73.4,31.994],[73.356,31.981],[73.363,31.944]],[[73.475,31.954],[73.468,31.96],[73.471,31.954],[73.475,31.954]],[[73.434,31.954],[73.441,31.957],[73.434,31.957],[73.434,31.954]],[[73.431,31.95],[73.427,31.954],[73.427,31.95],[73.431,31.95]],[[73.404,31.96],[73.407,31.964],[73.404,31.964],[73.404,31.96]],[[73.501,31.974],[73.501,31.96],[73.512,31.964],[73.501,31.974]],[[73.434,31.967],[73.451,31.987],[73.461,31.991],[73.437,31.987],[73.434,31.967]],[[73.431,31.967],[73.427,31.971],[73.427,31.967],[73.431,31.967]],[[73.421,31.984],[73.427,31.998],[73.421,31.998],[73.421,31.984]],[[73.414,31.991],[73.417,31.998],[73.414,31.998],[73.414,31.991]],[[73.36,31.987],[73.346,31.998],[73.346,31.987],[73.36,31.987]],[[73.319,31.987],[73.33,31.991],[73.319,31.991],[73.319,31.987]],[[73.407,31.998],[73.404,31.994],[73.407,31.994],[73.407,31.998]],[[73.508,32.001],[73.512,31.998],[73.512,32.001],[73.508,32.001]],[[73.488,31.998],[73.491,32.001],[73.488,32.001],[73.488,31.998]],[[73.461,32.001],[73.464,32.004],[73.461,32.004],[73.461,32.001]],[[73.41,32.004],[73.414,32.008],[73.41,32.008],[73.41,32.004]],[[73.397,32.008],[73.4,32.018],[73.397,32.018],[73.397,32.008]],[[73.319,32.018],[73.323,32.021],[73.319,32.021],[73.319,32.018]],[[73.515,32.021],[73.512,32.018],[73.515,32.018],[73.515,32.021]],[[73.606,32.008],[73.599,32.028],[73.596,32.011],[73.606,32.008]],[[73.62,32.011],[73.616,32.008],[73.62,32.008],[73.62,32.011]],[[73.495,32.014],[73.491,32.018],[73.491,32.014],[73.495,32.014]],[[73.464,32.021],[73.468,32.025],[73.464,32.025],[73.464,32.021]],[[73.437,32.021],[73.448,32.031],[73.434,32.028],[73.437,32.021]],[[73.475,32.035],[73.478,32.025],[73.481,32.035],[73.475,32.035]],[[73.286,32.035],[73.296,32.038],[73.286,32.038],[73.286,32.035]],[[73.444,32.038],[73.441,32.035],[73.444,32.035],[73.444,32.038]],[[73.539,32.035],[73.535,32.041],[73.532,32.041],[73.532,32.038],[73.539,32.035]],[[73.566,32.041],[73.572,32.031],[73.582,32.031],[73.582,32.038],[73.566,32.041]],[[73.508,32.038],[73.505,32.048],[73.505,32.038],[73.508,32.038]],[[73.458,32.038],[73.461,32.041],[73.458,32.041],[73.458,32.038]],[[73.427,32.041],[73.431,32.048],[73.427,32.048],[73.427,32.041]],[[73.367,32.052],[73.427,32.052],[73.427,32.068],[73.394,32.065],[73.4,32.089],[73.36,32.072],[73.367,32.052]],[[73.299,32.116],[73.306,32.105],[73.286,32.099],[73.303,32.095],[73.279,32.085],[73.323,32.082],[73.33,32.116],[73.299,32.116]],[[73.309,32.119],[73.313,32.122],[73.309,32.122],[73.309,32.119]],[[73.336,32.119],[73.36,32.132],[73.36,32.139],[73.34,32.122],[73.346,32.132],[73.34,32.143],[73.333,32.129],[73.336,32.119]],[[73.326,32.126],[73.33,32.129],[73.326,32.129],[73.326,32.126]],[[73.444,32.17],[73.437,32.213],[73.404,32.173],[73.414,32.163],[73.36,32.149],[73.363,32.129],[73.444,32.17]],[[73.663,32.166],[73.66,32.159],[73.663,32.159],[73.663,32.166]],[[73.549,32.166],[73.552,32.17],[73.549,32.17],[73.549,32.166]],[[73.545,32.166],[73.542,32.173],[73.542,32.166],[73.545,32.166]],[[73.657,32.166],[73.65,32.163],[73.657,32.163],[73.657,32.166]],[[73.528,32.17],[73.532,32.173],[73.528,32.173],[73.528,32.17]],[[73.542,32.176],[73.555,32.183],[73.539,32.183],[73.542,32.176]],[[73.498,32.176],[73.512,32.19],[73.501,32.19],[73.498,32.176]],[[73.562,32.19],[73.572,32.193],[73.562,32.197],[73.562,32.19]],[[73.549,32.197],[73.555,32.203],[73.549,32.2],[73.549,32.197]],[[73.522,32.197],[73.525,32.2],[73.522,32.2],[73.522,32.197]],[[73.488,32.2],[73.491,32.217],[73.454,32.213],[73.454,32.207],[73.488,32.2]],[[73.417,32.217],[73.417,32.223],[73.4,32.21],[73.417,32.217]],[[73.441,32.227],[73.454,32.22],[73.451,32.23],[73.441,32.227]],[[73.437,32.227],[73.431,32.234],[73.424,32.234],[73.437,32.227]],[[73.461,32.234],[73.454,32.23],[73.461,32.23],[73.461,32.234]],[[73.468,32.24],[73.471,32.234],[73.475,32.24],[73.468,32.24]],[[73.488,32.247],[73.491,32.237],[73.498,32.247],[73.488,32.247]],[[73.488,32.23],[73.485,32.227],[73.488,32.227],[73.488,32.23]],[[73.481,32.227],[73.478,32.223],[73.481,32.223],[73.481,32.227]],[[73.589,32.217],[73.582,32.2],[73.586,32.2],[73.589,32.217]],[[73.613,32.2],[73.609,32.197],[73.613,32.197],[73.613,32.2]],[[73.603,32.19],[73.599,32.197],[73.599,32.19],[73.603,32.19]],[[73.596,32.186],[73.593,32.19],[73.593,32.186],[73.596,32.186]],[[73.609,32.186],[73.606,32.183],[73.609,32.183],[73.609,32.186]],[[73.569,32.2],[73.572,32.213],[73.559,32.203],[73.569,32.2]],[[73.495,32.213],[73.498,32.217],[73.495,32.217],[73.495,32.213]],[[73.481,32.217],[73.485,32.22],[73.481,32.22],[73.481,32.217]],[[73.616,32.18],[73.609,32.176],[73.616,32.176],[73.616,32.18]],[[73.653,32.173],[73.65,32.17],[73.653,32.17],[73.653,32.173]],[[73.714,32.17],[73.69,32.163],[73.69,32.156],[73.714,32.17]],[[73.765,32.17],[73.761,32.166],[73.765,32.166],[73.765,32.17]],[[73.798,32.173],[73.805,32.163],[73.815,32.18],[73.798,32.173]],[[73.744,32.173],[73.751,32.176],[73.744,32.176],[73.744,32.173]],[[73.842,32.166],[73.832,32.163],[73.842,32.163],[73.842,32.166]],[[73.856,32.163],[73.845,32.159],[73.856,32.159],[73.856,32.163]],[[73.788,32.163],[73.785,32.153],[73.798,32.159],[73.788,32.163]],[[73.751,32.146],[73.734,32.136],[73.751,32.105],[73.734,32.078],[73.7,32.089],[73.714,32.105],[73.684,32.109],[73.704,32.119],[73.694,32.126],[73.646,32.078],[73.646,32.092],[73.613,32.102],[73.616,32.085],[73.633,32.089],[73.62,32.058],[73.63,32.068],[73.64,32.065],[73.613,32.055],[73.603,32.038],[73.67,32.052],[73.667,32.035],[73.697,32.045],[73.727,32.025],[73.734,32.035],[73.697,32.052],[73.761,32.085],[73.751,32.112],[73.768,32.109],[73.771,32.122],[73.754,32.116],[73.751,32.146],[73.754,32.143],[73.768,32.146],[73.751,32.146]],[[73.475,32.146],[73.481,32.149],[73.475,32.149],[73.475,32.146]],[[73.458,32.146],[73.461,32.149],[73.458,32.149],[73.458,32.146]],[[73.427,32.153],[73.434,32.156],[73.427,32.156],[73.427,32.153]],[[73.535,32.159],[73.539,32.153],[73.539,32.159],[73.535,32.159]],[[73.518,32.156],[73.522,32.159],[73.518,32.159],[73.518,32.156]],[[73.63,32.159],[73.623,32.149],[73.633,32.149],[73.63,32.159]],[[73.734,32.153],[73.727,32.159],[73.731,32.153],[73.734,32.153]],[[73.572,32.146],[73.569,32.143],[73.572,32.143],[73.572,32.146]],[[73.721,32.146],[73.717,32.143],[73.721,32.143],[73.721,32.146]],[[73.626,32.143],[73.633,32.146],[73.626,32.146],[73.626,32.143]],[[73.421,32.139],[73.41,32.146],[73.41,32.136],[73.421,32.139]],[[73.481,32.143],[73.478,32.139],[73.481,32.139],[73.481,32.143]],[[73.613,32.143],[73.606,32.132],[73.62,32.143],[73.613,32.143]],[[73.646,32.139],[73.64,32.129],[73.646,32.132],[73.646,32.139]],[[73.69,32.136],[73.68,32.129],[73.68,32.126],[73.687,32.126],[73.69,32.136]],[[73.707,32.119],[73.721,32.129],[73.707,32.126],[73.707,32.119]],[[73.738,32.116],[73.734,32.112],[73.738,32.112],[73.738,32.116]],[[73.559,32.112],[73.569,32.132],[73.566,32.139],[73.545,32.136],[73.542,32.116],[73.559,32.112]],[[73.626,32.132],[73.623,32.129],[73.626,32.129],[73.626,32.132]],[[73.616,32.122],[73.613,32.116],[73.616,32.116],[73.616,32.122]],[[73.66,32.109],[73.646,32.109],[73.646,32.105],[73.66,32.109]],[[73.437,32.116],[73.427,32.099],[73.437,32.105],[73.437,32.116]],[[73.367,32.112],[73.373,32.116],[73.367,32.116],[73.367,32.112]],[[73.343,32.112],[73.346,32.116],[73.343,32.116],[73.343,32.112]],[[73.657,32.102],[73.653,32.099],[73.657,32.099],[73.657,32.102]],[[73.33,32.102],[73.333,32.109],[73.33,32.109],[73.33,32.102]],[[73.41,32.122],[73.417,32.126],[73.41,32.126],[73.41,32.122]],[[73.491,32.126],[73.488,32.122],[73.491,32.122],[73.491,32.126]],[[73.768,32.153],[73.765,32.149],[73.768,32.149],[73.768,32.153]],[[73.822,32.149],[73.818,32.146],[73.822,32.146],[73.822,32.149]],[[73.775,32.136],[73.765,32.132],[73.775,32.129],[73.775,32.136]],[[73.788,32.126],[73.785,32.122],[73.788,32.122],[73.788,32.126]],[[73.771,32.116],[73.778,32.105],[73.781,32.116],[73.771,32.116]],[[73.791,32.105],[73.832,32.095],[73.849,32.078],[73.842,32.102],[73.791,32.105]],[[73.788,32.099],[73.765,32.092],[73.778,32.058],[73.795,32.058],[73.788,32.099]],[[73.815,32.082],[73.808,32.085],[73.808,32.078],[73.815,32.082]],[[73.835,32.078],[73.815,32.078],[73.815,32.072],[73.829,32.072],[73.835,32.078]],[[73.798,32.085],[73.805,32.089],[73.798,32.089],[73.798,32.085]],[[73.802,32.062],[73.798,32.058],[73.802,32.058],[73.802,32.062]],[[73.775,32.048],[73.758,32.065],[73.771,32.041],[73.775,32.048]],[[73.829,32.055],[73.822,32.052],[73.829,32.052],[73.829,32.055]],[[73.775,32.052],[73.778,32.055],[73.775,32.055],[73.775,32.052]],[[73.791,32.048],[73.788,32.045],[73.791,32.045],[73.791,32.048]],[[73.744,32.052],[73.741,32.058],[73.738,32.052],[73.744,32.052]],[[73.856,32.102],[73.852,32.099],[73.856,32.099],[73.856,32.102]],[[73.856,32.089],[73.852,32.085],[73.856,32.085],[73.856,32.089]],[[73.765,32.038],[73.761,32.035],[73.765,32.035],[73.765,32.038]],[[73.798,32.038],[73.785,32.014],[73.791,32.011],[73.798,32.038]],[[73.805,32.025],[73.802,32.021],[73.805,32.021],[73.805,32.025]],[[73.731,32.011],[73.734,32.014],[73.731,32.014],[73.731,32.011]],[[73.748,32.014],[73.741,32.028],[73.727,32.021],[73.748,32.014]],[[73.778,32.031],[73.771,32.018],[73.778,32.018],[73.778,32.031]],[[73.758,32.028],[73.761,32.031],[73.758,32.031],[73.758,32.028]],[[73.751,32.031],[73.754,32.035],[73.751,32.035],[73.751,32.031]],[[73.765,32.021],[73.768,32.025],[73.765,32.025],[73.765,32.021]],[[73.67,32.028],[73.673,32.031],[73.67,32.031],[73.67,32.028]],[[73.626,32.028],[73.633,32.035],[73.623,32.035],[73.626,32.028]],[[73.552,32.028],[73.559,32.031],[73.552,32.031],[73.552,32.028]],[[73.508,32.028],[73.512,32.035],[73.508,32.035],[73.508,32.028]],[[73.498,32.028],[73.488,32.035],[73.485,32.028],[73.498,32.028]],[[73.606,32.031],[73.609,32.035],[73.606,32.035],[73.606,32.031]],[[73.616,32.035],[73.613,32.031],[73.616,32.031],[73.616,32.035]],[[73.65,32.041],[73.653,32.045],[73.65,32.045],[73.65,32.041]],[[73.545,32.041],[73.549,32.045],[73.545,32.045],[73.545,32.041]],[[73.539,32.052],[73.569,32.058],[73.569,32.065],[73.539,32.052]],[[73.454,32.055],[73.464,32.062],[73.451,32.062],[73.454,32.055]],[[73.441,32.055],[73.444,32.058],[73.441,32.058],[73.441,32.055]],[[73.478,32.068],[73.481,32.055],[73.501,32.058],[73.478,32.068]],[[73.464,32.068],[73.468,32.072],[73.464,32.072],[73.464,32.068]],[[73.501,32.065],[73.508,32.075],[73.501,32.072],[73.501,32.065]],[[73.613,32.068],[73.609,32.062],[73.613,32.062],[73.613,32.068]],[[73.589,32.055],[73.586,32.065],[73.579,32.055],[73.589,32.055]],[[73.525,32.065],[73.522,32.062],[73.525,32.062],[73.525,32.065]],[[73.522,32.078],[73.518,32.072],[73.522,32.072],[73.522,32.078]],[[73.424,32.082],[73.437,32.092],[73.427,32.095],[73.424,32.082]],[[73.528,32.095],[73.525,32.092],[73.528,32.092],[73.528,32.095]],[[73.586,32.092],[73.596,32.082],[73.609,32.089],[73.586,32.092]],[[73.576,32.078],[73.566,32.089],[73.562,32.078],[73.576,32.078]],[[73.458,32.078],[73.464,32.082],[73.458,32.082],[73.458,32.078]],[[73.717,32.102],[73.721,32.095],[73.724,32.102],[73.717,32.102]],[[73.734,32.092],[73.731,32.089],[73.734,32.089],[73.734,32.092]],[[73.684,32.163],[73.687,32.166],[73.684,32.166],[73.684,32.163]],[[73.677,32.166],[73.68,32.17],[73.677,32.17],[73.677,32.166]],[[73.367,32.163],[73.397,32.18],[73.394,32.197],[73.383,32.18],[73.367,32.183],[73.367,32.163]],[[73.377,32.19],[73.38,32.193],[73.377,32.193],[73.377,32.19]],[[73.38,32.197],[73.387,32.2],[73.38,32.203],[73.38,32.197]],[[73.397,32.173],[73.394,32.17],[73.397,32.17],[73.397,32.173]],[[73.394,32.207],[73.397,32.21],[73.394,32.21],[73.394,32.207]],[[73.255,32.082],[73.259,32.085],[73.255,32.085],[73.255,32.082]],[[73.255,32.092],[73.259,32.095],[73.255,32.095],[73.255,32.092]],[[73.292,32.109],[73.296,32.112],[73.292,32.112],[73.292,32.109]],[[73.562,32.025],[73.559,32.021],[73.562,32.021],[73.562,32.025]],[[73.646,32.025],[73.643,32.021],[73.646,32.021],[73.646,32.025]],[[73.505,32.004],[73.498,32.001],[73.505,32.001],[73.505,32.004]],[[73.552,32.004],[73.549,32.001],[73.552,32.001],[73.552,32.004]],[[73.515,32.001],[73.518,32.004],[73.515,32.004],[73.515,32.001]],[[73.528,32.001],[73.525,31.998],[73.528,31.998],[73.528,32.001]],[[73.495,31.994],[73.488,31.991],[73.495,31.991],[73.495,31.994]],[[73.528,31.991],[73.522,31.987],[73.528,31.987],[73.528,31.991]],[[73.481,31.991],[73.485,31.994],[73.481,31.994],[73.481,31.991]],[[73.505,31.984],[73.501,31.981],[73.505,31.981],[73.505,31.984]],[[73.495,31.977],[73.491,31.984],[73.491,31.977],[73.495,31.977]],[[73.475,31.977],[73.481,31.981],[73.475,31.981],[73.475,31.977]],[[73.478,31.957],[73.481,31.96],[73.478,31.96],[73.478,31.957]],[[73.35,31.971],[73.353,31.974],[73.35,31.974],[73.35,31.971]],[[73.255,31.981],[73.262,31.987],[73.255,31.987],[73.255,31.981]],[[73.265,31.94],[73.272,31.944],[73.265,31.944],[73.265,31.94]],[[73.238,31.944],[73.242,31.947],[73.238,31.947],[73.238,31.944]],[[73.296,31.957],[73.299,31.96],[73.296,31.96],[73.296,31.957]],[[73.313,31.96],[73.309,31.957],[73.313,31.957],[73.313,31.96]],[[73.427,31.944],[73.424,31.947],[73.424,31.944],[73.427,31.944]],[[73.41,31.93],[73.407,31.923],[73.41,31.923],[73.41,31.93]],[[73.407,31.896],[73.404,31.893],[73.407,31.893],[73.407,31.896]],[[73.458,31.93],[73.451,31.923],[73.454,31.923],[73.458,31.93]],[[73.458,31.917],[73.454,31.913],[73.458,31.913],[73.458,31.917]],[[73.616,32.001],[73.613,31.998],[73.616,31.998],[73.616,32.001]],[[73.663,31.998],[73.66,31.994],[73.663,31.994],[73.663,31.998]],[[73.646,31.991],[73.65,31.998],[73.646,31.998],[73.646,31.991]],[[73.673,31.991],[73.67,31.984],[73.677,31.984],[73.673,31.991]],[[73.69,31.981],[73.684,31.981],[73.677,31.981],[73.684,31.974],[73.69,31.981]],[[73.67,31.964],[73.667,31.96],[73.67,31.96],[73.67,31.964]],[[73.677,31.957],[73.646,31.93],[73.684,31.937],[73.677,31.957]],[[73.704,31.933],[73.7,31.927],[73.707,31.927],[73.704,31.933]],[[73.684,31.927],[73.69,31.93],[73.684,31.93],[73.684,31.927]],[[73.606,31.93],[73.609,31.933],[73.606,31.933],[73.606,31.93]],[[73.636,31.944],[73.643,31.95],[73.636,31.947],[73.636,31.944]],[[73.677,31.927],[73.68,31.917],[73.677,31.913],[73.684,31.917],[73.677,31.927]],[[73.64,31.92],[73.636,31.893],[73.657,31.896],[73.643,31.903],[73.64,31.92]],[[73.704,31.903],[73.7,31.923],[73.687,31.913],[73.704,31.903]],[[73.673,31.893],[73.67,31.89],[73.673,31.89],[73.673,31.893]],[[73.603,31.913],[73.606,31.917],[73.603,31.917],[73.603,31.913]],[[73.63,31.917],[73.626,31.913],[73.63,31.913],[73.63,31.917]],[[73.599,31.92],[73.603,31.923],[73.599,31.923],[73.599,31.92]],[[73.62,31.923],[73.623,31.927],[73.62,31.927],[73.62,31.923]],[[73.724,31.937],[73.721,31.944],[73.717,31.944],[73.717,31.94],[73.724,31.937]],[[73.876,32.052],[73.872,32.048],[73.876,32.048],[73.876,32.052]],[[73.862,32.035],[73.849,32.021],[73.862,32.021],[73.862,32.035]],[[73.883,32.035],[73.876,32.031],[73.883,32.031],[73.883,32.035]],[[73.849,32.018],[73.859,32.011],[73.856,32.018],[73.849,32.018]],[[73.872,32.001],[73.869,32.004],[73.869,32.001],[73.872,32.001]],[[73.491,32.25],[73.495,32.254],[73.491,32.254],[73.491,32.25]],[[73.532,32.257],[73.535,32.261],[73.532,32.261],[73.532,32.257]],[[73.552,32.284],[73.555,32.291],[73.552,32.291],[73.552,32.284]],[[73.549,32.301],[73.576,32.294],[73.586,32.315],[73.562,32.315],[73.549,32.301]],[[73.694,32.342],[73.677,32.318],[73.697,32.308],[73.717,32.315],[73.694,32.342]],[[73.67,32.328],[73.65,32.348],[73.63,32.342],[73.646,32.335],[73.63,32.325],[73.67,32.328]],[[73.613,32.321],[73.626,32.325],[73.626,32.331],[73.613,32.321]],[[73.569,32.318],[73.572,32.321],[73.569,32.321],[73.569,32.318]],[[73.593,32.321],[73.596,32.325],[73.593,32.325],[73.593,32.321]],[[73.562,32.328],[73.566,32.331],[73.562,32.331],[73.562,32.328]],[[73.613,32.335],[73.626,32.338],[73.613,32.338],[73.613,32.335]],[[73.586,32.348],[73.589,32.352],[73.586,32.352],[73.586,32.348]],[[73.673,32.352],[73.69,32.352],[73.697,32.368],[73.68,32.365],[73.673,32.352]],[[73.727,32.352],[73.734,32.368],[73.724,32.375],[73.707,32.355],[73.727,32.352]],[[73.694,32.348],[73.7,32.352],[73.694,32.352],[73.694,32.348]],[[73.808,32.358],[73.788,32.355],[73.815,32.352],[73.815,32.362],[73.808,32.358]],[[73.775,32.365],[73.785,32.375],[73.775,32.372],[73.775,32.365]],[[73.822,32.368],[73.815,32.372],[73.815,32.368],[73.822,32.368]],[[73.872,32.372],[73.869,32.365],[73.872,32.365],[73.872,32.372]],[[73.866,32.362],[73.862,32.365],[73.862,32.362],[73.866,32.362]],[[73.818,32.358],[73.822,32.362],[73.818,32.362],[73.818,32.358]],[[73.802,32.362],[73.808,32.365],[73.808,32.368],[73.805,32.368],[73.802,32.362]],[[73.832,32.365],[73.825,32.362],[73.832,32.362],[73.832,32.365]],[[73.845,32.368],[73.849,32.362],[73.852,32.368],[73.845,32.368]],[[73.859,32.368],[73.856,32.365],[73.859,32.365],[73.859,32.368]],[[73.778,32.348],[73.781,32.355],[73.778,32.355],[73.778,32.348]],[[73.582,32.358],[73.596,32.362],[73.582,32.362],[73.582,32.358]],[[73.68,32.342],[73.673,32.338],[73.68,32.338],[73.68,32.342]],[[73.724,32.328],[73.721,32.325],[73.724,32.325],[73.724,32.328]],[[73.862,32.342],[73.852,32.311],[73.876,32.331],[73.876,32.338],[73.862,32.342]],[[73.788,32.321],[73.778,32.331],[73.768,32.325],[73.788,32.321]],[[73.758,32.328],[73.761,32.331],[73.758,32.331],[73.758,32.328]],[[73.92,32.338],[73.869,32.311],[73.906,32.318],[73.92,32.338]],[[73.758,32.311],[73.761,32.315],[73.758,32.315],[73.758,32.311]],[[73.758,32.304],[73.751,32.311],[73.751,32.301],[73.758,32.304]],[[73.798,32.304],[73.781,32.294],[73.802,32.298],[73.798,32.304]],[[73.724,32.288],[73.727,32.291],[73.724,32.291],[73.724,32.288]],[[73.704,32.291],[73.697,32.288],[73.697,32.284],[73.7,32.284],[73.704,32.291]],[[73.758,32.284],[73.748,32.274],[73.754,32.274],[73.758,32.284]],[[73.879,32.284],[73.876,32.281],[73.879,32.281],[73.879,32.284]],[[73.785,32.281],[73.781,32.271],[73.785,32.257],[73.839,32.261],[73.832,32.277],[73.785,32.281]],[[73.845,32.261],[73.842,32.257],[73.845,32.257],[73.845,32.261]],[[73.849,32.254],[73.845,32.25],[73.849,32.25],[73.849,32.254]],[[73.748,32.257],[73.751,32.261],[73.748,32.261],[73.748,32.257]],[[73.741,32.261],[73.744,32.264],[73.741,32.264],[73.741,32.261]],[[73.758,32.257],[73.754,32.261],[73.754,32.257],[73.758,32.257]],[[73.694,32.271],[73.704,32.281],[73.697,32.281],[73.694,32.271]],[[73.717,32.284],[73.714,32.281],[73.717,32.281],[73.717,32.284]],[[73.734,32.284],[73.731,32.281],[73.734,32.281],[73.734,32.284]],[[73.744,32.277],[73.741,32.274],[73.744,32.274],[73.744,32.277]],[[73.711,32.274],[73.707,32.271],[73.711,32.271],[73.711,32.274]],[[73.771,32.274],[73.768,32.271],[73.771,32.271],[73.771,32.274]],[[73.69,32.301],[73.694,32.308],[73.69,32.308],[73.69,32.301]],[[73.727,32.304],[73.731,32.301],[73.731,32.304],[73.727,32.304]],[[73.849,32.298],[73.852,32.304],[73.849,32.304],[73.849,32.298]],[[73.876,32.304],[73.872,32.298],[73.876,32.298],[73.876,32.304]],[[73.862,32.375],[73.866,32.379],[73.862,32.379],[73.862,32.375]],[[74.095,32.372],[74.085,32.368],[74.095,32.368],[74.095,32.372]],[[74.034,32.362],[74.031,32.365],[74.031,32.362],[74.034,32.362]],[[74.095,32.358],[74.092,32.355],[74.095,32.355],[74.095,32.358]],[[74.065,32.328],[74.061,32.321],[74.065,32.321],[74.065,32.328]],[[74.044,32.318],[74.038,32.315],[74.044,32.315],[74.044,32.318]],[[74.024,32.308],[74.017,32.304],[74.024,32.304],[74.024,32.308]],[[73.896,32.385],[73.899,32.389],[73.896,32.389],[73.896,32.385]],[[73.899,32.395],[73.903,32.399],[73.899,32.399],[73.899,32.395]],[[73.741,32.379],[73.744,32.382],[73.741,32.382],[73.741,32.379]],[[73.596,32.385],[73.599,32.389],[73.596,32.389],[73.596,32.385]],[[73.765,32.406],[73.768,32.409],[73.765,32.409],[73.765,32.406]],[[73.781,32.412],[73.785,32.416],[73.781,32.416],[73.781,32.412]],[[73.818,32.416],[73.815,32.412],[73.818,32.412],[73.818,32.416]],[[73.636,32.402],[73.64,32.406],[73.636,32.406],[73.636,32.402]],[[73.252,32.068],[73.245,32.065],[73.252,32.065],[73.252,32.068]],[[73.218,32.031],[73.215,32.028],[73.218,32.028],[73.218,32.031]],[[73.013,31.829],[73.016,31.832],[73.013,31.832],[73.013,31.829]],[[72.979,31.775],[72.975,31.772],[72.979,31.772],[72.979,31.775]],[[72.928,31.724],[72.925,31.721],[72.928,31.721],[72.928,31.724]],[[72.827,31.694],[72.807,31.697],[72.787,31.684],[72.81,31.681],[72.797,31.677],[72.803,31.664],[72.827,31.694]],[[72.723,31.667],[72.726,31.684],[72.696,31.691],[72.692,31.681],[72.723,31.667]],[[72.682,31.677],[72.685,31.681],[72.682,31.681],[72.682,31.677]],[[72.591,31.691],[72.594,31.697],[72.591,31.697],[72.591,31.691]],[[72.642,31.701],[72.645,31.697],[72.645,31.701],[72.642,31.701]],[[72.594,31.701],[72.598,31.708],[72.594,31.708],[72.594,31.701]],[[72.766,31.687],[72.777,31.677],[72.777,31.684],[72.766,31.687]],[[72.739,31.674],[72.729,31.681],[72.729,31.67],[72.739,31.674]],[[72.561,31.691],[72.557,31.684],[72.561,31.684],[72.561,31.691]],[[72.564,31.644],[72.584,31.64],[72.584,31.65],[72.578,31.65],[72.564,31.644]],[[72.534,31.62],[72.524,31.603],[72.5,31.606],[72.513,31.596],[72.5,31.583],[72.53,31.583],[72.564,31.623],[72.551,31.637],[72.537,31.617],[72.52,31.64],[72.513,31.62],[72.534,31.62]],[[72.567,31.637],[72.564,31.63],[72.567,31.63],[72.567,31.637]],[[72.453,31.573],[72.456,31.576],[72.453,31.576],[72.453,31.573]],[[72.382,31.569],[72.372,31.552],[72.385,31.546],[72.412,31.569],[72.409,31.583],[72.395,31.569],[72.362,31.579],[72.382,31.569]],[[72.382,31.583],[72.389,31.59],[72.382,31.59],[72.382,31.583]],[[72.419,31.583],[72.426,31.6],[72.426,31.579],[72.463,31.596],[72.46,31.617],[72.439,31.617],[72.422,31.6],[72.419,31.583]],[[72.399,31.593],[72.406,31.596],[72.399,31.6],[72.399,31.593]],[[72.409,31.596],[72.419,31.606],[72.416,31.623],[72.436,31.617],[72.443,31.633],[72.406,31.644],[72.392,31.63],[72.409,31.596]],[[72.392,31.613],[72.395,31.62],[72.392,31.62],[72.392,31.613]],[[72.385,31.63],[72.355,31.633],[72.355,31.623],[72.375,31.617],[72.385,31.63]],[[72.389,31.637],[72.395,31.64],[72.389,31.64],[72.389,31.637]],[[72.476,31.6],[72.48,31.59],[72.487,31.6],[72.476,31.6]],[[72.557,31.569],[72.554,31.566],[72.557,31.566],[72.557,31.569]],[[72.412,31.552],[72.402,31.549],[72.402,31.542],[72.412,31.552]],[[72.48,31.546],[72.473,31.542],[72.473,31.539],[72.476,31.539],[72.48,31.546]],[[72.395,31.529],[72.395,31.542],[72.392,31.529],[72.395,31.529]],[[72.382,31.525],[72.385,31.529],[72.382,31.529],[72.382,31.525]],[[72.358,31.525],[72.365,31.522],[72.358,31.532],[72.358,31.525]],[[72.443,31.522],[72.439,31.519],[72.443,31.519],[72.443,31.522]],[[72.375,31.539],[72.379,31.542],[72.375,31.542],[72.375,31.539]],[[72.47,31.539],[72.466,31.536],[72.47,31.536],[72.47,31.539]],[[72.513,31.61],[72.517,31.613],[72.513,31.613],[72.513,31.61]],[[72.389,31.647],[72.395,31.65],[72.395,31.657],[72.389,31.647]],[[72.368,31.657],[72.372,31.66],[72.368,31.66],[72.368,31.657]],[[72.358,31.664],[72.362,31.667],[72.358,31.667],[72.358,31.664]],[[72.375,31.667],[72.372,31.664],[72.375,31.664],[72.375,31.667]],[[72.389,31.667],[72.385,31.664],[72.389,31.664],[72.389,31.667]],[[72.328,31.606],[72.325,31.603],[72.328,31.603],[72.328,31.606]],[[72.304,31.6],[72.301,31.59],[72.311,31.593],[72.304,31.6]],[[72.288,31.59],[72.294,31.596],[72.288,31.596],[72.288,31.59]],[[72.284,31.59],[72.281,31.586],[72.284,31.586],[72.284,31.59]],[[72.372,31.519],[72.368,31.515],[72.372,31.515],[72.372,31.519]],[[72.372,31.509],[72.362,31.492],[72.372,31.492],[72.372,31.509]],[[72.426,31.505],[72.412,31.499],[72.416,31.488],[72.433,31.488],[72.426,31.505]],[[72.315,31.492],[72.321,31.512],[72.301,31.515],[72.291,31.495],[72.315,31.492]],[[72.406,31.488],[72.402,31.472],[72.416,31.475],[72.406,31.488]],[[72.419,31.472],[72.412,31.465],[72.419,31.461],[72.419,31.472]],[[72.372,31.465],[72.379,31.468],[72.372,31.468],[72.372,31.465]],[[72.395,31.468],[72.389,31.465],[72.395,31.465],[72.395,31.468]],[[72.385,31.482],[72.389,31.485],[72.385,31.485],[72.385,31.482]],[[72.277,31.488],[72.284,31.495],[72.277,31.495],[72.277,31.488]],[[72.257,31.492],[72.264,31.495],[72.264,31.499],[72.261,31.499],[72.257,31.492]],[[72.338,31.509],[72.345,31.502],[72.348,31.509],[72.338,31.509]],[[72.352,31.502],[72.348,31.499],[72.352,31.499],[72.352,31.502]],[[72.257,31.485],[72.25,31.482],[72.257,31.482],[72.257,31.485]],[[72.355,31.404],[72.352,31.401],[72.355,31.401],[72.355,31.404]],[[72.301,31.397],[72.298,31.401],[72.298,31.397],[72.301,31.397]],[[72.277,31.397],[72.281,31.401],[72.277,31.401],[72.277,31.397]],[[72.23,31.364],[72.227,31.36],[72.23,31.36],[72.23,31.364]],[[72.274,31.35],[72.261,31.357],[72.257,31.343],[72.274,31.35]],[[72.173,31.289],[72.159,31.215],[72.18,31.209],[72.163,31.212],[72.176,31.205],[72.163,31.192],[72.186,31.205],[72.18,31.222],[72.2,31.209],[72.207,31.229],[72.186,31.235],[72.227,31.256],[72.22,31.3],[72.247,31.293],[72.234,31.35],[72.173,31.289]],[[72.156,31.266],[72.163,31.283],[72.153,31.283],[72.156,31.266]],[[72.183,31.32],[72.186,31.323],[72.183,31.323],[72.183,31.32]],[[72.176,31.323],[72.18,31.327],[72.176,31.327],[72.176,31.323]],[[72.257,31.33],[72.244,31.313],[72.254,31.31],[72.257,31.33]],[[72.267,31.276],[72.264,31.273],[72.267,31.273],[72.267,31.276]],[[72.274,31.262],[72.267,31.256],[72.274,31.256],[72.274,31.262]],[[72.244,31.256],[72.237,31.252],[72.237,31.249],[72.24,31.249],[72.244,31.256]],[[72.237,31.232],[72.23,31.205],[72.261,31.212],[72.274,31.246],[72.237,31.232]],[[72.207,31.232],[72.21,31.235],[72.207,31.235],[72.207,31.232]],[[72.207,31.202],[72.203,31.198],[72.207,31.198],[72.207,31.202]],[[72.224,31.192],[72.213,31.185],[72.22,31.175],[72.224,31.192]],[[72.143,31.192],[72.136,31.182],[72.149,31.178],[72.143,31.192]],[[72.207,31.188],[72.2,31.185],[72.207,31.185],[72.207,31.188]],[[72.197,31.178],[72.193,31.175],[72.197,31.175],[72.197,31.178]],[[72.234,31.188],[72.227,31.185],[72.234,31.185],[72.234,31.188]],[[72.19,31.175],[72.186,31.171],[72.19,31.171],[72.19,31.175]],[[72.375,31.458],[72.372,31.448],[72.375,31.448],[72.375,31.458]],[[72.389,31.451],[72.379,31.441],[72.389,31.445],[72.389,31.451]],[[72.382,31.428],[72.379,31.424],[72.382,31.424],[72.382,31.428]],[[72.372,31.424],[72.375,31.428],[72.372,31.428],[72.372,31.424]],[[73.201,31.893],[73.195,31.89],[73.201,31.89],[73.201,31.893]],[[73.222,31.89],[73.211,31.886],[73.222,31.886],[73.222,31.89]],[[73.198,31.886],[73.205,31.88],[73.201,31.886],[73.198,31.886]],[[73.225,31.876],[73.215,31.873],[73.225,31.869],[73.225,31.876]],[[73.252,31.883],[73.249,31.88],[73.252,31.88],[73.252,31.883]],[[73.259,31.88],[73.255,31.876],[73.259,31.876],[73.259,31.88]],[[73.228,31.859],[73.225,31.853],[73.228,31.853],[73.228,31.859]],[[73.215,31.853],[73.222,31.856],[73.215,31.856],[73.215,31.853]],[[73.205,31.839],[73.201,31.849],[73.198,31.839],[73.205,31.839]],[[73.147,31.799],[73.144,31.789],[73.151,31.789],[73.147,31.799]],[[73.292,31.91],[73.296,31.907],[73.296,31.91],[73.292,31.91]],[[73.326,31.907],[73.323,31.903],[73.326,31.903],[73.326,31.907]],[[73.38,31.836],[73.353,31.829],[73.356,31.819],[73.387,31.819],[73.38,31.836]],[[73.39,31.819],[73.4,31.815],[73.394,31.826],[73.39,31.819]],[[73.373,31.809],[73.367,31.815],[73.367,31.809],[73.373,31.809]],[[73.38,31.812],[73.377,31.809],[73.38,31.809],[73.38,31.812]],[[73.34,31.809],[73.35,31.826],[73.343,31.826],[73.34,31.809]],[[73.323,31.815],[73.326,31.819],[73.323,31.819],[73.323,31.815]],[[73.333,31.822],[73.33,31.826],[73.33,31.822],[73.333,31.822]],[[73.326,31.829],[73.336,31.832],[73.326,31.832],[73.326,31.829]],[[73.346,31.829],[73.343,31.836],[73.34,31.836],[73.346,31.829]],[[73.303,31.836],[73.309,31.842],[73.306,31.842],[73.303,31.836]],[[73.306,31.849],[73.309,31.853],[73.306,31.853],[73.306,31.849]],[[73.279,31.859],[73.282,31.863],[73.279,31.863],[73.279,31.859]],[[73.545,31.789],[73.542,31.785],[73.545,31.785],[73.545,31.789]],[[73.508,31.785],[73.501,31.782],[73.508,31.782],[73.508,31.785]],[[73.498,31.772],[73.495,31.768],[73.498,31.768],[73.498,31.772]],[[73.498,31.765],[73.495,31.762],[73.498,31.762],[73.498,31.765]],[[73.451,31.748],[73.454,31.745],[73.454,31.748],[73.451,31.748]],[[73.589,31.775],[73.596,31.772],[73.596,31.775],[73.589,31.775]],[[73.613,31.772],[73.609,31.768],[73.613,31.768],[73.613,31.772]],[[73.599,31.768],[73.596,31.765],[73.599,31.765],[73.599,31.768]],[[73.623,31.751],[73.63,31.731],[73.657,31.748],[73.64,31.758],[73.623,31.751]],[[73.593,31.751],[73.599,31.755],[73.593,31.755],[73.593,31.751]],[[73.613,31.755],[73.606,31.751],[73.613,31.751],[73.613,31.755]],[[73.596,31.731],[73.593,31.724],[73.596,31.724],[73.596,31.731]],[[73.606,31.674],[73.603,31.67],[73.606,31.67],[73.606,31.674]],[[73.704,31.775],[73.7,31.768],[73.707,31.768],[73.704,31.775]],[[73.704,31.765],[73.7,31.762],[73.704,31.762],[73.704,31.765]],[[73.707,31.758],[73.7,31.748],[73.704,31.748],[73.707,31.758]],[[73.717,31.822],[73.714,31.819],[73.717,31.819],[73.717,31.822]],[[73.795,31.866],[73.798,31.859],[73.798,31.866],[73.795,31.866]],[[73.812,31.859],[73.805,31.856],[73.812,31.853],[73.812,31.859]],[[73.815,31.849],[73.812,31.846],[73.815,31.846],[73.815,31.849]],[[73.856,31.826],[73.852,31.822],[73.856,31.822],[73.856,31.826]],[[73.91,31.846],[73.899,31.856],[73.896,31.846],[73.91,31.846]],[[73.889,31.859],[73.893,31.863],[73.889,31.863],[73.889,31.859]],[[73.913,31.842],[73.906,31.839],[73.913,31.839],[73.913,31.842]],[[73.899,31.809],[73.896,31.805],[73.899,31.805],[73.899,31.809]],[[73.997,31.849],[74.004,31.836],[74.004,31.849],[73.997,31.849]],[[74.014,31.853],[74.011,31.842],[74.014,31.842],[74.014,31.853]],[[74.001,31.853],[74.004,31.856],[74.001,31.856],[74.001,31.853]],[[74.024,31.849],[74.021,31.846],[74.024,31.846],[74.024,31.849]],[[73.974,31.822],[73.984,31.819],[73.984,31.826],[73.974,31.822]],[[74.017,31.812],[74.011,31.805],[74.017,31.802],[74.017,31.812]],[[73.96,31.812],[73.963,31.815],[73.96,31.815],[73.96,31.812]],[[74.028,31.883],[74.034,31.886],[74.028,31.886],[74.028,31.883]],[[74.034,31.89],[74.038,31.893],[74.034,31.893],[74.034,31.89]],[[74.098,31.896],[74.095,31.883],[74.102,31.883],[74.098,31.896]],[[74.115,31.9],[74.108,31.896],[74.115,31.896],[74.115,31.9]],[[74.119,31.893],[74.115,31.89],[74.119,31.89],[74.119,31.893]],[[74.125,31.883],[74.122,31.88],[74.125,31.88],[74.125,31.883]],[[74.095,31.863],[74.105,31.853],[74.102,31.863],[74.095,31.863]],[[74.122,31.9],[74.125,31.903],[74.122,31.903],[74.122,31.9]],[[74.044,31.9],[74.051,31.903],[74.051,31.91],[74.044,31.9]],[[74.058,31.91],[74.065,31.917],[74.058,31.92],[74.058,31.91]],[[74.139,31.977],[74.159,32.004],[74.146,31.994],[74.129,32.014],[74.088,31.991],[74.028,31.933],[74.031,31.92],[74.098,31.981],[74.139,31.977]],[[74.139,31.957],[74.135,31.954],[74.139,31.954],[74.139,31.957]],[[74.085,31.954],[74.088,31.95],[74.088,31.954],[74.085,31.954]],[[74.102,31.92],[74.078,31.927],[74.075,31.92],[74.102,31.92]],[[74.017,31.947],[74.014,31.95],[74.014,31.947],[74.017,31.947]],[[74.028,31.95],[74.024,31.954],[74.024,31.95],[74.028,31.95]],[[74.034,31.957],[74.028,31.977],[74.021,31.974],[74.034,31.957]],[[74.011,31.977],[74.014,31.981],[74.011,31.981],[74.011,31.977]],[[74.068,31.991],[74.075,31.994],[74.068,31.994],[74.068,31.991]],[[74.085,32.008],[74.068,32.011],[74.085,31.998],[74.085,32.008]],[[74.048,32.004],[74.051,32.011],[74.048,32.011],[74.048,32.004]],[[74.102,32.014],[74.105,32.018],[74.098,32.018],[74.102,32.014]],[[74.054,32.018],[74.058,32.021],[74.054,32.021],[74.054,32.018]],[[74.078,32.021],[74.071,32.018],[74.078,32.018],[74.078,32.021]],[[74.068,32.025],[74.065,32.031],[74.065,32.025],[74.068,32.025]],[[74.095,32.035],[74.098,32.045],[74.092,32.045],[74.095,32.035]],[[74.102,32.052],[74.112,32.045],[74.108,32.052],[74.102,32.052]],[[74.088,32.062],[74.092,32.065],[74.088,32.065],[74.088,32.062]],[[74.108,32.068],[74.105,32.099],[74.092,32.095],[74.105,32.092],[74.092,32.068],[74.108,32.068]],[[74.088,32.109],[74.092,32.112],[74.088,32.112],[74.088,32.109]],[[74.102,32.132],[74.108,32.129],[74.108,32.136],[74.102,32.132]],[[73.936,31.987],[73.94,31.991],[73.936,31.991],[73.936,31.987]],[[73.899,31.991],[73.903,31.994],[73.899,31.994],[73.899,31.991]],[[73.923,31.998],[73.92,31.994],[73.923,31.994],[73.923,31.998]],[[73.93,32.19],[73.926,32.197],[73.926,32.19],[73.93,32.19]],[[73.943,32.207],[73.947,32.21],[73.943,32.21],[73.943,32.207]],[[73.963,32.21],[73.967,32.217],[73.96,32.21],[73.963,32.21]],[[73.94,32.217],[73.943,32.22],[73.94,32.22],[73.94,32.217]],[[73.947,32.223],[73.95,32.217],[73.95,32.223],[73.947,32.223]],[[74.007,32.264],[74.004,32.257],[74.017,32.264],[74.007,32.264]],[[74.004,32.399],[74.007,32.392],[74.011,32.399],[74.004,32.399]],[[73.987,32.395],[73.99,32.402],[73.987,32.402],[73.987,32.395]],[[74.017,32.412],[74.021,32.416],[74.017,32.416],[74.017,32.412]],[[74.021,32.419],[74.024,32.426],[74.021,32.426],[74.021,32.419]],[[74.415,32.561],[74.405,32.554],[74.419,32.554],[74.415,32.561]],[[74.452,32.561],[74.449,32.557],[74.452,32.557],[74.452,32.561]],[[74.436,32.551],[74.425,32.551],[74.425,32.54],[74.436,32.551]],[[74.378,32.51],[74.368,32.5],[74.398,32.51],[74.378,32.51]],[[74.412,32.487],[74.405,32.476],[74.412,32.476],[74.412,32.487]],[[74.429,32.463],[74.425,32.46],[74.429,32.46],[74.429,32.463]],[[74.624,32.584],[74.601,32.588],[74.601,32.581],[74.624,32.584]],[[74.57,32.584],[74.577,32.588],[74.57,32.591],[74.57,32.584]],[[74.591,32.591],[74.581,32.588],[74.591,32.588],[74.591,32.591]],[[74.597,32.588],[74.594,32.584],[74.597,32.584],[74.597,32.588]],[[74.648,32.561],[74.645,32.557],[74.648,32.557],[74.648,32.561]],[[74.624,32.554],[74.621,32.547],[74.624,32.547],[74.624,32.554]],[[74.634,32.547],[74.628,32.544],[74.634,32.544],[74.634,32.547]],[[74.57,32.739],[74.574,32.743],[74.57,32.743],[74.57,32.739]],[[74.648,32.743],[74.651,32.746],[74.648,32.746],[74.648,32.743]]]}},{"type":"Feature","properties":{},"geometry":{"type":"Polygon","coordinates":[[[73.603,32.803],[73.599,32.743],[73.566,32.712],[73.589,32.75],[73.589,32.77],[73.572,32.77],[73.576,32.814],[73.606,32.817],[73.616,32.834],[73.599,32.827],[73.596,32.851],[73.64,32.881],[73.65,32.864],[73.603,32.803]],[[73.62,32.841],[73.626,32.844],[73.62,32.844],[73.62,32.841]],[[73.593,32.8],[73.589,32.793],[73.593,32.793],[73.593,32.8]]]}},{"type":"Feature","properties":{},"geometry":{"type":"Polygon","coordinates":[[[71.455,32.891],[71.424,32.851],[71.445,32.783],[71.455,32.8],[71.434,32.847],[71.461,32.888],[71.472,32.878],[71.445,32.75],[71.505,32.658],[71.522,32.588],[71.502,32.578],[71.525,32.554],[71.502,32.544],[71.499,32.513],[71.438,32.51],[71.458,32.49],[71.411,32.47],[71.434,32.51],[71.407,32.493],[71.401,32.503],[71.391,32.48],[71.37,32.52],[71.387,32.564],[71.384,32.574],[71.367,32.574],[71.374,32.551],[71.36,32.53],[71.35,32.54],[71.33,32.473],[71.36,32.436],[71.34,32.436],[71.323,32.453],[71.33,32.564],[71.31,32.571],[71.333,32.578],[71.343,32.554],[71.347,32.632],[71.323,32.645],[71.327,32.682],[71.37,32.699],[71.407,32.773],[71.414,32.864],[71.431,32.884],[71.455,32.891]],[[71.424,32.837],[71.428,32.834],[71.428,32.837],[71.424,32.837]],[[71.438,32.803],[71.434,32.8],[71.438,32.8],[71.438,32.803]],[[71.428,32.797],[71.431,32.803],[71.428,32.803],[71.428,32.797]],[[71.424,32.793],[71.431,32.783],[71.438,32.783],[71.424,32.793]],[[71.418,32.77],[71.428,32.763],[71.418,32.78],[71.418,32.77]],[[71.445,32.766],[71.441,32.763],[71.445,32.763],[71.445,32.766]],[[71.428,32.756],[71.384,32.685],[71.381,32.672],[71.391,32.658],[71.354,32.625],[71.37,32.578],[71.384,32.588],[71.367,32.628],[71.394,32.652],[71.387,32.685],[71.414,32.685],[71.428,32.756]],[[71.441,32.733],[71.434,32.723],[71.445,32.719],[71.441,32.733]],[[71.441,32.712],[71.438,32.709],[71.441,32.709],[71.441,32.712]],[[71.434,32.672],[71.431,32.669],[71.434,32.669],[71.434,32.672]],[[71.431,32.658],[71.434,32.652],[71.434,32.658],[71.431,32.658]],[[71.424,32.645],[71.431,32.618],[71.458,32.625],[71.455,32.638],[71.431,32.625],[71.424,32.645]],[[71.441,32.615],[71.438,32.608],[71.441,32.608],[71.441,32.615]],[[71.451,32.611],[71.445,32.608],[71.451,32.605],[71.451,32.611]],[[71.445,32.584],[71.438,32.581],[71.431,32.571],[71.441,32.578],[71.445,32.584]],[[71.455,32.571],[71.438,32.557],[71.461,32.557],[71.455,32.571]],[[71.512,32.564],[71.509,32.561],[71.512,32.561],[71.512,32.564]],[[71.519,32.561],[71.515,32.554],[71.519,32.554],[71.519,32.561]],[[71.509,32.554],[71.512,32.557],[71.509,32.557],[71.509,32.554]],[[71.414,32.551],[71.418,32.554],[71.414,32.554],[71.414,32.551]],[[71.394,32.547],[71.397,32.557],[71.391,32.557],[71.394,32.547]],[[71.404,32.557],[71.407,32.551],[71.411,32.551],[71.411,32.554],[71.404,32.557]],[[71.404,32.561],[71.414,32.561],[71.414,32.574],[71.404,32.561]],[[71.421,32.574],[71.418,32.571],[71.421,32.571],[71.421,32.574]],[[71.428,32.578],[71.424,32.571],[71.428,32.571],[71.428,32.578]],[[71.374,32.692],[71.377,32.696],[71.374,32.696],[71.374,32.692]],[[71.391,32.547],[71.387,32.544],[71.391,32.544],[71.391,32.547]],[[71.421,32.54],[71.414,32.524],[71.418,32.524],[71.421,32.54]],[[71.397,32.544],[71.401,32.537],[71.404,32.537],[71.404,32.54],[71.397,32.544]],[[71.387,32.537],[71.391,32.54],[71.387,32.54],[71.387,32.537]],[[71.404,32.527],[71.401,32.53],[71.401,32.527],[71.404,32.527]],[[71.384,32.53],[71.387,32.534],[71.384,32.534],[71.384,32.53]],[[71.418,32.52],[71.411,32.517],[71.418,32.513],[71.418,32.52]],[[71.407,32.517],[71.404,32.507],[71.414,32.503],[71.407,32.517]]]}},{"type":"Feature","properties":{},"geometry":{"type":"Polygon","coordinates":[[[71.569,32.78],[71.519,32.753],[71.556,32.8],[71.556,32.827],[71.536,32.83],[71.532,32.854],[71.509,32.844],[71.539,32.891],[71.579,32.844],[71.579,32.814],[71.559,32.797],[71.569,32.78]],[[71.569,32.82],[71.573,32.824],[71.569,32.824],[71.569,32.82]]]}},{"type":"Feature","properties":{},"geometry":{"type":"Polygon","coordinates":[[[73.684,32.911],[73.657,32.891],[73.64,32.925],[73.65,32.942],[73.684,32.911]],[[73.67,32.911],[73.673,32.915],[73.67,32.915],[73.67,32.911]],[[73.657,32.925],[73.653,32.932],[73.653,32.925],[73.657,32.925]]]}},{"type":"Feature","properties":{},"geometry":{"type":"Polygon","coordinates":[[[71.576,32.969],[71.536,32.948],[71.519,32.915],[71.482,32.915],[71.455,32.891],[71.478,32.921],[71.576,32.969]],[[71.529,32.945],[71.532,32.942],[71.532,32.945],[71.529,32.945]]]}},{"type":"Feature","properties":{},"geometry":{"type":"Polygon","coordinates":[[[71.694,32.992],[71.6,32.945],[71.579,32.959],[71.67,32.986],[71.691,33.019],[71.708,33.023],[71.694,32.992]],[[71.6,32.955],[71.596,32.952],[71.6,32.952],[71.6,32.955]]]}},{"type":"Feature","properties":{},"geometry":{"type":"Polygon","coordinates":[[[71.907,33.046],[71.95,33.1],[72.014,33.104],[71.954,33.093],[71.907,33.046]]]}},{"type":"Feature","properties":{},"geometry":{"type":"Polygon","coordinates":[[[73.643,33.201],[73.66,33.211],[73.66,33.171],[73.646,33.141],[73.626,33.137],[73.646,33.164],[73.643,33.201]],[[73.653,33.181],[73.646,33.185],[73.646,33.181],[73.653,33.181]]]}},{"type":"Feature","properties":{},"geometry":{"type":"Polygon","coordinates":[[[71.708,33.272],[71.768,33.178],[71.762,33.181],[71.751,33.144],[71.711,33.1],[71.731,33.04],[71.721,33.016],[71.704,33.1],[71.755,33.174],[71.694,33.279],[71.721,33.306],[71.721,33.333],[71.735,33.309],[71.708,33.272]]]}},{"type":"Feature","properties":{},"geometry":{"type":"Polygon","coordinates":[[[73.579,33.33],[73.586,33.343],[73.596,33.34],[73.593,33.299],[73.616,33.265],[73.593,33.232],[73.582,33.242],[73.606,33.259],[73.582,33.323],[73.559,33.33],[73.562,33.36],[73.582,33.356],[73.579,33.33]]]}},{"type":"Feature","properties":{},"geometry":{"type":"Polygon","coordinates":[[[71.724,33.367],[71.782,33.38],[71.708,33.336],[71.724,33.367]]]}},{"type":"Feature","properties":{},"geometry":{"type":"Polygon","coordinates":[[[71.88,33.4],[71.822,33.407],[71.832,33.39],[71.822,33.4],[71.802,33.387],[71.782,33.39],[71.832,33.417],[71.856,33.404],[71.866,33.451],[71.89,33.464],[71.88,33.4]],[[71.869,33.41],[71.873,33.414],[71.869,33.414],[71.869,33.41]]]}},{"type":"Feature","properties":{},"geometry":{"type":"Polygon","coordinates":[[[72.011,33.714],[72.008,33.68],[71.981,33.66],[71.984,33.586],[71.954,33.566],[71.971,33.528],[71.947,33.501],[71.93,33.498],[71.96,33.528],[71.947,33.576],[71.971,33.586],[71.964,33.636],[72.011,33.714]]]}},{"type":"Feature","properties":{},"geometry":{"type":"Polygon","coordinates":[[[72.041,34.017],[72.095,34.007],[71.984,34.011],[72.031,34.058],[72.041,34.017]],[[72.011,34.017],[72.004,34.014],[72.011,34.014],[72.011,34.017]]]}},{"type":"Feature","properties":{},"geometry":{"type":"Polygon","coordinates":[[[72.49,34.048],[72.503,34.041],[72.497,34.011],[72.5,34.021],[72.567,34.011],[72.638,34.044],[72.662,34.041],[72.662,34.024],[72.584,33.98],[72.439,33.98],[72.429,33.997],[72.446,34.001],[72.446,34.017],[72.402,33.98],[72.402,33.963],[72.392,33.974],[72.379,33.957],[72.385,33.977],[72.379,33.987],[72.375,33.943],[72.345,33.933],[72.311,33.943],[72.304,33.916],[72.234,33.893],[72.25,33.879],[72.237,33.852],[72.247,33.758],[72.217,33.768],[72.203,33.754],[72.166,33.764],[72.21,33.778],[72.234,33.764],[72.234,33.839],[72.213,33.852],[72.227,33.856],[72.22,33.953],[72.234,33.933],[72.267,33.953],[72.291,33.943],[72.284,33.96],[72.318,33.947],[72.315,33.96],[72.412,34.021],[72.48,34.024],[72.47,34.007],[72.48,34.004],[72.493,34.028],[72.46,34.038],[72.503,34.085],[72.517,34.075],[72.507,34.058],[72.524,34.054],[72.49,34.048]],[[72.483,34.048],[72.48,34.044],[72.483,34.044],[72.483,34.048]],[[72.517,34.011],[72.513,34.007],[72.517,34.007],[72.517,34.011]],[[72.588,34.014],[72.591,34.007],[72.594,34.007],[72.594,34.011],[72.588,34.014]],[[72.615,34.011],[72.611,34.007],[72.615,34.007],[72.615,34.011]],[[72.605,34.004],[72.608,34.007],[72.605,34.007],[72.605,34.004]],[[72.513,33.997],[72.5,34.007],[72.5,34.001],[72.513,33.997]],[[72.598,34.001],[72.601,33.994],[72.605,33.994],[72.598,34.001]],[[72.52,33.994],[72.517,33.997],[72.517,33.994],[72.52,33.994]],[[72.449,33.997],[72.456,34.001],[72.449,34.001],[72.449,33.997]],[[72.466,34.001],[72.463,34.007],[72.46,34.007],[72.46,34.004],[72.466,34.001]],[[72.497,34.004],[72.493,34.001],[72.497,34.001],[72.497,34.004]],[[72.463,34.014],[72.466,34.017],[72.463,34.017],[72.463,34.014]],[[72.453,34.014],[72.456,34.017],[72.453,34.017],[72.453,34.014]],[[72.412,34.004],[72.402,34.001],[72.412,34.001],[72.412,34.004]],[[72.385,33.994],[72.389,33.984],[72.392,33.984],[72.392,33.99],[72.385,33.994]],[[72.409,33.99],[72.406,33.987],[72.409,33.987],[72.409,33.99]],[[72.399,33.987],[72.402,33.99],[72.399,33.99],[72.399,33.987]],[[72.368,33.984],[72.355,33.97],[72.355,33.967],[72.368,33.974],[72.368,33.984]],[[72.358,33.96],[72.372,33.957],[72.372,33.96],[72.358,33.96]],[[72.372,33.953],[72.358,33.95],[72.372,33.947],[72.372,33.953]],[[72.352,33.94],[72.348,33.947],[72.345,33.94],[72.352,33.94]],[[72.328,33.943],[72.325,33.95],[72.321,33.943],[72.328,33.943]],[[72.298,33.947],[72.301,33.95],[72.298,33.95],[72.298,33.947]],[[72.274,33.94],[72.277,33.943],[72.274,33.943],[72.274,33.94]],[[72.267,33.94],[72.264,33.943],[72.264,33.94],[72.267,33.94]],[[72.294,33.936],[72.281,33.933],[72.294,33.93],[72.294,33.936]],[[72.247,33.93],[72.25,33.936],[72.247,33.936],[72.247,33.93]],[[72.301,33.926],[72.294,33.92],[72.301,33.923],[72.301,33.926]],[[72.24,33.764],[72.237,33.761],[72.24,33.761],[72.24,33.764]],[[72.207,33.761],[72.203,33.764],[72.203,33.761],[72.207,33.761]],[[72.197,33.761],[72.2,33.764],[72.197,33.764],[72.197,33.761]],[[72.186,33.761],[72.193,33.764],[72.186,33.764],[72.186,33.761]],[[72.281,33.916],[72.277,33.913],[72.281,33.913],[72.281,33.916]],[[72.581,33.99],[72.578,33.987],[72.581,33.987],[72.581,33.99]],[[72.615,34.014],[72.618,34.017],[72.615,34.017],[72.615,34.014]],[[72.635,34.024],[72.625,34.014],[72.635,34.017],[72.635,34.024]],[[72.638,34.024],[72.648,34.028],[72.638,34.031],[72.638,34.024]]]}},{"type":"Feature","properties":{},"geometry":{"type":"Polygon","coordinates":[[[72.932,34.095],[72.945,34.092],[72.938,34.054],[72.861,33.997],[72.854,34.068],[72.871,34.081],[72.824,34.088],[72.817,34.115],[72.884,34.081],[72.878,34.031],[72.918,34.058],[72.932,34.095]]]}},{"type":"Feature","properties":{},"geometry":{"type":"Polygon","coordinates":[[[72.854,34.146],[72.868,34.122],[72.891,34.135],[72.871,34.102],[72.841,34.125],[72.854,34.146]]]}},{"type":"Feature","properties":{},"geometry":{"type":"Polygon","coordinates":[[[72.217,34.196],[72.186,34.193],[72.207,34.179],[72.22,34.186],[72.21,34.169],[72.227,34.159],[72.203,34.162],[72.21,34.149],[72.203,34.142],[72.17,34.162],[72.163,34.223],[72.207,34.223],[72.217,34.196]],[[72.19,34.206],[72.193,34.21],[72.19,34.21],[72.19,34.206]]]}},{"type":"Feature","properties":{},"geometry":{"type":"Polygon","coordinates":[[[72.689,34.061],[72.712,34.081],[72.689,34.085],[72.652,34.044],[72.689,34.105],[72.76,34.135],[72.79,34.169],[72.807,34.291],[72.824,34.311],[72.793,34.156],[72.763,34.129],[72.692,34.102],[72.729,34.078],[72.689,34.061]]]}},{"type":"Feature","properties":{},"geometry":{"type":"Polygon","coordinates":[[[71.846,34.041],[71.88,34.048],[71.9,34.041],[71.94,34.068],[71.994,34.038],[71.95,34.011],[71.927,34.031],[71.934,34.011],[71.832,34.021],[71.829,34.007],[71.815,34.001],[71.815,34.031],[71.772,34.038],[71.748,34.081],[71.677,34.061],[71.623,34.088],[71.681,34.078],[71.66,34.112],[71.691,34.112],[71.691,34.125],[71.542,34.173],[71.488,34.176],[71.475,34.169],[71.488,34.152],[71.438,34.169],[71.424,34.146],[71.414,34.166],[71.509,34.189],[71.697,34.135],[71.64,34.247],[71.606,34.274],[71.566,34.328],[71.569,34.338],[71.647,34.26],[71.694,34.159],[71.778,34.125],[71.842,34.075],[71.846,34.041]],[[71.826,34.048],[71.815,34.054],[71.802,34.054],[71.812,34.048],[71.826,34.048]],[[71.799,34.054],[71.789,34.061],[71.792,34.054],[71.799,34.054]],[[71.782,34.065],[71.765,34.095],[71.748,34.095],[71.782,34.065]],[[71.711,34.095],[71.718,34.112],[71.704,34.088],[71.728,34.085],[71.711,34.095]],[[71.721,34.098],[71.724,34.092],[71.728,34.098],[71.721,34.098]],[[71.731,34.095],[71.735,34.088],[71.745,34.095],[71.731,34.095]],[[71.701,34.098],[71.704,34.102],[71.701,34.102],[71.701,34.098]],[[71.792,34.068],[71.795,34.065],[71.795,34.068],[71.792,34.068]],[[71.714,34.119],[71.718,34.122],[71.714,34.122],[71.714,34.119]],[[71.684,34.132],[71.687,34.135],[71.684,34.135],[71.684,34.132]],[[71.644,34.142],[71.647,34.146],[71.644,34.146],[71.644,34.142]],[[71.475,34.173],[71.478,34.176],[71.475,34.176],[71.475,34.173]],[[71.502,34.183],[71.505,34.186],[71.502,34.186],[71.502,34.183]],[[71.856,34.038],[71.863,34.028],[71.866,34.028],[71.866,34.034],[71.856,34.038]],[[71.89,34.041],[71.88,34.031],[71.893,34.034],[71.89,34.041]],[[71.947,34.041],[71.944,34.038],[71.947,34.038],[71.947,34.041]],[[71.954,34.038],[71.95,34.034],[71.954,34.034],[71.954,34.038]],[[71.93,34.041],[71.934,34.044],[71.93,34.044],[71.93,34.041]],[[71.947,34.028],[71.954,34.024],[71.947,34.031],[71.947,34.028]],[[71.869,34.031],[71.873,34.034],[71.869,34.034],[71.869,34.031]],[[71.849,34.031],[71.842,34.034],[71.849,34.028],[71.849,34.031]],[[71.856,34.031],[71.853,34.028],[71.856,34.028],[71.856,34.031]]]}},{"type":"Feature","properties":{},"geometry":{"type":"Polygon","coordinates":[[[72.824,34.462],[72.824,34.355],[72.854,34.331],[72.83,34.284],[72.841,34.331],[72.807,34.378],[72.81,34.425],[72.78,34.419],[72.773,34.425],[72.824,34.462]],[[72.807,34.432],[72.803,34.429],[72.807,34.429],[72.807,34.432]]]}},{"type":"Feature","properties":{},"geometry":{"type":"Polygon","coordinates":[[[72.783,34.5],[72.824,34.516],[72.847,34.486],[72.844,34.466],[72.827,34.459],[72.837,34.489],[72.824,34.503],[72.77,34.496],[72.763,34.53],[72.783,34.5]],[[72.814,34.506],[72.82,34.51],[72.814,34.51],[72.814,34.506]]]}},{"type":"Feature","properties":{},"geometry":{"type":"Polygon","coordinates":[[[72.82,34.581],[72.814,34.54],[72.773,34.533],[72.81,34.564],[72.77,34.611],[72.797,34.651],[72.793,34.688],[72.807,34.665],[72.78,34.611],[72.82,34.581]]]}},{"type":"Feature","properties":{},"geometry":{"type":"Polygon","coordinates":[[[72.338,34.786],[72.301,34.783],[72.264,34.709],[72.22,34.678],[72.089,34.665],[72.028,34.641],[72.045,34.634],[72.028,34.621],[71.95,34.618],[71.94,34.631],[71.923,34.614],[71.856,34.634],[71.937,34.645],[72.021,34.638],[72.052,34.665],[72.22,34.692],[72.261,34.722],[72.271,34.773],[72.294,34.79],[72.402,34.8],[72.466,35.022],[72.47,34.968],[72.436,34.904],[72.419,34.803],[72.338,34.786]],[[72.291,34.773],[72.288,34.769],[72.291,34.769],[72.291,34.773]],[[71.987,34.634],[71.984,34.638],[71.984,34.634],[71.987,34.634]]]}},{"type":"Feature","properties":{},"geometry":{"type":"Polygon","coordinates":[[[71.772,35.805],[71.765,35.821],[71.782,35.794],[71.758,35.781],[71.778,35.774],[71.778,35.751],[71.748,35.788],[71.772,35.805]],[[71.772,35.798],[71.768,35.794],[71.772,35.794],[71.772,35.798]]]}},{"type":"Feature","properties":{},"geometry":{"type":"Polygon","coordinates":[[[71.923,36.044],[71.987,36.027],[71.913,36.03],[71.923,36.044]]]}},{"type":"Feature","properties":{},"geometry":{"type":"Polygon","coordinates":[[[71.778,36.159],[71.762,36.145],[71.738,36.142],[71.721,36.172],[71.745,36.159],[71.758,36.186],[71.765,36.155],[71.778,36.159]],[[71.751,36.159],[71.745,36.152],[71.758,36.159],[71.751,36.159]]]}},{"type":"Feature","properties":{},"geometry":{"type":"Polygon","coordinates":[[[72.53,36.206],[72.513,36.189],[72.487,36.189],[72.524,36.213],[72.5,36.219],[72.517,36.236],[72.551,36.236],[72.544,36.216],[72.534,36.223],[72.54,36.192],[72.53,36.206]],[[72.53,36.226],[72.54,36.233],[72.53,36.233],[72.53,36.226]]]}},{"type":"Feature","properties":{},"geometry":{"type":"Polygon","coordinates":[[[71.61,36.267],[71.647,36.256],[71.627,36.243],[71.647,36.233],[71.62,36.24],[71.633,36.229],[71.623,36.216],[71.596,36.219],[71.62,36.202],[71.6,36.189],[71.623,36.189],[71.603,36.169],[71.59,36.199],[71.613,36.206],[71.522,36.192],[71.509,36.216],[71.519,36.246],[71.519,36.219],[71.586,36.213],[71.542,36.246],[71.559,36.253],[71.579,36.233],[71.576,36.256],[71.6,36.256],[71.593,36.243],[71.6,36.233],[71.61,36.267]],[[71.62,36.246],[71.617,36.243],[71.62,36.243],[71.62,36.246]],[[71.583,36.246],[71.586,36.25],[71.583,36.25],[71.583,36.246]],[[71.623,36.226],[71.62,36.229],[71.62,36.226],[71.623,36.226]],[[71.59,36.229],[71.593,36.223],[71.596,36.223],[71.59,36.229]],[[71.59,36.219],[71.593,36.216],[71.593,36.219],[71.59,36.219]],[[71.519,36.213],[71.522,36.216],[71.519,36.216],[71.519,36.213]],[[71.633,36.25],[71.637,36.253],[71.633,36.253],[71.633,36.25]]]}},{"type":"Feature","properties":{},"geometry":{"type":"Polygon","coordinates":[[[71.633,36.361],[71.613,36.334],[71.644,36.314],[71.63,36.297],[71.657,36.3],[71.67,36.277],[71.617,36.283],[71.627,36.31],[71.579,36.314],[71.576,36.3],[71.549,36.32],[71.549,36.277],[71.529,36.26],[71.515,36.27],[71.515,36.25],[71.499,36.24],[71.478,36.263],[71.495,36.273],[71.495,36.26],[71.512,36.253],[71.502,36.28],[71.512,36.3],[71.536,36.29],[71.529,36.324],[71.613,36.344],[71.593,36.358],[71.573,36.344],[71.556,36.371],[71.573,36.361],[71.613,36.378],[71.627,36.364],[71.63,36.385],[71.633,36.361]],[[71.606,36.358],[71.603,36.354],[71.606,36.354],[71.606,36.358]],[[71.61,36.334],[71.6,36.331],[71.61,36.331],[71.61,36.334]],[[71.61,36.324],[71.593,36.32],[71.61,36.317],[71.61,36.324]],[[71.586,36.317],[71.59,36.32],[71.586,36.32],[71.586,36.317]],[[71.509,36.28],[71.512,36.277],[71.512,36.28],[71.509,36.28]],[[71.532,36.273],[71.529,36.27],[71.532,36.27],[71.532,36.273]]]}},{"type":"Feature","properties":{},"geometry":{"type":"Polygon","coordinates":[[[71.691,36.381],[71.681,36.361],[71.704,36.364],[71.721,36.337],[71.755,36.334],[71.748,36.317],[71.778,36.297],[71.772,36.273],[71.792,36.256],[71.785,36.25],[71.772,36.25],[71.745,36.26],[71.765,36.267],[71.751,36.297],[71.731,36.263],[71.768,36.24],[71.799,36.246],[71.751,36.226],[71.758,36.199],[71.724,36.192],[71.724,36.175],[71.697,36.189],[71.738,36.216],[71.714,36.229],[71.718,36.246],[71.738,36.24],[71.735,36.256],[71.718,36.253],[71.708,36.24],[71.691,36.25],[71.684,36.219],[71.708,36.229],[71.694,36.206],[71.667,36.226],[71.701,36.263],[71.67,36.267],[71.677,36.283],[71.697,36.28],[71.681,36.287],[71.687,36.3],[71.66,36.293],[71.667,36.371],[71.691,36.381]],[[71.691,36.358],[71.681,36.358],[71.681,36.344],[71.691,36.358]],[[71.701,36.334],[71.697,36.331],[71.701,36.331],[71.701,36.334]],[[71.701,36.327],[71.697,36.324],[71.701,36.324],[71.701,36.327]],[[71.738,36.327],[71.741,36.324],[71.741,36.327],[71.738,36.327]],[[71.684,36.324],[71.694,36.327],[71.684,36.327],[71.684,36.324]],[[71.728,36.32],[71.714,36.3],[71.721,36.304],[71.728,36.32]],[[71.691,36.304],[71.701,36.31],[71.701,36.314],[71.697,36.314],[71.691,36.304]],[[71.667,36.31],[71.67,36.307],[71.67,36.31],[71.667,36.31]],[[71.681,36.31],[71.674,36.307],[71.681,36.307],[71.681,36.31]],[[71.687,36.314],[71.691,36.317],[71.687,36.317],[71.687,36.314]],[[71.735,36.307],[71.738,36.304],[71.738,36.307],[71.735,36.307]],[[71.741,36.3],[71.738,36.297],[71.741,36.297],[71.741,36.3]],[[71.735,36.29],[71.721,36.28],[71.735,36.277],[71.735,36.29]],[[71.708,36.27],[71.714,36.28],[71.704,36.277],[71.708,36.27]],[[71.721,36.273],[71.724,36.267],[71.724,36.273],[71.721,36.273]],[[71.711,36.287],[71.714,36.29],[71.711,36.29],[71.711,36.287]],[[71.708,36.26],[71.714,36.263],[71.708,36.263],[71.708,36.26]],[[71.751,36.243],[71.748,36.24],[71.751,36.24],[71.751,36.243]],[[71.745,36.236],[71.745,36.226],[71.755,36.233],[71.745,36.236]],[[71.721,36.229],[71.731,36.233],[71.721,36.233],[71.721,36.229]],[[71.721,36.199],[71.718,36.196],[71.721,36.196],[71.721,36.199]],[[71.772,36.263],[71.768,36.26],[71.772,36.26],[71.772,36.263]],[[71.782,36.256],[71.778,36.253],[71.782,36.253],[71.782,36.256]]]}},{"type":"Feature","properties":{},"geometry":{"type":"Polygon","coordinates":[[[71.829,36.385],[71.819,36.351],[71.846,36.334],[71.809,36.334],[71.815,36.354],[71.795,36.371],[71.829,36.385]],[[71.819,36.371],[71.812,36.364],[71.819,36.364],[71.819,36.371]]]}},{"type":"Feature","properties":{},"geometry":{"type":"Polygon","coordinates":[[[71.721,36.418],[71.711,36.442],[71.731,36.445],[71.772,36.408],[71.721,36.418]]]}},{"type":"Feature","properties":{},"geometry":{"type":"Polygon","coordinates":[[[72.105,36.418],[72.089,36.391],[72.058,36.398],[72.065,36.418],[72.038,36.422],[72.018,36.469],[72.052,36.455],[72.079,36.401],[72.105,36.418]]]}},{"type":"Feature","properties":{},"geometry":{"type":"Polygon","coordinates":[[[71.957,36.492],[71.967,36.519],[71.95,36.513],[71.96,36.53],[72.004,36.476],[71.974,36.499],[71.957,36.492]]]}},{"type":"Feature","properties":{},"geometry":{"type":"Polygon","coordinates":[[[72.105,36.516],[72.099,36.503],[72.095,36.482],[72.082,36.479],[72.014,36.492],[72.028,36.519],[72.052,36.503],[72.031,36.53],[72.058,36.509],[72.105,36.516]],[[72.082,36.506],[72.079,36.503],[72.082,36.503],[72.082,36.506]],[[72.065,36.496],[72.062,36.492],[72.065,36.492],[72.065,36.496]],[[72.075,36.496],[72.072,36.492],[72.075,36.492],[72.075,36.496]],[[72.092,36.492],[72.085,36.486],[72.092,36.486],[72.092,36.492]],[[72.082,36.486],[72.075,36.489],[72.075,36.486],[72.082,36.486]]]}},{"type":"Feature","properties":{},"geometry":{"type":"Polygon","coordinates":[[[72.257,36.57],[72.284,36.55],[72.298,36.56],[72.311,36.557],[72.254,36.533],[72.257,36.57]],[[72.261,36.563],[72.264,36.557],[72.267,36.557],[72.267,36.56],[72.261,36.563]],[[72.264,36.553],[72.271,36.546],[72.271,36.553],[72.264,36.553]]]}},{"type":"Feature","properties":{},"geometry":{"type":"Polygon","coordinates":[[[72.375,36.631],[72.348,36.621],[72.345,36.594],[72.325,36.597],[72.335,36.58],[72.288,36.583],[72.284,36.61],[72.375,36.631]],[[72.308,36.594],[72.301,36.59],[72.308,36.59],[72.308,36.594]]]}},{"type":"Feature","properties":{},"geometry":{"type":"Polygon","coordinates":[[[72.389,36.658],[72.355,36.631],[72.304,36.644],[72.362,36.661],[72.389,36.658]],[[72.368,36.651],[72.372,36.654],[72.368,36.654],[72.368,36.651]],[[72.358,36.648],[72.355,36.641],[72.365,36.648],[72.358,36.648]],[[72.335,36.644],[72.338,36.648],[72.335,36.648],[72.335,36.644]]]}},{"type":"Feature","properties":{},"geometry":{"type":"Polygon","coordinates":[[[72.672,36.641],[72.638,36.661],[72.605,36.637],[72.591,36.648],[72.628,36.675],[72.675,36.654],[72.672,36.641]]]}},{"type":"Feature","properties":{},"geometry":{"type":"Polygon","coordinates":[[[72.433,36.698],[72.453,36.678],[72.436,36.664],[72.453,36.658],[72.419,36.668],[72.412,36.648],[72.412,36.675],[72.392,36.675],[72.399,36.664],[72.392,36.658],[72.382,36.695],[72.399,36.705],[72.412,36.705],[72.409,36.691],[72.439,36.708],[72.463,36.702],[72.456,36.722],[72.497,36.705],[72.497,36.695],[72.466,36.702],[72.473,36.685],[72.433,36.698]],[[72.483,36.705],[72.48,36.702],[72.483,36.702],[72.483,36.705]],[[72.466,36.708],[72.47,36.712],[72.466,36.712],[72.466,36.708]],[[72.399,36.691],[72.402,36.695],[72.399,36.695],[72.399,36.691]],[[72.402,36.698],[72.406,36.702],[72.402,36.702],[72.402,36.698]],[[72.433,36.668],[72.419,36.685],[72.409,36.685],[72.433,36.668]],[[72.392,36.681],[72.399,36.685],[72.392,36.685],[72.392,36.681]]]}},{"type":"Feature","properties":{},"geometry":{"type":"Polygon","coordinates":[[[73.734,36.789],[73.754,36.803],[73.744,36.789],[73.761,36.799],[73.771,36.782],[73.711,36.789],[73.717,36.809],[73.734,36.789]]]}},{"type":"Feature","properties":{},"geometry":{"type":"Polygon","coordinates":[[[73.141,36.88],[73.137,36.877],[73.131,36.88],[73.137,36.863],[73.12,36.87],[73.131,36.857],[73.117,36.85],[73.07,36.86],[73.117,36.867],[73.097,36.884],[73.131,36.89],[73.141,36.88]],[[73.09,36.86],[73.087,36.857],[73.09,36.857],[73.09,36.86]]]}}]}