{"type":"FeatureCollection","features":[{"type":"Feature","properties":{"adm2_pcode":"PK101","adm2_name":"Bagh","adm1_pcode":"PK1","adm1_name":"Azad Kashmir","area_sqkm":694.41686731},"geometry":{"type":"Polygon","coordinates":[[[73.5389,34.1262],[73.524,34.1309],[73.5185,34.1249],[73.5294,34.1177],[73.5197,34.1098],[73.4944,34.107],[73.5164,34.0011],[73.5387,33.9513],[73.5742,33.9096],[73.5986,33.9167],[73.6162,33.9639],[73.6413,33.9784],[73.6714,33.9662],[73.6815,33.9412],[73.7184,33.9121],[73.7379,33.9134],[73.7343,33.8987],[73.7543,33.8878],[73.7752,33.8901],[73.7929,33.8768],[73.8211,33.8803],[73.8326,33.9052],[73.8773,33.8966],[73.8904,33.902],[73.9198,33.8866],[73.9733,33.9189],[73.9807,33.9417],[74.0004,33.9582],[73.9994,33.9767],[73.9542,33.9871],[73.9385,34.0131],[73.9382,34.0318],[73.8981,34.016],[73.8635,34.0209],[73.8519,34.0386],[73.8526,34.0643],[73.8341,34.0784],[73.6962,34.0803],[73.6895,34.0645],[73.6448,34.059],[73.6288,34.0816],[73.6165,34.0738],[73.6192,34.0609],[73.5892,34.0741],[73.5706,34.0992],[73.5362,34.1004],[73.5389,34.1262]]]}},{"type":"Feature","properties":{"adm2_pcode":"PK102","adm2_name":"Bhimber","adm1_pcode":"PK1","adm1_name":"Azad Kashmir","area_sqkm":1212.94727304},"geometry":{"type":"Polygon","coordinates":[[[73.9644,33.2412],[73.9438,33.2599],[73.9077,33.2308],[73.9038,33.2076],[73.9168,33.1773],[73.8794,33.1524],[73.8813,33.1263],[73.8539,33.1003],[73.8763,33.077],[73.8753,33.0643],[73.8254,33.0133],[73.8803,33.0353],[73.9211,33.0342],[73.9422,33.0219],[73.9744,32.9747],[74.0028,32.9517],[74.0842,32.9253],[74.3328,32.8156],[74.3597,32.7758],[74.4008,32.7706],[74.4407,32.7916],[74.4617,32.7917],[74.4301,32.8447],[74.4285,32.8836],[74.4139,32.9039],[74.3477,32.9082],[74.318,32.9197],[74.3207,32.9414],[74.3532,32.9831],[74.3498,33.0163],[74.255,33.0488],[74.2053,33.0433],[74.1763,33.1072],[74.1117,33.1644],[74.0828,33.1807],[74.0182,33.1932],[74.0131,33.2499],[74.0002,33.2563],[73.9796,33.2399],[73.9644,33.2412]]]}},{"type":"Feature","properties":{"adm2_pcode":"PK103","adm2_name":"Jhelum Valley","adm1_pcode":"PK1","adm1_name":"Azad Kashmir","area_sqkm":681.76507907},"geometry":{"type":"Polygon","coordinates":[[[73.9199,34.3423],[73.8994,34.3598],[73.8418,34.3383],[73.8201,34.3499],[73.7813,34.3347],[73.7609,34.3398],[73.7493,34.3083],[73.7625,34.2774],[73.7489,34.2487],[73.714,34.2163],[73.678,34.1997],[73.636,34.2126],[73.6236,34.203],[73.6449,34.1685],[73.6464,34.1379],[73.6962,34.0803],[73.8341,34.0784],[73.8526,34.0643],[73.8519,34.0386],[73.8698,34.0177],[73.8981,34.016],[73.9382,34.0318],[73.8982,34.0328],[73.8832,34.0499],[73.8857,34.0751],[73.9044,34.0969],[73.9041,34.1223],[73.9171,34.1421],[73.9766,34.2118],[73.982,34.2391],[73.9762,34.2648],[73.941,34.3017],[73.9199,34.3423]]]}},{"type":"Feature","properties":{"adm2_pcode":"PK104","adm2_name":"Haveli","adm1_pcode":"PK1","adm1_name":"Azad Kashmir","area_sqkm":550.89304858},"geometry":{"type":"Polygon","coordinates":[[[74.1569,34.0404],[74.1237,34.0552],[74.087,34.0378],[74.0061,34.0224],[74.0,34.0302],[73.9382,34.0318],[73.9385,34.0131],[73.9542,33.9871],[74.0013,33.9745],[73.9993,33.9554],[73.9741,33.9261],[74.0021,33.865],[74.027,33.8441],[74.0318,33.8361],[74.0223,33.8311],[74.0352,33.8195],[74.0574,33.8145],[74.1433,33.8301],[74.2076,33.8594],[74.2456,33.895],[74.2636,33.9426],[74.2487,34.0138],[74.2147,34.0386],[74.1569,34.0404]]]}},{"type":"Feature","properties":{"adm2_pcode":"PK105","adm2_name":"Kotli","adm1_pcode":"PK1","adm1_name":"Azad Kashmir","area_sqkm":1599.11706562},"geometry":{"type":"Polygon","coordinates":[[[73.6497,33.6377],[73.5954,33.6852],[73.5739,33.6644],[73.5689,33.6242],[73.5986,33.6069],[73.6269,33.5689],[73.623,33.5481],[73.6317,33.5264],[73.6114,33.5128],[73.6083,33.4919],[73.6265,33.4602],[73.6497,33.4576],[73.6604,33.4681],[73.6716,33.4594],[73.7001,33.4596],[73.7533,33.4186],[73.7632,33.406],[73.7548,33.3801],[73.7777,33.3609],[73.766,33.3486],[73.7916,33.3331],[73.7869,33.3262],[73.8146,33.2973],[73.8876,33.2433],[73.8977,33.2255],[73.9174,33.2322],[73.9438,33.2599],[73.9775,33.2395],[74.0002,33.2563],[74.0131,33.2499],[74.0244,33.2625],[74.0907,33.2636],[74.1701,33.3462],[74.1851,33.3835],[74.1853,33.4671],[74.0963,33.5698],[74.0453,33.5657],[74.0167,33.5945],[73.9682,33.6076],[73.9607,33.6185],[73.8911,33.5952],[73.8756,33.5989],[73.8772,33.5884],[73.8594,33.5836],[73.8251,33.59],[73.7936,33.6144],[73.7809,33.6064],[73.7499,33.6185],[73.7371,33.5801],[73.6833,33.632],[73.6497,33.6377]]]}},{"type":"Feature","properties":{"adm2_pcode":"PK106","adm2_name":"Mirpur","adm1_pcode":"PK1","adm1_name":"Azad Kashmir","area_sqkm":896.92933494},"geometry":{"type":"Polygon","coordinates":[[[73.7001,33.4596],[73.6604,33.4681],[73.6497,33.4576],[73.6265,33.4602],[73.5972,33.4392],[73.5958,33.4178],[73.5708,33.3833],[73.5847,33.3392],[73.6072,33.3333],[73.5986,33.3181],[73.6158,33.2914],[73.6232,33.244],[73.6428,33.2323],[73.6412,33.2161],[73.654,33.223],[73.6671,33.2153],[73.6686,33.158],[73.6318,33.1359],[73.6244,33.1058],[73.6431,33.0861],[73.7503,33.053],[73.7739,33.0233],[73.8058,33.0089],[73.8225,33.0119],[73.8533,33.0335],[73.8753,33.0643],[73.8763,33.077],[73.8539,33.1003],[73.8813,33.1263],[73.8794,33.1524],[73.9168,33.1773],[73.9038,33.2076],[73.9089,33.2275],[73.8955,33.2273],[73.8876,33.2433],[73.8315,33.2817],[73.7869,33.3262],[73.7916,33.3331],[73.766,33.3486],[73.7777,33.3609],[73.7534,33.3836],[73.7632,33.406],[73.758,33.4142],[73.7001,33.4596]]]}},{"type":"Feature","properties":{"adm2_pcode":"PK107","adm2_name":"Muzaffarabad","adm1_pcode":"PK1","adm1_name":"Azad Kashmir","area_sqkm":1361.01280394},"geometry":{"type":"Polygon","coordinates":[[[73.625,34.5639],[73.5817,34.5878],[73.4483,34.563],[73.4308,34.4742],[73.4008,34.4047],[73.3992,34.3575],[73.4142,34.3161],[73.4647,34.2753],[73.4623,34.2572],[73.4878,34.185],[73.4944,34.107],[73.5197,34.1098],[73.5294,34.1177],[73.5184,34.1257],[73.5353,34.1321],[73.5362,34.1004],[73.5706,34.0992],[73.5892,34.0741],[73.6192,34.0609],[73.6165,34.0738],[73.6288,34.0816],[73.6348,34.0639],[73.6685,34.0603],[73.6951,34.0677],[73.6973,34.0773],[73.6464,34.1379],[73.6449,34.1685],[73.6236,34.203],[73.636,34.2126],[73.678,34.1997],[73.714,34.2163],[73.7489,34.2487],[73.7618,34.2738],[73.7498,34.2971],[73.7514,34.3305],[73.7609,34.3398],[73.7813,34.3347],[73.8201,34.3499],[73.8074,34.3567],[73.7734,34.3497],[73.7632,34.3596],[73.7688,34.3872],[73.7347,34.3815],[73.7475,34.4058],[73.7398,34.4359],[73.7488,34.4462],[73.7334,34.4636],[73.7608,34.4883],[73.7614,34.5191],[73.7073,34.5241],[73.6823,34.538],[73.6693,34.5324],[73.6445,34.571],[73.625,34.5639]]]}},{"type":"Feature","properties":{"adm2_pcode":"PK108","adm2_name":"Neelum","adm1_pcode":"PK1","adm1_name":"Azad Kashmir","area_sqkm":3137.46611349},"geometry":{"type":"Polygon","coordinates":[[[74.4663,35.1106],[74.4519,35.1338],[74.4395,35.1341],[74.4294,35.1104],[74.405,35.0978],[74.3751,35.0613],[74.2995,35.0674],[74.2743,35.0417],[74.2539,35.039],[74.2376,35.0511],[74.236,35.07],[74.2158,35.067],[74.2162,35.0871],[74.2062,35.0924],[74.2018,35.0844],[74.1607,35.0804],[74.1159,35.1231],[74.1022,35.1178],[74.0719,35.0967],[74.0603,35.0747],[74.0895,35.0241],[74.0558,34.9961],[74.0516,34.9556],[74.0103,34.9133],[73.9864,34.8705],[73.9078,34.8267],[73.8339,34.8269],[73.7994,34.8036],[73.7603,34.7994],[73.7264,34.7753],[73.7036,34.7247],[73.6636,34.6944],[73.6744,34.6458],[73.6445,34.571],[73.6693,34.5324],[73.6823,34.538],[73.7073,34.5241],[73.762,34.5185],[73.7608,34.4883],[73.7334,34.4636],[73.7488,34.4462],[73.7398,34.4359],[73.7475,34.4058],[73.7347,34.3815],[73.7688,34.3872],[73.777,34.4163],[73.8073,34.4419],[73.8987,34.4958],[73.8867,34.515],[73.8953,34.5467],[73.9481,34.5731],[73.9274,34.6461],[73.9602,34.6967],[74.0129,34.7099],[74.0491,34.685],[74.0931,34.6945],[74.1418,34.6912],[74.203,34.7366],[74.2798,34.7683],[74.3073,34.8003],[74.3413,34.7897],[74.3755,34.8034],[74.474,34.7906],[74.5066,34.7755],[74.5615,34.7744],[74.6388,34.7335],[74.6713,34.7007],[74.7721,34.6827],[74.8649,34.6799],[74.7824,34.764],[74.7645,34.8129],[74.7259,34.8433],[74.7228,34.8609],[74.7057,34.8576],[74.6988,34.875],[74.6774,34.8801],[74.6642,34.9074],[74.6451,34.9018],[74.6,34.9193],[74.574,34.9036],[74.566,34.9075],[74.5719,34.926],[74.5634,34.9293],[74.5747,34.9473],[74.5627,34.957],[74.5647,34.9731],[74.5835,35.0016],[74.5746,35.0187],[74.5543,35.0132],[74.5285,35.036],[74.537,35.0656],[74.511,35.0849],[74.5098,35.0992],[74.4847,35.1124],[74.4663,35.1106]]]}},{"type":"Feature","properties":{"adm2_pcode":"PK109","adm2_name":"Poonch","adm1_pcode":"PK1","adm1_name":"Azad Kashmir","area_sqkm":719.56965304},"geometry":{"type":"Polygon","coordinates":[[[73.6815,33.9412],[73.6714,33.9662],[73.6457,33.9772],[73.6162,33.9639],[73.5986,33.9167],[73.5742,33.9096],[73.5855,33.8819],[73.5714,33.8241],[73.5944,33.8167],[73.6722,33.8263],[73.6856,33.8031],[73.6936,33.81],[73.7347,33.8043],[73.8058,33.7626],[73.8192,33.7382],[73.873,33.7542],[73.8852,33.7312],[73.8758,33.7156],[73.8823,33.6949],[73.9219,33.6947],[73.9236,33.6842],[73.9583,33.6589],[73.9473,33.6488],[73.9191,33.6498],[73.9179,33.6347],[73.8979,33.6244],[73.903,33.6034],[73.9607,33.6185],[73.9682,33.6076],[74.0167,33.5945],[73.9562,33.7203],[73.9665,33.7403],[74.0,33.7526],[74.0283,33.776],[74.0574,33.8145],[74.0223,33.8311],[74.0318,33.8361],[74.0021,33.865],[73.9756,33.9213],[73.9198,33.8866],[73.8904,33.902],[73.8773,33.8966],[73.8326,33.9052],[73.8236,33.8821],[73.7929,33.8768],[73.7752,33.8901],[73.737,33.8958],[73.7379,33.9134],[73.7184,33.9121],[73.6815,33.9412]]]}},{"type":"Feature","properties":{"adm2_pcode":"PK110","adm2_name":"Sudhnoti","adm1_pcode":"PK1","adm1_name":"Azad Kashmir","area_sqkm":567.86224962},"geometry":{"type":"Polygon","coordinates":[[[73.6722,33.8263],[73.5944,33.8167],[73.5714,33.8241],[73.5667,33.7889],[73.5972,33.7336],[73.5954,33.6852],[73.6297,33.6559],[73.6275,33.648],[73.6833,33.632],[73.7317,33.5822],[73.7435,33.5818],[73.7512,33.6187],[73.7809,33.6064],[73.7954,33.6138],[73.8437,33.5842],[73.8712,33.5854],[73.8756,33.5989],[73.9059,33.6008],[73.8979,33.6244],[73.9179,33.6347],[73.9191,33.6498],[73.9473,33.6488],[73.9583,33.6578],[73.9236,33.6842],[73.9219,33.6947],[73.8823,33.6949],[73.8758,33.7156],[73.8852,33.7312],[73.873,33.7542],[73.8162,33.7389],[73.81,33.76],[73.7356,33.8039],[73.6936,33.81],[73.6856,33.8031],[73.6722,33.8263]]]}},{"type":"Feature","properties":{"adm2_pcode":"PK201","adm2_name":"Awaran","adm1_pcode":"PK2","adm1_name":"Balochistan","area_sqkm":24989.60334836},"geometry":{"type":"Polygon","coordinates":[[[65.9992,27.1454],[65.912,27.1394],[65.8809,27.1749],[65.8462,27.2787],[65.7783,27.3574],[65.593,27.4175],[65.5825,27.3447],[65.5648,27.3007],[65.3473,26.9837],[65.3347,26.887],[65.2985,26.8034],[65.1279,26.63],[64.9222,26.4618],[64.9151,26.4398],[64.9317,26.4048],[64.9257,26.3728],[64.9007,26.364],[64.7338,26.3621],[64.4699,26.3705],[64.4294,26.352],[64.4201,26.3327],[64.4299,26.2668],[64.4446,26.2296],[64.4975,26.1769],[64.5148,26.1241],[64.5112,26.0873],[64.4914,26.0545],[64.3875,26.0204],[64.3536,25.9222],[64.3485,25.8927],[64.3571,25.8591],[64.3264,25.8443],[64.3204,25.7731],[64.2764,25.7512],[64.2785,25.7141],[64.2935,25.6896],[64.3518,25.6548],[64.3524,25.6399],[64.307,25.6177],[64.2672,25.6126],[64.2403,25.6284],[64.2305,25.6131],[64.2126,25.6115],[64.1258,25.4892],[64.126,25.4719],[64.2717,25.4652],[64.3693,25.4326],[64.4773,25.4928],[64.5042,25.4992],[64.9931,25.5604],[65.1636,25.6018],[65.1896,25.5852],[65.2032,25.5573],[65.2273,25.5694],[65.2493,25.558],[65.2702,25.5859],[65.3006,25.5956],[65.3004,25.6098],[65.347,25.5911],[65.3568,25.6181],[65.4307,25.6366],[65.4656,25.6631],[65.5312,25.6864],[65.5378,25.6798],[65.527,25.6478],[65.531,25.6328],[65.5162,25.63],[65.5028,25.6132],[65.5179,25.59],[65.5173,25.569],[65.5378,25.5567],[65.5497,25.4972],[65.5334,25.466],[65.4985,25.4479],[65.4968,25.4395],[65.5089,25.4321],[65.545,25.4342],[65.6277,25.4795],[65.7384,25.515],[65.8486,25.4814],[65.9022,25.4995],[65.9357,25.4754],[65.9717,25.4848],[66.0285,25.45],[66.07,25.4763],[66.1969,25.6925],[66.26,25.8499],[66.2013,26.1612],[66.1624,26.2611],[66.1704,26.3342],[66.2197,26.3713],[66.2307,26.3991],[66.2341,26.4639],[66.2518,26.4799],[66.2227,26.5171],[66.2228,26.533],[66.1879,26.5697],[66.1444,26.5553],[66.1214,26.5312],[66.105,26.4877],[66.1146,26.4588],[66.1102,26.4303],[66.0819,26.4084],[66.0813,26.3674],[66.1074,26.2673],[65.9332,26.5418],[65.9251,26.5747],[65.931,26.6118],[66.0007,26.8365],[66.0384,27.0147],[66.0534,27.1341],[66.0491,27.1892],[66.0341,27.1897],[65.9992,27.1454]]]}},{"type":"Feature","properties":{"adm2_pcode":"PK202","adm2_name":"Barkhan","adm1_pcode":"PK2","adm1_name":"Balochistan","area_sqkm":3515.44114244},"geometry":{"type":"Polygon","coordinates":[[[69.8172,30.291],[69.7801,30.2991],[69.7607,30.3502],[69.7395,30.3584],[69.6955,30.2739],[69.6413,30.2086],[69.6393,30.1835],[69.5993,30.139],[69.5574,30.1573],[69.5628,30.1893],[69.5906,30.2266],[69.5834,30.2331],[69.567,30.2269],[69.4033,30.0614],[69.4041,30.0448],[69.4783,30.0708],[69.4989,30.0658],[69.4876,30.0511],[69.4884,30.0339],[69.4686,30.0171],[69.4777,30.0039],[69.457,29.9701],[69.4046,29.9295],[69.3917,29.8974],[69.2815,29.8649],[69.1926,29.8175],[69.148,29.7732],[69.0671,29.7386],[69.0605,29.7264],[69.0825,29.6957],[69.1906,29.63],[69.2645,29.6113],[69.3995,29.6535],[69.4704,29.6951],[69.5676,29.7072],[69.646,29.6853],[69.7326,29.7189],[69.7534,29.7456],[69.789,29.7688],[69.8358,29.8615],[69.8925,29.9148],[69.9407,30.036],[69.9797,30.0767],[69.9971,30.179],[70.0151,30.1899],[70.0208,30.2193],[70.0476,30.2267],[70.0762,30.2624],[70.0599,30.2751],[70.0124,30.2774],[69.9876,30.2534],[69.9728,30.2535],[69.9832,30.3023],[69.9606,30.2938],[69.9612,30.3226],[69.9266,30.3339],[69.8863,30.3311],[69.8658,30.3102],[69.8172,30.291]]]}},{"type":"Feature","properties":{"adm2_pcode":"PK203","adm2_name":"Chagai","adm1_pcode":"PK2","adm1_name":"Balochistan","area_sqkm":44476.87198806},"geometry":{"type":"Polygon","coordinates":[[[62.4558,29.389],[60.8786,29.8618],[61.1926,29.5025],[61.3726,29.3487],[61.3734,29.3165],[61.3577,29.2828],[61.3835,29.2215],[61.4287,29.1938],[61.4158,29.1356],[61.4705,29.1139],[61.4789,29.0806],[61.5032,29.0564],[61.5043,29.0075],[61.5633,28.9425],[61.5736,28.914],[61.681,28.7706],[61.7775,28.6799],[61.8042,28.6402],[61.9086,28.5738],[61.9932,28.5408],[62.0433,28.5079],[62.1158,28.4851],[62.1705,28.4875],[62.2399,28.4659],[62.2963,28.4635],[62.4397,28.4071],[62.5029,28.3313],[62.5416,28.31],[62.5923,28.2551],[62.7919,28.2771],[62.7966,28.2089],[62.7682,28.0324],[62.7901,27.9781],[62.802,27.8888],[62.8685,27.9309],[62.946,28.0126],[63.1463,28.1695],[63.2051,28.183],[63.2256,28.2446],[63.2604,28.2766],[63.3673,28.2646],[63.5107,28.2928],[63.7021,28.293],[63.7866,28.3145],[63.8165,28.3457],[63.8237,28.3053],[63.9057,28.3713],[63.9737,28.3817],[63.9877,28.3939],[64.0067,28.3823],[64.0439,28.4211],[64.0789,28.4305],[64.1267,28.4677],[64.2054,28.4715],[64.2353,28.4908],[64.2737,28.4957],[64.2859,28.5057],[64.2893,28.5404],[64.3369,28.5227],[64.407,28.5234],[64.4987,28.6116],[64.8112,28.6951],[64.9287,28.6859],[65.0408,28.795],[65.1605,28.8146],[65.2531,28.8951],[65.4762,29.0329],[65.445,29.1019],[65.2611,29.4135],[65.1892,29.5003],[65.1293,29.5516],[65.0286,29.5343],[64.9558,29.5536],[64.6319,29.5811],[64.4876,29.5718],[64.4118,29.5451],[64.37,29.5487],[64.2794,29.5281],[64.208,29.4944],[64.1523,29.4496],[64.1311,29.3919],[64.1053,29.3775],[64.0324,29.4177],[63.5908,29.4904],[63.3645,29.4764],[62.4558,29.389]]]}},{"type":"Feature","properties":{"adm2_pcode":"PK204","adm2_name":"Dera Bugti","adm1_pcode":"PK2","adm1_name":"Balochistan","area_sqkm":10294.11318045},"geometry":{"type":"Polygon","coordinates":[[[69.5669,29.4059],[69.5635,29.4586],[69.5918,29.5039],[69.5981,29.5311],[69.6033,29.5968],[69.5915,29.626],[69.6187,29.64],[69.6289,29.6687],[69.5837,29.6781],[69.516,29.6619],[69.4309,29.5827],[69.4292,29.5387],[69.4967,29.5157],[69.5025,29.5051],[69.4758,29.4555],[69.3671,29.3994],[69.3258,29.3604],[69.2565,29.3369],[69.1875,29.2595],[69.1293,29.2474],[69.0164,29.2606],[68.9205,29.2227],[68.8048,29.248],[68.6607,29.2641],[68.4407,29.2029],[68.3762,29.2054],[68.3145,29.2261],[68.2894,29.2215],[68.2794,29.2032],[68.2825,29.1701],[68.377,29.0591],[68.4126,28.981],[68.4144,28.888],[68.435,28.8156],[68.4396,28.7203],[68.4517,28.6652],[68.4685,28.6464],[68.6927,28.5188],[68.7784,28.4836],[68.8839,28.4672],[69.036,28.4594],[69.088,28.4958],[69.1185,28.4727],[69.1275,28.4406],[69.3638,28.4456],[69.3219,28.5496],[69.4209,28.5977],[69.5329,28.7731],[69.5377,28.8011],[69.5254,28.8257],[69.4846,28.8444],[69.4896,28.8916],[69.5418,28.9285],[69.5554,28.9518],[69.5812,28.9601],[69.594,28.9942],[69.6506,29.0657],[69.7063,29.0897],[69.7519,29.1805],[69.744,29.2364],[69.7672,29.2775],[69.7665,29.2978],[69.7457,29.2952],[69.6867,29.2587],[69.6714,29.3052],[69.6403,29.3111],[69.642,29.3253],[69.6691,29.3556],[69.6525,29.3891],[69.615,29.4233],[69.5669,29.4059]]]}},{"type":"Feature","properties":{"adm2_pcode":"PK205","adm2_name":"Gwadar","adm1_pcode":"PK2","adm1_name":"Balochistan","area_sqkm":11574.37768473},"geometry":{"type":"MultiPolygon","coordinates":[[[[61.7799,25.8175],[61.7688,25.8018],[61.6892,25.7992],[61.6899,25.7179],[61.705,25.7039],[61.7067,25.6863],[61.7045,25.6725],[61.6807,25.6544],[61.6672,25.5124],[61.6643,25.3334],[61.6105,25.195],[61.6337,25.2028],[61.6592,25.1869],[61.6982,25.2042],[61.7046,25.1883],[61.7215,25.1787],[61.7383,25.1825],[61.7523,25.1687],[61.7641,25.1866],[61.7813,25.1903],[61.7831,25.1419],[61.769,25.124],[61.7475,25.1321],[61.7575,25.0983],[61.7397,25.0904],[61.7242,25.0541],[61.7488,25.0347],[61.8406,25.0408],[61.864,25.0784],[61.8594,25.0961],[61.8747,25.1027],[61.9847,25.1096],[62.0984,25.0962],[62.1054,25.1043],[62.0665,25.1548],[62.0735,25.1785],[62.1169,25.199],[62.2034,25.2151],[62.2651,25.2048],[62.3149,25.1687],[62.3202,25.1205],[62.269,25.1003],[62.3399,25.0895],[62.3769,25.0962],[62.3895,25.1048],[62.3394,25.1132],[62.3394,25.1391],[62.3643,25.178],[62.4118,25.2054],[62.4771,25.2159],[62.4599,25.2297],[62.4738,25.2454],[62.5951,25.2623],[62.8309,25.2462],[63.0071,25.2106],[63.0653,25.2286],[63.1107,25.2568],[63.1395,25.2577],[63.4927,25.1982],[63.5039,25.2262],[63.4838,25.2391],[63.4801,25.259],[63.4523,25.2889],[63.4561,25.2952],[63.4811,25.2844],[63.4984,25.3172],[63.5356,25.3457],[63.6059,25.3706],[63.6751,25.3827],[63.758,25.3788],[63.9296,25.3371],[64.018,25.3381],[64.0643,25.3283],[64.072,25.3632],[64.0361,25.4061],[64.0208,25.4095],[64.0042,25.3844],[63.9913,25.4099],[63.968,25.4048],[63.9744,25.4234],[64.0058,25.4066],[64.0197,25.4249],[63.9915,25.4264],[64.0287,25.4441],[64.0287,25.465],[64.0413,25.4528],[64.0348,25.4379],[64.0473,25.4314],[64.0642,25.4453],[64.1174,25.4545],[64.1243,25.439],[64.1651,25.4533],[64.166,25.4457],[64.1381,25.4323],[64.1419,25.4112],[64.0809,25.3978],[64.1175,25.3649],[64.0918,25.3659],[64.0838,25.3294],[64.2233,25.318],[64.2463,25.3325],[64.24,25.307],[64.3405,25.2768],[64.406,25.2383],[64.4647,25.2434],[64.4984,25.2698],[64.5436,25.2705],[64.6053,25.23],[64.6094,25.1965],[64.58,25.1736],[64.5846,25.1594],[64.6,25.1546],[64.6623,25.16],[64.693,25.1738],[64.6992,25.1906],[64.6585,25.1946],[64.6402,25.2055],[64.6352,25.2262],[64.6439,25.2591],[64.66,25.2819],[64.702,25.3078],[64.7927,25.3239],[64.7805,25.3478],[64.8271,25.3189],[64.9953,25.3252],[65.0967,25.3088],[65.1006,25.3203],[65.1177,25.3086],[65.1564,25.3061],[65.2263,25.3172],[65.2381,25.3444],[65.2057,25.3895],[65.2068,25.5411],[65.1896,25.5852],[65.1714,25.6018],[64.9931,25.5604],[64.5042,25.4992],[64.4773,25.4928],[64.3808,25.4363],[64.3575,25.4325],[64.2717,25.4652],[64.126,25.4719],[64.1258,25.4892],[64.171,25.5597],[64.1125,25.5599],[64.0917,25.5764],[64.0822,25.5983],[64.0541,25.6118],[63.9991,25.6121],[63.7809,25.5579],[63.4678,25.4074],[63.4154,25.3633],[63.4031,25.3783],[63.4359,25.4084],[63.433,25.42],[63.4119,25.4508],[63.3735,25.462],[63.3543,25.4918],[63.1964,25.5063],[63.1774,25.5194],[63.1128,25.5145],[63.0747,25.5285],[63.0417,25.5277],[62.9749,25.6003],[62.8677,25.5781],[62.8302,25.556],[62.7958,25.5662],[62.6684,25.5557],[62.4044,25.5541],[62.1152,25.4734],[62.0998,25.4987],[62.0541,25.5089],[62.0673,25.5442],[62.1081,25.56],[62.113,25.5752],[62.0729,25.625],[62.0763,25.679],[62.052,25.7073],[62.0518,25.7675],[62.0275,25.7675],[62.0114,25.714],[61.9703,25.6671],[61.9207,25.6656],[61.8967,25.6847],[61.803,25.703],[61.7799,25.8175]]],[[[63.8507,25.1124],[63.8788,25.1268],[63.8409,25.1183],[63.8507,25.1124]]],[[[64.0834,25.4078],[64.1245,25.4227],[64.1084,25.4295],[64.0929,25.4175],[64.065,25.4156],[64.0834,25.4078]]]]}},{"type":"Feature","properties":{"adm2_pcode":"PK206","adm2_name":"Harnai","adm1_pcode":"PK2","adm1_name":"Balochistan","area_sqkm":3062.96832534},"geometry":{"type":"Polygon","coordinates":[[[67.9908,30.2982],[67.8738,30.3411],[67.8663,30.365],[67.7386,30.384],[67.7371,30.3749],[67.7571,30.3559],[67.7375,30.3265],[67.6703,30.2981],[67.6213,30.2969],[67.5785,30.2753],[67.5217,30.2943],[67.4942,30.3147],[67.4092,30.3099],[67.2961,30.3397],[67.2802,30.3329],[67.2892,30.295],[67.252,30.258],[67.2283,30.2498],[67.22,30.2341],[67.2461,30.2289],[67.2806,30.2518],[67.2779,30.2078],[67.3044,30.176],[67.4094,30.1833],[67.4321,30.0519],[67.4729,30.0279],[67.5287,30.0348],[67.5652,30.0951],[67.6732,30.126],[67.7536,30.0923],[67.7915,30.0626],[67.7919,30.0495],[67.7653,30.0299],[67.7676,30.0187],[67.8527,30.019],[67.8868,30.0285],[67.9725,30.0219],[68.0074,29.9742],[68.0037,29.9032],[67.9765,29.8399],[67.9227,29.777],[67.8818,29.7113],[67.8846,29.6997],[67.9738,29.7526],[67.9703,29.7924],[68.0362,29.824],[68.0525,29.8462],[68.0582,29.881],[68.0724,29.893],[68.248,29.9289],[68.3983,29.9364],[68.4094,30.0161],[68.383,30.0576],[68.2173,30.146],[68.2055,30.1796],[68.1406,30.2121],[68.1055,30.2416],[68.0939,30.2642],[68.0213,30.2778],[67.9908,30.2982]]]}},{"type":"Feature","properties":{"adm2_pcode":"PK207","adm2_name":"Jaffarabad","adm1_pcode":"PK2","adm1_name":"Balochistan","area_sqkm":1701.8367009},"geometry":{"type":"Polygon","coordinates":[[[68.4064,28.4431],[68.3915,28.5497],[68.3826,28.5627],[68.3876,28.4823],[68.3818,28.4516],[68.3673,28.4391],[68.2037,28.4409],[68.1419,28.4226],[68.0789,28.3864],[68.071,28.3399],[67.9735,28.2484],[67.7486,28.1904],[67.6283,28.1484],[67.6395,28.1014],[67.6358,28.0552],[67.6647,28.0181],[67.6749,27.9874],[67.6707,27.9342],[67.7726,27.9427],[67.7886,27.9516],[67.7944,27.9762],[67.8124,27.9855],[67.8773,28.0002],[67.913,27.9943],[67.9644,28.0696],[68.0178,28.092],[68.209,28.2425],[68.3534,28.2848],[68.4052,28.3876],[68.4342,28.409],[68.4064,28.4431]]]}},{"type":"Feature","properties":{"adm2_pcode":"PK208","adm2_name":"Jhal Magsi","adm1_pcode":"PK2","adm1_name":"Balochistan","area_sqkm":3860.09133978},"geometry":{"type":"Polygon","coordinates":[[[67.5871,28.8224],[67.5746,28.8473],[67.5515,28.841],[67.5344,28.8236],[67.5246,28.7867],[67.528,28.7313],[67.517,28.7116],[67.5008,28.7123],[67.4769,28.745],[67.4485,28.7592],[67.3179,28.702],[67.2792,28.7024],[67.236,28.716],[67.21,28.5592],[67.2037,28.5425],[67.1594,28.5061],[67.1737,28.4908],[67.2212,28.4901],[67.2649,28.4344],[67.3053,28.4288],[67.3242,28.4135],[67.3266,28.3695],[67.3487,28.3457],[67.3526,28.308],[67.3771,28.2745],[67.3922,28.2292],[67.4023,28.0874],[67.3897,28.0442],[67.3912,27.9458],[67.3942,27.9097],[67.4091,27.908],[67.42,27.8927],[67.5332,27.9068],[67.5494,27.9015],[67.5796,27.9193],[67.6707,27.9342],[67.6749,27.9874],[67.6647,28.0181],[67.6358,28.0552],[67.6395,28.1014],[67.6266,28.1456],[67.8036,28.2036],[67.7978,28.249],[67.7426,28.4267],[67.7501,28.4763],[67.7885,28.5537],[67.7478,28.7001],[67.7158,28.7394],[67.7025,28.7722],[67.7069,28.7899],[67.7361,28.8182],[67.6978,28.8365],[67.6561,28.8396],[67.5871,28.8224]]]}},{"type":"Feature","properties":{"adm2_pcode":"PK209","adm2_name":"Kachhi","adm1_pcode":"PK2","adm1_name":"Balochistan","area_sqkm":5363.91234407},"geometry":{"type":"Polygon","coordinates":[[[67.2166,29.9628],[67.1963,29.9808],[67.181,29.9798],[67.1176,29.9382],[67.115,29.9228],[67.1371,29.8731],[67.1584,29.7694],[67.1851,29.7433],[67.2766,29.6977],[67.2087,29.6445],[67.1949,29.6231],[67.1923,29.5861],[67.125,29.5348],[67.1237,29.5118],[67.2539,29.5016],[67.3298,29.5262],[67.3427,29.5027],[67.343,29.4697],[67.3625,29.4317],[67.4413,29.3829],[67.4655,29.2134],[67.4519,29.1428],[67.3925,29.0777],[67.3225,28.8826],[67.2884,28.8474],[67.278,28.8575],[67.2631,28.8497],[67.2314,28.8078],[67.2251,28.7784],[67.236,28.716],[67.2792,28.7024],[67.3179,28.702],[67.4485,28.7592],[67.4703,28.7504],[67.4955,28.7161],[67.5126,28.7104],[67.528,28.7313],[67.5277,28.804],[67.5515,28.841],[67.5789,28.8458],[67.58,28.8251],[67.5883,28.8224],[67.6391,28.8378],[67.6848,28.8382],[67.6483,28.9241],[67.6791,29.0001],[67.7366,29.0791],[67.7336,29.1476],[67.7771,29.1424],[67.9543,29.0896],[67.9761,29.1002],[67.9833,29.1737],[67.9703,29.3075],[67.9838,29.3754],[67.9274,29.3332],[67.8752,29.3321],[67.8867,29.3672],[67.8761,29.4298],[67.8589,29.4453],[67.8113,29.4624],[67.802,29.5464],[67.7867,29.5651],[67.779,29.5967],[67.7184,29.6073],[67.6986,29.5986],[67.672,29.6469],[67.6347,29.664],[67.5517,29.6759],[67.5378,29.696],[67.5136,29.7089],[67.4998,29.7366],[67.4869,29.8139],[67.4396,29.898],[67.3763,29.9214],[67.3299,29.913],[67.3096,29.9461],[67.2882,29.9225],[67.2581,29.9644],[67.2376,29.9777],[67.2166,29.9628]]]}},{"type":"Feature","properties":{"adm2_pcode":"PK210","adm2_name":"Kalat","adm1_pcode":"PK2","adm1_name":"Balochistan","area_sqkm":10179.77029569},"geometry":{"type":"Polygon","coordinates":[[[66.6447,29.4437],[66.6198,29.4554],[66.6146,29.4736],[66.6447,29.5897],[66.6293,29.6196],[66.5955,29.6285],[66.5284,29.5883],[66.451,29.5083],[66.4073,29.4463],[66.3884,29.3696],[66.3645,29.3417],[66.2992,29.3403],[66.1905,29.3816],[66.1066,29.1763],[66.1072,29.1436],[66.1455,29.0765],[66.1259,28.9509],[66.0887,28.8818],[66.0752,28.8352],[66.0435,28.8315],[66.0325,28.8177],[66.0139,28.7401],[66.0213,28.7253],[66.0535,28.7089],[66.0865,28.7269],[66.31,28.6825],[66.3368,28.6675],[66.3725,28.6225],[66.3846,28.5824],[66.3999,28.571],[66.485,28.5514],[66.5667,28.5557],[66.6274,28.5839],[66.6711,28.6449],[66.7356,28.7681],[66.7797,28.8196],[66.9128,28.8361],[67.1881,28.8425],[67.278,28.8575],[67.2884,28.8474],[67.3048,28.8591],[67.3279,28.8955],[67.3925,29.0777],[67.4519,29.1428],[67.4655,29.2134],[67.4413,29.3829],[67.3625,29.4317],[67.343,29.4697],[67.3427,29.5027],[67.3298,29.5262],[67.2539,29.5016],[67.1237,29.5118],[67.0881,29.4565],[67.0742,29.4611],[67.0622,29.433],[66.9509,29.4449],[66.8298,29.4252],[66.8177,29.4288],[66.8161,29.4402],[66.861,29.503],[66.8685,29.5339],[66.8587,29.5487],[66.8032,29.566],[66.7093,29.4977],[66.6628,29.4478],[66.6447,29.4437]]]}},{"type":"Feature","properties":{"adm2_pcode":"PK211","adm2_name":"Kech","adm1_pcode":"PK2","adm1_name":"Balochistan","area_sqkm":24419.26922155},"geometry":{"type":"Polygon","coordinates":[[[63.0019,26.6519],[62.7787,26.6523],[62.7368,26.6385],[62.7214,26.6199],[62.6609,26.6165],[62.6081,26.585],[62.4412,26.57],[62.4035,26.5393],[62.3151,26.5289],[62.2959,26.4987],[62.3088,26.4767],[62.2826,26.4473],[62.2564,26.446],[62.2647,26.4127],[62.2913,26.3868],[62.2825,26.3584],[62.1997,26.3695],[62.1324,26.39],[62.1211,26.3168],[62.0611,26.3154],[61.9582,26.2686],[61.8708,26.2467],[61.8479,26.2281],[61.833,26.1711],[61.7802,25.8709],[61.7799,25.8175],[61.8009,25.7055],[61.8384,25.6902],[61.8981,25.6842],[61.9207,25.6656],[61.9602,25.661],[62.0114,25.714],[62.0275,25.7675],[62.0488,25.7701],[62.0559,25.7569],[62.052,25.7073],[62.0763,25.679],[62.0729,25.625],[62.113,25.5752],[62.1081,25.56],[62.0673,25.5442],[62.0541,25.5089],[62.0998,25.4987],[62.1119,25.4739],[62.4044,25.5541],[62.6684,25.5557],[62.7958,25.5662],[62.8302,25.556],[62.8677,25.5781],[62.9749,25.6003],[63.0417,25.5277],[63.0747,25.5285],[63.1128,25.5145],[63.1774,25.5194],[63.1964,25.5063],[63.3543,25.4918],[63.3735,25.462],[63.4119,25.4508],[63.433,25.42],[63.4359,25.4084],[63.4031,25.3783],[63.4154,25.3633],[63.4678,25.4074],[63.7809,25.5579],[63.9905,25.6104],[64.046,25.6143],[64.0822,25.5983],[64.0917,25.5764],[64.1125,25.5599],[64.171,25.5597],[64.2074,25.6074],[64.2305,25.6131],[64.2403,25.6284],[64.2672,25.6126],[64.3153,25.6202],[64.3524,25.6399],[64.3518,25.6548],[64.2935,25.6896],[64.2737,25.7428],[64.3204,25.7731],[64.3264,25.8443],[64.3571,25.8591],[64.3485,25.8927],[64.3536,25.9222],[64.3875,26.0204],[64.4914,26.0545],[64.5112,26.0873],[64.5148,26.1241],[64.4975,26.1769],[64.4564,26.2233],[64.3655,26.266],[64.3585,26.2375],[64.3413,26.2181],[64.2509,26.169],[64.1635,26.1685],[64.0725,26.1483],[64.0331,26.1642],[63.8882,26.3023],[63.8513,26.3149],[63.776,26.3084],[63.717,26.2747],[63.6878,26.2797],[63.5975,26.2654],[63.5863,26.2961],[63.5862,26.3705],[63.5259,26.3697],[63.51,26.3854],[63.5158,26.3958],[63.5298,26.3935],[63.536,26.4108],[63.5975,26.4157],[63.5947,26.4301],[63.5045,26.4737],[63.4107,26.5044],[63.3377,26.4908],[63.1951,26.439],[63.1386,26.444],[63.1362,26.4587],[63.1645,26.4905],[63.1227,26.4861],[63.1255,26.5063],[63.0889,26.5127],[63.129,26.5617],[63.1294,26.5794],[63.0713,26.6409],[63.0514,26.6376],[63.0019,26.6519]]]}},{"type":"Feature","properties":{"adm2_pcode":"PK212","adm2_name":"Kharan","adm1_pcode":"PK2","adm1_name":"Balochistan","area_sqkm":8215.89960795},"geometry":{"type":"Polygon","coordinates":[[[66.1435,29.3235],[66.0907,29.3472],[66.0522,29.2928],[66.0521,29.2566],[66.0094,29.1975],[65.955,29.1664],[65.8608,29.1276],[65.8158,29.1458],[65.7304,29.1413],[65.6946,29.1205],[65.6868,29.0831],[65.6277,29.0606],[65.604,29.0344],[65.5248,29.0392],[65.4578,29.0277],[65.2531,28.8951],[65.1605,28.8146],[65.0408,28.795],[64.9377,28.692],[64.9121,28.6828],[64.9613,28.6189],[64.9805,28.5403],[64.9793,28.4948],[64.9988,28.4485],[65.2112,28.5084],[65.2333,28.4557],[65.2781,28.4055],[65.2734,28.2811],[65.281,28.2081],[65.3432,28.1179],[65.3591,28.1106],[65.4526,28.1801],[65.6736,28.2939],[65.8899,28.3579],[65.9297,28.4224],[65.9912,28.4747],[66.0141,28.5206],[66.0494,28.5607],[66.0842,28.6351],[66.0911,28.7231],[66.0815,28.727],[66.0579,28.7095],[66.0433,28.7109],[66.0139,28.7401],[66.0325,28.8177],[66.0435,28.8315],[66.0752,28.8352],[66.0887,28.8818],[66.1259,28.9509],[66.1455,29.0765],[66.1197,29.1135],[66.105,29.1627],[66.1631,29.3296],[66.1435,29.3235]]]}},{"type":"Feature","properties":{"adm2_pcode":"PK213","adm2_name":"Khuzdar","adm1_pcode":"PK2","adm1_name":"Balochistan","area_sqkm":30954.90112722},"geometry":{"type":"Polygon","coordinates":[[[67.2544,28.8406],[67.2747,28.857],[67.1881,28.8425],[66.8897,28.8344],[66.7743,28.8153],[66.7356,28.7681],[66.6711,28.6449],[66.6274,28.5839],[66.6069,28.5684],[66.5177,28.5506],[66.4872,28.5315],[66.4611,28.4985],[66.429,28.4283],[66.4285,28.4053],[66.4521,28.3568],[66.5002,28.3157],[66.5193,28.2858],[66.52,28.2146],[66.4994,28.1671],[66.2587,28.0522],[66.0999,27.9445],[66.0328,27.932],[65.9606,27.9383],[65.9282,27.9167],[65.8847,27.8584],[65.8094,27.8121],[65.7947,27.7941],[65.7725,27.7499],[65.7699,27.7082],[65.7189,27.6663],[65.6913,27.5826],[65.7108,27.5287],[65.593,27.4175],[65.7783,27.3574],[65.8462,27.2787],[65.8809,27.1749],[65.912,27.1394],[65.9852,27.1395],[66.0401,27.1945],[66.0491,27.1892],[66.0509,27.0994],[66.0195,26.915],[65.9251,26.5747],[65.9332,26.5418],[66.1034,26.2719],[66.1074,26.2673],[66.1094,26.2767],[66.0813,26.3674],[66.0819,26.4084],[66.1102,26.4303],[66.1146,26.4588],[66.105,26.4877],[66.1214,26.5312],[66.1444,26.5553],[66.1773,26.5711],[66.2228,26.533],[66.2227,26.5171],[66.2518,26.4799],[66.2882,26.4978],[66.3201,26.4735],[66.4021,26.4608],[66.4667,26.4265],[66.5069,26.4527],[66.5284,26.4494],[66.5555,26.4603],[66.5901,26.4394],[66.6062,26.4062],[66.6302,26.4375],[66.6883,26.4482],[66.7031,26.4433],[66.7077,26.4601],[66.7532,26.4666],[66.7795,26.3305],[66.8346,26.2412],[66.8915,26.0203],[66.9367,25.9215],[66.9781,25.7844],[66.975,25.7354],[67.0928,25.7454],[67.1205,25.7794],[67.1183,25.8307],[67.135,25.8614],[67.119,26.0056],[67.139,26.0736],[67.1491,26.1994],[67.1466,26.2747],[67.1069,26.2969],[67.0841,26.3759],[66.9859,26.5063],[66.9643,26.5707],[67.1331,26.6632],[67.1265,26.7383],[67.1466,26.7684],[67.1334,26.9404],[67.146,26.9564],[67.1389,26.9962],[67.1606,27.066],[67.126,27.2958],[67.1369,27.3272],[67.1611,27.3545],[67.1829,27.5323],[67.2291,27.5749],[67.2542,27.6585],[67.3099,27.6989],[67.3515,27.7492],[67.3547,27.7959],[67.3927,27.89],[67.3897,28.0442],[67.4023,28.0937],[67.3922,28.2292],[67.3771,28.2745],[67.3526,28.308],[67.3487,28.3457],[67.3266,28.3695],[67.3242,28.4135],[67.3053,28.4288],[67.2649,28.4344],[67.2212,28.4901],[67.1737,28.4908],[67.1594,28.5019],[67.2037,28.5425],[67.21,28.5592],[67.2354,28.7023],[67.2274,28.7952],[67.2544,28.8406]]]}},{"type":"Feature","properties":{"adm2_pcode":"PK214","adm2_name":"Killa Abdullah","adm1_pcode":"PK2","adm1_name":"Balochistan","area_sqkm":2992.9600501},"geometry":{"type":"MultiPolygon","coordinates":[[[[66.773,30.7323],[66.7697,30.7677],[66.8404,30.8767],[66.8425,30.909],[66.8262,30.9305],[66.8342,30.9448],[66.625,30.8109],[66.6231,30.7638],[66.5961,30.722],[66.6261,30.7311],[66.6131,30.6998],[66.5782,30.6781],[66.4594,30.655],[66.4016,30.6083],[66.4022,30.5952],[66.423,30.5892],[66.425,30.5784],[66.3919,30.5463],[66.3654,30.5445],[66.3257,30.4934],[66.3398,30.4793],[66.3389,30.4469],[66.3544,30.4218],[66.3347,30.3835],[66.3325,30.3173],[66.3166,30.2429],[66.2869,30.1875],[66.2864,30.164],[66.2399,30.0861],[66.2624,30.0865],[66.3535,30.1878],[66.4145,30.1618],[66.5122,30.1634],[66.5186,30.206],[66.5124,30.213],[66.5236,30.2223],[66.5154,30.2972],[66.5502,30.3716],[66.5475,30.397],[66.5733,30.4704],[66.5424,30.5341],[66.5618,30.5829],[66.6793,30.5953],[66.7958,30.5844],[66.8312,30.5704],[66.849,30.5814],[66.773,30.7323]]],[[[67.0602,31.2304],[67.031,31.2402],[67.0219,31.255],[67.0477,31.2753],[67.0445,31.3038],[66.9691,31.3126],[66.8566,31.2785],[66.835,31.2643],[66.802,31.2191],[66.7686,31.2097],[66.7828,31.1907],[66.8178,31.1814],[66.8235,31.165],[66.8235,31.0743],[66.8499,30.9894],[66.8433,30.9491],[66.8633,30.9521],[66.8871,30.9302],[66.9206,30.9206],[66.9617,30.9398],[66.9587,30.955],[66.9737,30.9676],[67.0084,30.9725],[67.0387,30.9618],[67.0644,30.9372],[67.222,31.03],[67.2106,31.0753],[67.2292,31.1226],[67.2529,31.138],[67.2483,31.1765],[67.262,31.2069],[67.1833,31.2249],[67.1663,31.2434],[67.0602,31.2304]]]]}},{"type":"Feature","properties":{"adm2_pcode":"PK215","adm2_name":"Killa Saifullah","adm1_pcode":"PK2","adm1_name":"Balochistan","area_sqkm":12403.85893109},"geometry":{"type":"Polygon","coordinates":[[[68.0207,31.4961],[67.8601,31.566],[67.8174,31.5974],[67.7421,31.5337],[67.7131,31.5206],[67.6485,31.5184],[67.6364,31.5281],[67.5845,31.5344],[67.554,31.5288],[67.591,31.4796],[67.5947,31.4343],[67.6054,31.4185],[67.6277,31.4134],[67.6441,31.3968],[67.7503,31.4136],[67.7783,31.3912],[67.7898,31.3566],[67.7855,31.3439],[67.7628,31.3276],[67.7071,31.3202],[67.6204,31.2764],[67.5392,31.2636],[67.4451,31.233],[67.4483,31.2274],[67.4766,31.2044],[67.5548,31.2094],[67.5916,31.1593],[67.6398,31.1632],[67.7269,31.1434],[67.8158,31.1508],[67.8215,31.1448],[67.7984,31.091],[67.7511,31.0781],[67.7616,31.0603],[67.7447,31.0309],[67.6466,30.9613],[67.6155,30.9243],[67.5732,30.898],[67.4701,30.8723],[67.4503,30.8486],[67.4444,30.8295],[67.4744,30.8171],[67.4793,30.7944],[67.4642,30.7707],[67.463,30.7386],[67.4284,30.7126],[67.4711,30.708],[67.4887,30.671],[67.6665,30.6882],[67.6865,30.6577],[67.6883,30.6178],[67.7645,30.6239],[67.8136,30.6155],[67.9382,30.6567],[67.9494,30.6142],[67.9716,30.5917],[68.066,30.6129],[68.1469,30.6125],[68.1837,30.5632],[68.2398,30.5477],[68.3644,30.5847],[68.3947,30.5805],[68.4614,30.5344],[68.5016,30.5556],[68.5704,30.5578],[68.6359,30.5755],[68.6746,30.5655],[68.6927,30.571],[68.7567,30.5377],[68.7624,30.5116],[68.7941,30.5126],[68.8852,30.539],[68.9414,30.5762],[69.0198,30.5938],[69.0859,30.6487],[69.1538,30.6681],[69.1295,30.7051],[69.0812,30.6916],[69.081,30.7099],[69.0678,30.7399],[69.0541,30.7489],[69.057,30.7568],[69.1527,30.8085],[69.2518,30.8393],[69.2871,30.9172],[69.2816,30.9453],[69.304,30.986],[69.3502,31.0007],[69.3803,31.0433],[69.3817,31.0538],[69.3612,31.0622],[69.3128,31.0266],[69.2748,31.0257],[69.2281,31.0646],[69.2094,31.0923],[69.1552,31.1069],[69.097,31.1464],[69.0737,31.1319],[69.0348,31.1368],[69.0015,31.1209],[68.9895,31.1394],[68.9293,31.1104],[68.9104,31.1417],[68.8658,31.1366],[68.8383,31.1507],[68.7986,31.1529],[68.7528,31.1093],[68.7043,31.0977],[68.6912,31.1132],[68.6899,31.1485],[68.6721,31.1633],[68.665,31.1842],[68.6821,31.2099],[68.6702,31.2379],[68.6536,31.2472],[68.6561,31.3323],[68.5794,31.3569],[68.3811,31.2834],[68.2223,31.3346],[68.0207,31.4961]]]}},{"type":"Feature","properties":{"adm2_pcode":"PK216","adm2_name":"Kohlu","adm1_pcode":"PK2","adm1_name":"Balochistan","area_sqkm":7728.05262553},"geometry":{"type":"Polygon","coordinates":[[[69.4686,30.0171],[69.4899,30.0371],[69.4959,30.0697],[69.4197,30.0538],[69.3703,30.0263],[69.3531,30.0281],[69.3536,30.0162],[69.3348,30.0086],[69.1798,30.0079],[69.1452,29.9894],[69.074,29.9922],[69.0407,29.9761],[69.0084,29.9886],[68.9817,29.9858],[68.9675,30.0125],[68.9444,30.0283],[68.8552,29.9968],[68.8046,29.9489],[68.7598,29.9287],[68.5724,29.9139],[68.4799,29.951],[68.4094,30.0161],[68.3964,29.958],[68.3978,29.9134],[68.5207,29.841],[68.5735,29.8255],[68.5628,29.7754],[68.5724,29.7325],[68.5405,29.6939],[68.4571,29.6595],[68.4256,29.6215],[68.2656,29.6285],[68.223,29.5901],[68.1937,29.5846],[68.1254,29.4574],[68.0971,29.4222],[68.1521,29.403],[68.1823,29.3696],[68.3433,29.2638],[68.4797,29.2174],[68.6607,29.2641],[68.8048,29.248],[68.9205,29.2227],[69.0164,29.2606],[69.1293,29.2474],[69.1875,29.2595],[69.2565,29.3369],[69.3258,29.3604],[69.3671,29.3994],[69.452,29.4377],[69.4875,29.4684],[69.5002,29.491],[69.4998,29.5123],[69.4466,29.5277],[69.4261,29.5437],[69.4309,29.5827],[69.4713,29.6282],[69.5408,29.6713],[69.5725,29.6785],[69.6289,29.6687],[69.646,29.6853],[69.5925,29.7052],[69.4898,29.6991],[69.3479,29.6341],[69.2555,29.6113],[69.1906,29.63],[69.0988,29.681],[69.0605,29.7264],[69.063,29.7356],[69.148,29.7732],[69.1926,29.8175],[69.2815,29.8649],[69.3917,29.8974],[69.4046,29.9295],[69.457,29.9701],[69.4777,30.0039],[69.4686,30.0171]]]}},{"type":"Feature","properties":{"adm2_pcode":"PK217","adm2_name":"Lasbela","adm1_pcode":"PK2","adm1_name":"Balochistan","area_sqkm":14057.35277035},"geometry":{"type":"MultiPolygon","coordinates":[[[[67.3371,25.7061],[67.4029,25.7923],[67.4131,25.8184],[67.399,25.8828],[67.4264,26.073],[67.3877,26.1361],[67.3595,26.15],[67.2656,26.347],[67.2037,26.446],[67.1776,26.4715],[67.1238,26.6531],[67.1147,26.655],[66.9643,26.5707],[66.9859,26.5063],[67.0841,26.3759],[67.1069,26.2969],[67.1466,26.2747],[67.139,26.0736],[67.119,26.0056],[67.1349,25.8568],[67.1183,25.8307],[67.1205,25.7794],[67.0974,25.7483],[66.975,25.7354],[66.9781,25.7844],[66.9367,25.9215],[66.8915,26.0203],[66.8346,26.2412],[66.7795,26.3305],[66.7532,26.4666],[66.7077,26.4601],[66.7031,26.4433],[66.6883,26.4482],[66.6302,26.4375],[66.6062,26.4062],[66.5901,26.4394],[66.5611,26.4595],[66.5069,26.4527],[66.4667,26.4265],[66.4021,26.4608],[66.3201,26.4735],[66.2844,26.4978],[66.2341,26.4639],[66.2271,26.3848],[66.2132,26.3637],[66.1704,26.3342],[66.1623,26.2754],[66.1692,26.2292],[66.2013,26.1612],[66.26,25.8499],[66.1969,25.6925],[66.07,25.4763],[66.0285,25.45],[65.9717,25.4848],[65.9357,25.4754],[65.9022,25.4995],[65.8486,25.4814],[65.7384,25.515],[65.6277,25.4795],[65.545,25.4342],[65.5089,25.4321],[65.4968,25.4395],[65.4985,25.4479],[65.5334,25.466],[65.5497,25.4972],[65.5378,25.5567],[65.5173,25.569],[65.5179,25.59],[65.5028,25.6132],[65.5162,25.63],[65.531,25.6328],[65.527,25.6478],[65.5378,25.6798],[65.5256,25.6864],[65.5035,25.671],[65.4656,25.6631],[65.4307,25.6366],[65.3568,25.6181],[65.347,25.5911],[65.3004,25.6098],[65.3006,25.5956],[65.2702,25.5859],[65.2493,25.558],[65.2273,25.5694],[65.2032,25.5573],[65.2057,25.3895],[65.2381,25.3444],[65.2551,25.3822],[65.3102,25.3848],[65.3189,25.3968],[65.3189,25.385],[65.3381,25.3805],[65.3711,25.3903],[65.5057,25.3761],[65.5435,25.4199],[65.5318,25.3834],[65.5178,25.3704],[65.6358,25.3495],[65.773,25.3835],[65.8387,25.4194],[65.9549,25.4132],[66.0144,25.4209],[66.0192,25.4255],[66.0092,25.4368],[66.024,25.4341],[66.0238,25.4437],[66.0391,25.4266],[66.1255,25.4507],[66.2765,25.4678],[66.36,25.4601],[66.5133,25.4046],[66.5284,25.4158],[66.4984,25.4322],[66.4928,25.4478],[66.5174,25.4921],[66.4752,25.4996],[66.4265,25.4826],[66.4056,25.4925],[66.4058,25.5063],[66.3943,25.5066],[66.3973,25.5216],[66.358,25.5248],[66.3484,25.5466],[66.3349,25.5532],[66.3088,25.5465],[66.314,25.5377],[66.2848,25.5421],[66.2545,25.5125],[66.1956,25.489],[66.122,25.4742],[66.1191,25.487],[66.1008,25.475],[66.0919,25.4796],[66.1328,25.5079],[66.1337,25.5443],[66.1901,25.5993],[66.2104,25.6022],[66.2322,25.5904],[66.2345,25.5999],[66.2969,25.6239],[66.3105,25.6101],[66.3676,25.6159],[66.3725,25.599],[66.3802,25.6018],[66.3991,25.5835],[66.4454,25.5973],[66.4552,25.6194],[66.4707,25.5889],[66.4672,25.5699],[66.4799,25.5878],[66.493,25.5853],[66.4939,25.5743],[66.5028,25.5774],[66.525,25.6338],[66.5392,25.6442],[66.5327,25.6216],[66.543,25.6145],[66.5159,25.5635],[66.5289,25.5422],[66.5576,25.5381],[66.56,25.453],[66.5942,25.425],[66.5783,25.4115],[66.5794,25.3728],[66.5661,25.3711],[66.5553,25.3922],[66.5501,25.3652],[66.6783,25.2711],[66.742,25.1833],[66.7386,25.1422],[66.7041,25.0826],[66.7122,25.0315],[66.6938,24.9932],[66.7004,24.9496],[66.6754,24.9236],[66.6869,24.8927],[66.6985,24.8907],[66.7841,24.9653],[66.8574,25.0025],[66.9231,25.0177],[67.0078,25.1009],[67.0083,25.1623],[67.0318,25.201],[67.0897,25.2412],[67.1378,25.3152],[67.1391,25.3573],[67.1622,25.3954],[67.1633,25.4525],[67.2011,25.4996],[67.244,25.5234],[67.257,25.5657],[67.3,25.5918],[67.3371,25.7061]]],[[[66.4235,25.5256],[66.4127,25.536],[66.4215,25.5476],[66.4163,25.5558],[66.3953,25.552],[66.3967,25.5379],[66.4235,25.5256]]],[[[66.3495,25.5523],[66.3478,25.5639],[66.3439,25.5635],[66.3495,25.5523]]],[[[66.3841,25.5545],[66.3873,25.5655],[66.3842,25.5685],[66.3798,25.5631],[66.3841,25.5545]]],[[[66.1936,25.5522],[66.2052,25.5732],[66.1624,25.5407],[66.1768,25.5436],[66.1837,25.5301],[66.1955,25.5328],[66.1936,25.5522]]],[[[66.3788,25.5785],[66.3753,25.5847],[66.3709,25.5899],[66.3788,25.5785]]],[[[66.3562,25.5841],[66.3542,25.5913],[66.351,25.5923],[66.3562,25.5841]]]]}},{"type":"Feature","properties":{"adm2_pcode":"PK218","adm2_name":"Lehri","adm1_pcode":"PK2","adm1_name":"Balochistan","area_sqkm":3285.29198826},"geometry":{"type":"Polygon","coordinates":[[[68.0995,29.3392],[68.0006,29.3777],[67.9838,29.3754],[67.9698,29.2863],[67.9838,29.1522],[67.9787,29.1059],[67.9684,29.0923],[67.9387,29.0927],[67.7771,29.1424],[67.7336,29.1476],[67.7395,29.0868],[67.6791,29.0001],[67.6489,28.9149],[67.6848,28.8382],[67.7361,28.8182],[67.7069,28.7899],[67.7025,28.7722],[67.7158,28.7394],[67.7478,28.7001],[67.7759,28.6081],[67.8274,28.6178],[67.8707,28.6088],[67.8905,28.6465],[67.8657,28.6602],[67.8686,28.6737],[67.8963,28.6938],[67.9584,28.7808],[67.9694,28.7766],[67.9677,28.7057],[67.9829,28.7009],[68.0329,28.7299],[68.0235,28.7783],[68.0688,28.7837],[68.2346,28.855],[68.2595,28.9287],[68.2297,28.9436],[68.2302,28.9534],[68.2595,28.9843],[68.3233,29.0056],[68.3829,29.0495],[68.2825,29.1701],[68.2794,29.2032],[68.2894,29.2215],[68.3145,29.2261],[68.4123,29.2021],[68.4678,29.2064],[68.4865,29.2175],[68.4403,29.2245],[68.3433,29.2638],[68.1773,29.3745],[68.0995,29.3392]]]}},{"type":"Feature","properties":{"adm2_pcode":"PK219","adm2_name":"Loralai","adm1_pcode":"PK2","adm1_name":"Balochistan","area_sqkm":3796.60264582},"geometry":{"type":"Polygon","coordinates":[[[69.4738,30.5135],[69.409,30.548],[69.3404,30.6153],[69.2246,30.6271],[69.2083,30.68],[69.1412,30.6911],[69.1538,30.6681],[69.0859,30.6487],[69.0219,30.5948],[68.9414,30.5762],[68.8852,30.539],[68.7677,30.5097],[68.7491,30.5441],[68.7058,30.558],[68.6927,30.571],[68.6746,30.5655],[68.6359,30.5755],[68.5704,30.5578],[68.5016,30.5556],[68.4614,30.5344],[68.3947,30.5805],[68.3644,30.5847],[68.2588,30.5477],[68.206,30.5542],[68.1771,30.5682],[68.1496,30.6097],[68.1338,30.6141],[68.0117,30.6059],[67.9854,30.589],[67.9504,30.6127],[67.9382,30.6567],[67.8136,30.6155],[67.7645,30.6239],[67.699,30.6192],[67.701,30.5935],[67.7177,30.5633],[67.7811,30.5204],[67.78,30.5037],[67.8479,30.504],[67.9626,30.4802],[67.9787,30.5088],[68.0342,30.5429],[68.0586,30.5369],[68.1129,30.5446],[68.144,30.5287],[68.2266,30.5291],[68.2347,30.5206],[68.2326,30.476],[68.2411,30.4574],[68.3106,30.449],[68.3216,30.427],[68.3087,30.3957],[68.3144,30.3891],[68.3904,30.3784],[68.4476,30.3894],[68.519,30.3865],[68.5235,30.3793],[68.4812,30.3424],[68.4965,30.3045],[68.5666,30.2923],[68.5718,30.277],[68.5999,30.2661],[68.6451,30.2728],[68.6851,30.2651],[68.7618,30.2717],[68.7933,30.2846],[68.8703,30.2838],[68.9958,30.2995],[69.0199,30.325],[69.2047,30.3913],[69.3134,30.3443],[69.3617,30.3399],[69.461,30.3526],[69.4954,30.3755],[69.5611,30.4484],[69.4738,30.5135]]]}},{"type":"Feature","properties":{"adm2_pcode":"PK220","adm2_name":"Mastung","adm1_pcode":"PK2","adm1_name":"Balochistan","area_sqkm":4712.72577018},"geometry":{"type":"Polygon","coordinates":[[[66.8448,30.027],[66.8089,30.0306],[66.8074,30.0455],[66.8348,30.0609],[66.835,30.0693],[66.7975,30.0852],[66.7927,30.1162],[66.7502,30.1263],[66.7216,30.1526],[66.6961,30.1533],[66.6231,30.0228],[66.6023,29.9528],[66.5667,29.9112],[66.568,29.8736],[66.5314,29.8144],[66.4822,29.8148],[66.4336,29.8541],[66.3796,29.8467],[66.3161,29.8544],[66.2681,29.8728],[66.258,29.8606],[66.3078,29.8379],[66.2802,29.7891],[66.2781,29.7469],[66.288,29.7247],[66.2918,29.6606],[66.3125,29.6319],[66.2949,29.5798],[66.2637,29.5452],[66.258,29.4937],[66.2166,29.4112],[66.1928,29.3842],[66.2992,29.3403],[66.3645,29.3417],[66.3884,29.3696],[66.4073,29.4463],[66.451,29.5083],[66.5284,29.5883],[66.5955,29.6285],[66.6293,29.6196],[66.6447,29.5897],[66.6146,29.4736],[66.6198,29.4554],[66.639,29.4447],[66.6628,29.4478],[66.7093,29.4977],[66.7873,29.5608],[66.8083,29.5663],[66.8587,29.5487],[66.8685,29.5339],[66.861,29.503],[66.8161,29.4402],[66.8177,29.4288],[66.8667,29.4276],[66.9509,29.4449],[67.0681,29.4351],[67.0742,29.4611],[67.0881,29.4565],[67.1231,29.5016],[67.125,29.5348],[67.1923,29.5861],[67.1949,29.6231],[67.2087,29.6445],[67.2635,29.6804],[67.2768,29.7016],[67.1851,29.7433],[67.1584,29.7694],[67.1371,29.8731],[67.115,29.9228],[67.1247,29.9443],[67.1152,29.9517],[67.08,29.9667],[67.0547,29.9479],[66.9953,29.9807],[66.9607,29.9801],[66.9482,30.0472],[66.8876,30.0565],[66.8448,30.027]]]}},{"type":"Feature","properties":{"adm2_pcode":"PK221","adm2_name":"Musakhel","adm1_pcode":"PK2","adm1_name":"Balochistan","area_sqkm":5900.70124576},"geometry":{"type":"Polygon","coordinates":[[[70.2786,31.3975],[70.2608,31.5075],[70.2456,31.5085],[70.1496,31.4338],[70.1247,31.4283],[70.1138,31.4467],[70.0958,31.4491],[70.095,31.4124],[70.0811,31.4073],[70.073,31.3882],[70.0524,31.3983],[70.0272,31.359],[70.0345,31.3198],[70.0281,31.3016],[69.9953,31.2868],[69.9615,31.2884],[69.9304,31.2478],[69.8272,31.2866],[69.8277,31.2978],[69.79,31.285],[69.7621,31.2536],[69.7522,31.2656],[69.7196,31.2736],[69.6943,31.2427],[69.7162,31.2239],[69.6962,31.1814],[69.7048,31.1305],[69.6977,31.1091],[69.7243,31.0969],[69.7031,31.069],[69.705,31.0557],[69.7315,31.0381],[69.7182,30.9849],[69.6746,30.9304],[69.6252,30.8338],[69.5319,30.7482],[69.5304,30.663],[69.5114,30.634],[69.4735,30.6069],[69.4608,30.564],[69.4686,30.5405],[69.4929,30.5319],[69.5278,30.5383],[69.5338,30.5049],[69.558,30.4958],[69.5472,30.4699],[69.5611,30.4484],[69.5905,30.4419],[69.6325,30.411],[69.6525,30.4105],[69.6518,30.3798],[69.6659,30.3841],[69.7046,30.3625],[69.7194,30.3739],[69.7607,30.3502],[69.7801,30.2991],[69.8246,30.2925],[69.8963,30.3333],[69.9612,30.3226],[69.9934,30.3812],[70.0019,30.4566],[70.0389,30.4955],[70.0856,30.5929],[70.0948,30.6287],[70.0871,30.693],[70.1035,30.7322],[70.1119,30.7391],[70.1562,30.7373],[70.1682,30.7747],[70.2126,30.7851],[70.224,30.8405],[70.2672,30.8453],[70.2695,30.8653],[70.2526,30.8828],[70.2638,30.9253],[70.2661,31.0191],[70.2948,31.1049],[70.2927,31.1595],[70.2674,31.1888],[70.2625,31.2011],[70.2702,31.2134],[70.2571,31.2281],[70.2718,31.25],[70.2663,31.3266],[70.2786,31.3975]]]}},{"type":"Feature","properties":{"adm2_pcode":"PK222","adm2_name":"Nasirabad","adm1_pcode":"PK2","adm1_name":"Balochistan","area_sqkm":3224.90352226},"geometry":{"type":"Polygon","coordinates":[[[68.4386,28.7779],[68.4144,28.888],[68.4143,28.973],[68.3829,29.0495],[68.3233,29.0056],[68.2595,28.9843],[68.2302,28.9534],[68.2297,28.9436],[68.2595,28.9287],[68.2288,28.8513],[68.0688,28.7837],[68.0235,28.7783],[68.0329,28.7299],[67.9829,28.7009],[67.9668,28.7093],[67.9689,28.7809],[67.9537,28.7773],[67.8963,28.6938],[67.8686,28.6737],[67.8657,28.6602],[67.8905,28.6465],[67.8707,28.6088],[67.8274,28.6178],[67.7759,28.6081],[67.7885,28.5537],[67.7501,28.4763],[67.7426,28.4267],[67.7978,28.249],[67.8036,28.2036],[67.9735,28.2484],[68.071,28.3399],[68.0789,28.3864],[68.1419,28.4226],[68.2037,28.4409],[68.2938,28.4456],[68.3483,28.4352],[68.3763,28.4453],[68.3876,28.4823],[68.3813,28.6388],[68.4037,28.6603],[68.4482,28.674],[68.4386,28.7779]]]}},{"type":"Feature","properties":{"adm2_pcode":"PK223","adm2_name":"Nushki","adm1_pcode":"PK2","adm1_name":"Balochistan","area_sqkm":5863.17391284},"geometry":{"type":"Polygon","coordinates":[[[66.1631,29.3296],[66.2425,29.4623],[66.2596,29.498],[66.2637,29.5452],[66.2949,29.5798],[66.3125,29.6319],[66.2918,29.6606],[66.288,29.7247],[66.2781,29.7469],[66.2802,29.7891],[66.3078,29.8379],[66.258,29.8606],[66.0355,29.7921],[65.1293,29.5516],[65.1892,29.5003],[65.2611,29.4135],[65.445,29.1019],[65.4762,29.0329],[65.604,29.0344],[65.6277,29.0606],[65.6868,29.0831],[65.6946,29.1205],[65.7304,29.1413],[65.8158,29.1458],[65.8608,29.1276],[65.955,29.1664],[66.0094,29.1975],[66.0521,29.2566],[66.0522,29.2928],[66.0907,29.3472],[66.1439,29.3235],[66.1631,29.3296]]]}},{"type":"Feature","properties":{"adm2_pcode":"PK224","adm2_name":"Panjgur","adm1_pcode":"PK2","adm1_name":"Balochistan","area_sqkm":17582.38584234},"geometry":{"type":"Polygon","coordinates":[[[64.501,27.1619],[64.4839,27.2064],[64.4569,27.2267],[64.4541,27.2505],[64.4263,27.2875],[64.4017,27.2982],[64.3805,27.2786],[64.3747,27.2589],[64.3284,27.2386],[64.2526,27.1615],[64.2386,27.1744],[64.2189,27.1457],[64.1927,27.1298],[64.1481,27.1258],[64.1127,27.1104],[64.1096,27.0994],[64.1243,27.071],[64.116,27.033],[64.0992,27.0024],[64.0772,26.9873],[64.0783,27.0093],[64.1061,27.0518],[64.1021,27.0747],[64.0099,27.0855],[63.9649,27.1076],[63.903,27.1484],[63.893,27.1603],[63.8961,27.1859],[63.8137,27.2606],[63.7906,27.2611],[63.7347,27.2364],[63.6582,27.2291],[63.6049,27.2391],[63.5793,27.2166],[63.4547,27.2077],[63.4194,27.1948],[63.2559,27.2142],[63.2481,27.2085],[63.2992,27.1789],[63.3175,27.1387],[63.2559,27.083],[63.2567,26.9287],[63.2814,26.8746],[63.2755,26.8648],[63.1921,26.8435],[63.1997,26.738],[63.1692,26.6473],[63.0713,26.6409],[63.1318,26.5737],[63.0899,26.5085],[63.1255,26.5063],[63.1227,26.4861],[63.1615,26.4932],[63.1614,26.4802],[63.1342,26.4484],[63.1865,26.438],[63.3846,26.5029],[63.4149,26.5037],[63.492,26.4784],[63.5984,26.4276],[63.5975,26.4157],[63.536,26.4108],[63.5298,26.3935],[63.5158,26.3958],[63.51,26.3854],[63.5259,26.3697],[63.5862,26.3705],[63.5863,26.2961],[63.5975,26.2654],[63.6878,26.2797],[63.717,26.2747],[63.776,26.3084],[63.8513,26.3149],[63.8882,26.3023],[64.0331,26.1642],[64.0725,26.1483],[64.1635,26.1685],[64.2509,26.169],[64.3413,26.2181],[64.3585,26.2375],[64.3655,26.266],[64.4446,26.2296],[64.421,26.296],[64.4201,26.3327],[64.4454,26.3655],[64.5193,26.3723],[64.7338,26.3621],[64.9184,26.3677],[64.9328,26.3931],[64.9151,26.4398],[64.9222,26.4618],[65.1279,26.63],[65.29,26.7917],[65.3363,26.8954],[65.2809,26.8889],[65.253,26.903],[65.2436,26.9274],[65.2239,26.9386],[65.2034,26.9997],[65.1812,27.0229],[65.0874,27.029],[65.0477,27.1535],[65.0186,27.1814],[64.9721,27.1631],[64.7616,27.0351],[64.6938,27.0044],[64.6733,27.0059],[64.5904,27.0638],[64.4951,27.113],[64.501,27.1619]]]}},{"type":"Feature","properties":{"adm2_pcode":"PK225","adm2_name":"Pishin","adm1_pcode":"PK2","adm1_name":"Balochistan","area_sqkm":6085.87697415},"geometry":{"type":"Polygon","coordinates":[[[67.4766,31.2044],[67.4451,31.233],[67.3905,31.2166],[67.3454,31.2197],[67.262,31.2069],[67.2483,31.1765],[67.2529,31.138],[67.2292,31.1226],[67.2106,31.0753],[67.222,31.03],[67.0677,30.938],[67.0312,30.9661],[66.992,30.9732],[66.9613,30.9594],[66.9617,30.9398],[66.9206,30.9206],[66.8871,30.9302],[66.8598,30.9534],[66.8342,30.9448],[66.8262,30.9305],[66.8427,30.9033],[66.8342,30.8565],[66.7669,30.7528],[66.849,30.5814],[66.8312,30.5704],[66.7958,30.5844],[66.6793,30.5953],[66.5618,30.5829],[66.5424,30.5341],[66.5733,30.4704],[66.5475,30.397],[66.5502,30.3716],[66.5154,30.2972],[66.5236,30.2223],[66.5921,30.2053],[66.6084,30.1885],[66.6461,30.1731],[66.7028,30.1887],[66.7423,30.2453],[66.7566,30.2868],[66.7739,30.2969],[66.7971,30.3322],[66.8162,30.3705],[66.8134,30.3862],[66.857,30.4687],[66.8779,30.4599],[66.9172,30.4735],[66.9677,30.3908],[67.0487,30.3735],[67.1251,30.4379],[67.1492,30.4358],[67.1825,30.4548],[67.1939,30.4444],[67.2188,30.4438],[67.2242,30.4733],[67.2563,30.5004],[67.272,30.5299],[67.3912,30.597],[67.417,30.5982],[67.4496,30.585],[67.4955,30.5217],[67.528,30.5162],[67.5675,30.5803],[67.701,30.5935],[67.699,30.6192],[67.6883,30.6178],[67.6858,30.6598],[67.6665,30.6882],[67.5007,30.6685],[67.4786,30.6803],[67.4711,30.708],[67.4308,30.7077],[67.4351,30.7234],[67.463,30.7386],[67.4642,30.7707],[67.4793,30.7944],[67.4744,30.8171],[67.4433,30.835],[67.4701,30.8723],[67.5095,30.8762],[67.6051,30.9164],[67.6466,30.9613],[67.7418,31.0281],[67.7616,31.0603],[67.7511,31.0781],[67.7984,31.091],[67.8148,31.1144],[67.8086,31.1263],[67.8213,31.1471],[67.7269,31.1434],[67.6398,31.1632],[67.5916,31.1593],[67.5548,31.2094],[67.4766,31.2044]]]}},{"type":"Feature","properties":{"adm2_pcode":"PK226","adm2_name":"Quetta","adm1_pcode":"PK2","adm1_name":"Balochistan","area_sqkm":3759.73445787},"geometry":{"type":"Polygon","coordinates":[[[66.9342,30.4398],[66.9172,30.4735],[66.8779,30.4599],[66.8552,30.4672],[66.8134,30.3862],[66.8162,30.3705],[66.7971,30.3322],[66.7739,30.2969],[66.7566,30.2868],[66.7423,30.2453],[66.6964,30.1847],[66.6461,30.1731],[66.6084,30.1885],[66.5921,30.2053],[66.5236,30.2223],[66.5124,30.213],[66.5186,30.206],[66.5122,30.1634],[66.4145,30.1618],[66.3506,30.1859],[66.3417,30.1668],[66.3054,30.1409],[66.2624,30.0865],[66.2384,30.0841],[66.2417,30.0551],[66.3615,29.972],[66.3189,29.9127],[66.2681,29.8728],[66.3161,29.8544],[66.3796,29.8467],[66.4336,29.8541],[66.4822,29.8148],[66.5314,29.8144],[66.568,29.8736],[66.5667,29.9112],[66.6023,29.9528],[66.6231,30.0228],[66.6833,30.1397],[66.6961,30.1533],[66.7133,30.1542],[66.7502,30.1263],[66.7927,30.1162],[66.7975,30.0852],[66.835,30.0693],[66.8282,30.056],[66.8097,30.0513],[66.8143,30.0266],[66.8448,30.027],[66.8876,30.0565],[66.9482,30.0472],[66.9607,29.9801],[66.9953,29.9807],[67.0487,29.9496],[67.0856,29.967],[67.1247,29.9443],[67.181,29.9798],[67.1963,29.9808],[67.2175,29.9623],[67.2376,29.9777],[67.2581,29.9644],[67.2882,29.9225],[67.3096,29.9461],[67.3299,29.913],[67.3763,29.9214],[67.3654,29.9298],[67.3519,30.0014],[67.4087,30.022],[67.4109,30.0351],[67.3926,30.0447],[67.4047,30.0548],[67.4321,30.0519],[67.4125,30.1765],[67.3977,30.188],[67.3751,30.1755],[67.3044,30.176],[67.2779,30.2078],[67.2806,30.2518],[67.2461,30.2289],[67.22,30.2341],[67.2903,30.2998],[67.2802,30.3329],[67.2589,30.3235],[67.2348,30.3325],[67.1927,30.3682],[67.1908,30.406],[67.2188,30.4438],[67.1939,30.4444],[67.1825,30.4548],[67.1492,30.4358],[67.1251,30.4379],[67.0487,30.3735],[66.9677,30.3908],[66.9342,30.4398]]]}},{"type":"Feature","properties":{"adm2_pcode":"PK227","adm2_name":"Sherani","adm1_pcode":"PK2","adm1_name":"Balochistan","area_sqkm":3050.54342514},"geometry":{"type":"Polygon","coordinates":[[[69.854,32.0981],[69.6795,32.0729],[69.6468,32.0462],[69.6292,32.0072],[69.5462,31.9567],[69.6018,31.8819],[69.6236,31.8245],[69.5823,31.7092],[69.562,31.5864],[69.5318,31.506],[69.5433,31.4369],[69.5745,31.352],[69.6234,31.3342],[69.7402,31.321],[69.7452,31.3176],[69.7196,31.295],[69.7196,31.2736],[69.7522,31.2656],[69.7613,31.2536],[69.79,31.285],[69.8284,31.2977],[69.8272,31.2866],[69.9304,31.2478],[69.9615,31.2884],[69.9953,31.2868],[70.0281,31.3016],[70.0345,31.3198],[70.0272,31.359],[70.0524,31.3983],[70.0181,31.5081],[69.9652,31.5164],[69.9397,31.5456],[69.9466,31.7629],[69.9577,31.7814],[69.9452,31.7988],[69.9393,31.8497],[69.957,31.8709],[69.9633,31.9368],[69.9319,31.9293],[69.899,31.8884],[69.8558,31.8921],[69.8533,31.9248],[69.8828,31.9782],[69.8004,32.0226],[69.854,32.0981]]]}},{"type":"Feature","properties":{"adm2_pcode":"PK228","adm2_name":"Sibi","adm1_pcode":"PK2","adm1_name":"Balochistan","area_sqkm":4965.91898088},"geometry":{"type":"Polygon","coordinates":[[[67.6864,30.1218],[67.6337,30.1202],[67.5652,30.0951],[67.5325,30.0387],[67.5194,30.031],[67.4729,30.0279],[67.4298,30.0551],[67.4047,30.0548],[67.3926,30.0447],[67.4109,30.0351],[67.4087,30.022],[67.3519,30.0014],[67.3654,29.9298],[67.4396,29.898],[67.4869,29.8139],[67.5087,29.7153],[67.5517,29.6759],[67.6347,29.664],[67.672,29.6469],[67.6986,29.5986],[67.7184,29.6073],[67.779,29.5967],[67.7867,29.5651],[67.802,29.5464],[67.8113,29.4624],[67.8589,29.4453],[67.8761,29.4298],[67.8867,29.3672],[67.8752,29.3321],[67.9274,29.3332],[67.9956,29.3783],[68.1012,29.3389],[68.1685,29.366],[68.1773,29.3745],[68.1521,29.403],[68.0971,29.4222],[68.1254,29.4574],[68.1937,29.5846],[68.223,29.5901],[68.2656,29.6285],[68.4256,29.6215],[68.4571,29.6595],[68.5405,29.6939],[68.5724,29.7325],[68.5628,29.7754],[68.5735,29.8255],[68.5207,29.841],[68.4026,29.9057],[68.3983,29.9364],[68.2915,29.9332],[68.0724,29.893],[68.0582,29.881],[68.0525,29.8462],[68.0362,29.824],[67.9703,29.7924],[67.9738,29.7526],[67.9057,29.7059],[67.8814,29.701],[67.9227,29.777],[67.9877,29.8626],[68.0102,29.9447],[68.0015,29.9882],[67.9725,30.0219],[67.9366,30.0284],[67.7676,30.0187],[67.7653,30.0299],[67.7919,30.0495],[67.7915,30.0626],[67.7536,30.0923],[67.6864,30.1218]]]}},{"type":"Feature","properties":{"adm2_pcode":"PK229","adm2_name":"Sohbatpur","adm1_pcode":"PK2","adm1_name":"Balochistan","area_sqkm":786.87408887},"geometry":{"type":"Polygon","coordinates":[[[69.036,28.4594],[68.7784,28.4836],[68.7321,28.5006],[68.4685,28.6464],[68.4482,28.674],[68.4037,28.6603],[68.3813,28.6388],[68.3826,28.5627],[68.3915,28.5497],[68.4016,28.4523],[68.4342,28.409],[68.4707,28.4315],[68.9295,28.4295],[69.1275,28.4406],[69.1185,28.4727],[69.088,28.4958],[69.036,28.4594]]]}},{"type":"Feature","properties":{"adm2_pcode":"PK230","adm2_name":"Washuk","adm1_pcode":"PK2","adm1_name":"Balochistan","area_sqkm":39031.17202285},"geometry":{"type":"Polygon","coordinates":[[[64.9104,28.6828],[64.8112,28.6951],[64.4987,28.6116],[64.407,28.5234],[64.3369,28.5227],[64.2893,28.5404],[64.2859,28.5057],[64.2737,28.4957],[64.2353,28.4908],[64.2054,28.4715],[64.1267,28.4677],[64.0789,28.4305],[64.0439,28.4211],[64.0067,28.3823],[63.9877,28.3939],[63.9737,28.3817],[63.9057,28.3713],[63.8237,28.3053],[63.8165,28.3457],[63.7866,28.3145],[63.7021,28.293],[63.5107,28.2928],[63.3673,28.2646],[63.2681,28.2767],[63.2503,28.2707],[63.2256,28.2446],[63.2051,28.183],[63.1463,28.1695],[62.946,28.0126],[62.8685,27.9309],[62.802,27.8888],[62.83,27.7353],[62.8554,27.4651],[62.8074,27.3401],[62.8325,27.3049],[62.8232,27.2862],[62.7815,27.2514],[62.783,27.2343],[62.8214,27.2123],[62.8783,27.2171],[62.9087,27.1992],[62.9517,27.1921],[62.9772,27.1951],[63.0586,27.2332],[63.1842,27.2414],[63.2481,27.2085],[63.3809,27.2039],[63.4081,27.1943],[63.4547,27.2077],[63.5793,27.2166],[63.6049,27.2391],[63.6582,27.2291],[63.7347,27.2364],[63.7906,27.2611],[63.8137,27.2606],[63.8961,27.1859],[63.893,27.1603],[63.903,27.1484],[63.9649,27.1076],[64.0099,27.0855],[64.1021,27.0747],[64.1061,27.0518],[64.0783,27.0093],[64.0772,26.9873],[64.0992,27.0024],[64.116,27.033],[64.1243,27.071],[64.1096,27.0994],[64.1127,27.1104],[64.1481,27.1258],[64.1927,27.1298],[64.2189,27.1457],[64.2386,27.1744],[64.2526,27.1615],[64.3284,27.2386],[64.3747,27.2589],[64.3919,27.2914],[64.4109,27.2986],[64.4541,27.2505],[64.4569,27.2267],[64.4839,27.2064],[64.501,27.1619],[64.4951,27.113],[64.5904,27.0638],[64.6733,27.0059],[64.6938,27.0044],[64.7339,27.0205],[65.0144,27.1824],[65.0477,27.1535],[65.0874,27.029],[65.1812,27.0229],[65.2034,26.9997],[65.2239,26.9386],[65.2436,26.9274],[65.253,26.903],[65.2809,26.8889],[65.3363,26.8954],[65.3473,26.9837],[65.5648,27.3007],[65.5825,27.3447],[65.5915,27.4151],[65.7108,27.5287],[65.6913,27.5826],[65.7189,27.6663],[65.7699,27.7082],[65.7725,27.7499],[65.8094,27.8121],[65.8847,27.8584],[65.9282,27.9167],[65.9606,27.9383],[65.9783,27.9732],[65.9797,28.0099],[65.9505,28.0511],[65.9307,28.0539],[65.9071,28.0413],[65.8957,28.0475],[65.8845,28.0817],[65.8992,28.1893],[65.8832,28.2044],[65.8541,28.2038],[65.8312,28.2147],[65.8899,28.3579],[65.6736,28.2939],[65.4526,28.1801],[65.3591,28.1106],[65.3432,28.1179],[65.281,28.2081],[65.2734,28.2811],[65.2781,28.4055],[65.2333,28.4557],[65.2112,28.5084],[64.9988,28.4485],[64.9793,28.4948],[64.9805,28.5403],[64.9613,28.6189],[64.94,28.6558],[64.9104,28.6828]]]}},{"type":"Feature","properties":{"adm2_pcode":"PK231","adm2_name":"Zhob","adm1_pcode":"PK2","adm1_name":"Balochistan","area_sqkm":11936.64089288},"geometry":{"type":"Polygon","coordinates":[[[69.6018,31.8819],[69.5188,31.9761],[69.4713,31.9652],[69.372,31.9666],[69.3468,31.952],[69.3308,31.9602],[69.3176,31.9281],[69.2777,31.9115],[69.2626,31.8866],[69.1976,31.8484],[69.12,31.7202],[69.1179,31.7033],[69.0315,31.6502],[69.021,31.6267],[68.9859,31.628],[68.9492,31.6458],[68.9169,31.6047],[68.8483,31.5974],[68.8049,31.61],[68.7735,31.661],[68.717,31.6966],[68.7018,31.7699],[68.6322,31.7783],[68.5701,31.828],[68.4331,31.7632],[68.4637,31.7481],[68.582,31.7503],[68.5635,31.7198],[68.5371,31.714],[68.5009,31.7383],[68.4453,31.7425],[68.4219,31.7572],[68.2866,31.757],[68.251,31.7853],[68.2594,31.8015],[68.1775,31.8145],[68.1689,31.8342],[68.1167,31.7587],[68.0673,31.7155],[68.0578,31.6933],[67.9698,31.6396],[67.9044,31.626],[67.8687,31.6288],[67.8174,31.5974],[67.8601,31.566],[68.0207,31.4961],[68.1751,31.366],[68.2661,31.3176],[68.3811,31.2834],[68.5794,31.3569],[68.6561,31.3323],[68.6536,31.2472],[68.6702,31.2379],[68.6821,31.2099],[68.665,31.1842],[68.6721,31.1633],[68.6899,31.1485],[68.6912,31.1132],[68.7043,31.0977],[68.7528,31.1093],[68.7986,31.1529],[68.8383,31.1507],[68.8658,31.1366],[68.9104,31.1417],[68.9293,31.1104],[68.9895,31.1394],[69.0015,31.1209],[69.0348,31.1368],[69.0737,31.1319],[69.097,31.1464],[69.1552,31.1069],[69.2094,31.0923],[69.2281,31.0646],[69.2748,31.0257],[69.3128,31.0266],[69.3612,31.0622],[69.3749,31.0583],[69.3803,31.0433],[69.3502,31.0007],[69.304,30.986],[69.2816,30.9453],[69.2871,30.9172],[69.2518,30.8393],[69.1527,30.8085],[69.0541,30.7489],[69.0701,30.7353],[69.0812,30.6916],[69.1295,30.7051],[69.1412,30.6911],[69.2083,30.68],[69.2246,30.6271],[69.3404,30.6153],[69.409,30.548],[69.4603,30.524],[69.5611,30.4484],[69.5472,30.4699],[69.558,30.4958],[69.5338,30.5049],[69.5278,30.5383],[69.4929,30.5319],[69.4686,30.5405],[69.4605,30.5756],[69.4735,30.6069],[69.5114,30.634],[69.5304,30.663],[69.5319,30.7482],[69.6252,30.8338],[69.6746,30.9304],[69.7182,30.9849],[69.7315,31.0381],[69.705,31.0557],[69.7031,31.069],[69.7243,31.0969],[69.6977,31.1091],[69.7048,31.1305],[69.6962,31.1814],[69.7162,31.2239],[69.6943,31.2427],[69.7184,31.2658],[69.7237,31.3012],[69.7452,31.3176],[69.5854,31.3461],[69.5694,31.3567],[69.556,31.3934],[69.5313,31.5212],[69.562,31.5864],[69.5823,31.7092],[69.6236,31.8245],[69.6018,31.8819]]]}},{"type":"Feature","properties":{"adm2_pcode":"PK232","adm2_name":"Ziarat","adm1_pcode":"PK2","adm1_name":"Balochistan","area_sqkm":3271.31573202},"geometry":{"type":"Polygon","coordinates":[[[67.4955,30.5217],[67.4496,30.585],[67.3969,30.5985],[67.272,30.5299],[67.2563,30.5004],[67.2242,30.4733],[67.2181,30.4381],[67.1908,30.406],[67.1949,30.3642],[67.2253,30.3374],[67.2589,30.3235],[67.3048,30.3403],[67.3372,30.3243],[67.4092,30.3099],[67.4899,30.3154],[67.5108,30.3089],[67.5217,30.2943],[67.5785,30.2753],[67.6213,30.2969],[67.6703,30.2981],[67.7375,30.3265],[67.7571,30.3559],[67.7371,30.3749],[67.7386,30.384],[67.834,30.3742],[67.8717,30.3629],[67.8738,30.3411],[67.9827,30.3034],[68.0109,30.2812],[68.0939,30.2642],[68.1055,30.2416],[68.1406,30.2121],[68.166,30.2053],[68.2082,30.1738],[68.2382,30.1791],[68.3144,30.1628],[68.462,30.1893],[68.5012,30.2231],[68.537,30.2344],[68.5398,30.2577],[68.5999,30.2661],[68.5718,30.277],[68.5666,30.2923],[68.4965,30.3045],[68.4812,30.3424],[68.5235,30.3793],[68.519,30.3865],[68.4476,30.3894],[68.3904,30.3784],[68.3144,30.3891],[68.3087,30.3957],[68.3216,30.427],[68.3106,30.449],[68.2411,30.4574],[68.2326,30.476],[68.2347,30.5206],[68.2266,30.5291],[68.144,30.5287],[68.1129,30.5446],[68.0586,30.5369],[68.0342,30.5429],[67.9787,30.5088],[67.9626,30.4802],[67.8479,30.504],[67.78,30.5037],[67.7811,30.5204],[67.7335,30.5483],[67.701,30.5935],[67.5675,30.5803],[67.528,30.5162],[67.4955,30.5217]]]}},{"type":"Feature","properties":{"adm2_pcode":"PK233","adm2_name":"Shaheed Sikandarabad","adm1_pcode":"PK2","adm1_name":"Balochistan","area_sqkm":3706.43499182},"geometry":{"type":"Polygon","coordinates":[[[66.31,28.6825],[66.0911,28.7235],[66.0842,28.6351],[66.0494,28.5607],[66.0141,28.5206],[65.9912,28.4747],[65.9297,28.4224],[65.8807,28.3411],[65.8318,28.2301],[65.8312,28.2147],[65.8426,28.2071],[65.8832,28.2044],[65.8992,28.1893],[65.8845,28.0817],[65.8957,28.0475],[65.9137,28.0419],[65.9432,28.0535],[65.972,28.0277],[65.9804,27.9857],[65.9606,27.9383],[66.0328,27.932],[66.1122,27.9503],[66.2587,28.0522],[66.4994,28.1671],[66.52,28.2146],[66.517,28.2911],[66.4521,28.3568],[66.4272,28.4186],[66.4611,28.4985],[66.4872,28.5315],[66.5177,28.5506],[66.3999,28.571],[66.3846,28.5824],[66.3725,28.6225],[66.3368,28.6675],[66.31,28.6825]]]}},{"type":"Feature","properties":{"adm2_pcode":"PK234","adm2_name":"Duki","adm1_pcode":"PK2","adm1_name":"Balochistan","area_sqkm":4336.47095976},"geometry":{"type":"Polygon","coordinates":[[[69.651,30.3805],[69.6525,30.4105],[69.6325,30.411],[69.5905,30.4419],[69.5611,30.4484],[69.4772,30.359],[69.4494,30.3497],[69.3617,30.3399],[69.3134,30.3443],[69.2047,30.3913],[69.0199,30.325],[68.9958,30.2995],[68.8703,30.2838],[68.7933,30.2846],[68.7618,30.2717],[68.6851,30.2651],[68.6451,30.2728],[68.5495,30.2614],[68.5368,30.2534],[68.537,30.2344],[68.5012,30.2231],[68.462,30.1893],[68.3296,30.1629],[68.2382,30.1791],[68.2082,30.1738],[68.2173,30.146],[68.383,30.0576],[68.3924,30.0323],[68.4799,29.951],[68.5554,29.9154],[68.7598,29.9287],[68.8046,29.9489],[68.8552,29.9968],[68.9444,30.0283],[68.9675,30.0125],[68.9817,29.9858],[69.0084,29.9886],[69.0407,29.9761],[69.074,29.9922],[69.1452,29.9894],[69.1798,30.0079],[69.3348,30.0086],[69.3536,30.0162],[69.3531,30.0281],[69.3703,30.0263],[69.4041,30.0448],[69.4033,30.0614],[69.4378,30.101],[69.5781,30.2326],[69.5876,30.2316],[69.5888,30.2182],[69.5628,30.1893],[69.5574,30.1573],[69.5942,30.1378],[69.6152,30.1513],[69.6446,30.1933],[69.6455,30.2152],[69.7294,30.3276],[69.7238,30.3378],[69.7395,30.3584],[69.7194,30.3739],[69.7046,30.3625],[69.6659,30.3841],[69.651,30.3805]]]}},{"type":"Feature","properties":{"adm2_pcode":"PK235","adm2_name":"Chaman","adm1_pcode":"PK2","adm1_name":"Balochistan","area_sqkm":1635.51326522},"geometry":{"type":"Polygon","coordinates":[[[66.7384,31.2117],[66.7182,31.2027],[66.7093,31.1607],[66.6862,31.1153],[66.6832,31.0746],[66.5796,30.9885],[66.5339,30.9703],[66.401,30.9447],[66.3866,30.9339],[66.2811,30.5693],[66.3054,30.5024],[66.3257,30.4934],[66.3654,30.5445],[66.3919,30.5463],[66.4197,30.5726],[66.4261,30.5854],[66.4022,30.5952],[66.4016,30.6083],[66.442,30.6463],[66.5295,30.6733],[66.5782,30.6781],[66.6131,30.6998],[66.6261,30.7311],[66.5961,30.722],[66.6231,30.7638],[66.625,30.8109],[66.8433,30.9491],[66.8499,30.9894],[66.8235,31.0743],[66.8178,31.1814],[66.7828,31.1907],[66.7686,31.2097],[66.7384,31.2117]]]}},{"type":"Feature","properties":{"adm2_pcode":"PK301","adm2_name":"Astore","adm1_pcode":"PK3","adm1_name":"Gilgit Baltistan","area_sqkm":5132.45856083},"geometry":{"type":"Polygon","coordinates":[[[74.729,35.7901],[74.7402,35.8492],[74.7286,35.8519],[74.7001,35.8354],[74.6555,35.829],[74.6321,35.8061],[74.6229,35.7857],[74.652,35.7697],[74.6438,35.7532],[74.6243,35.7426],[74.6239,35.7262],[74.6481,35.7032],[74.6378,35.673],[74.6129,35.651],[74.614,35.6259],[74.6326,35.6107],[74.6266,35.5898],[74.6454,35.5692],[74.6562,35.5747],[74.6765,35.5011],[74.7045,35.4782],[74.7315,35.3843],[74.7114,35.3458],[74.6832,35.3353],[74.6747,35.3039],[74.6383,35.259],[74.5925,35.2503],[74.5888,35.2377],[74.5698,35.2264],[74.4878,35.2196],[74.4419,35.187],[74.4046,35.1455],[74.4519,35.1338],[74.4663,35.1106],[74.4847,35.1124],[74.5098,35.0992],[74.511,35.0849],[74.537,35.0656],[74.5285,35.036],[74.5543,35.0132],[74.5746,35.0187],[74.5835,35.0016],[74.5647,34.9731],[74.5627,34.957],[74.5747,34.9473],[74.5634,34.9293],[74.5719,34.926],[74.566,34.9075],[74.574,34.9036],[74.6,34.9193],[74.6451,34.9018],[74.6642,34.9074],[74.6774,34.8801],[74.6988,34.875],[74.7057,34.8576],[74.7228,34.8609],[74.7259,34.8433],[74.7645,34.8129],[74.7824,34.764],[74.8649,34.6799],[74.9105,34.6832],[75.0187,34.6415],[75.1423,34.6624],[75.2074,34.6463],[75.2568,34.6882],[75.2517,34.7019],[75.2638,34.7279],[75.2476,34.7562],[75.2474,34.7866],[75.2323,34.8056],[75.1759,34.8353],[75.1485,34.8337],[75.1455,34.8702],[75.1222,34.8798],[75.1043,34.9007],[75.15,34.9184],[75.1616,34.9354],[75.1887,34.9356],[75.2112,34.9514],[75.2001,34.978],[75.2247,35.0017],[75.2279,35.0203],[75.2078,35.0462],[75.2156,35.0706],[75.2015,35.0791],[75.1937,35.107],[75.2118,35.1079],[75.2263,35.1463],[75.2658,35.1602],[75.2438,35.1654],[75.2378,35.1946],[75.2118,35.19],[75.1715,35.2249],[75.1781,35.2709],[75.1693,35.3299],[75.0986,35.3863],[75.1013,35.4012],[75.0869,35.42],[75.069,35.42],[75.0585,35.4347],[75.0255,35.4363],[75.006,35.4757],[74.9733,35.4755],[74.9469,35.511],[74.9254,35.5245],[74.907,35.5236],[74.9027,35.536],[74.8614,35.5605],[74.8711,35.5735],[74.8344,35.6008],[74.8328,35.6141],[74.8514,35.6187],[74.8554,35.6319],[74.8727,35.6407],[74.8752,35.6879],[74.8621,35.7055],[74.8287,35.7206],[74.8019,35.7115],[74.7416,35.7177],[74.7416,35.7468],[74.7588,35.7653],[74.729,35.7901]]]}},{"type":"Feature","properties":{"adm2_pcode":"PK302","adm2_name":"Diamir","adm1_pcode":"PK3","adm1_name":"Gilgit Baltistan","area_sqkm":4215.4757865},"geometry":{"type":"Polygon","coordinates":[[[74.2087,35.6632],[74.1874,35.6735],[74.1709,35.711],[74.1574,35.7189],[74.1278,35.6634],[74.1006,35.6763],[74.0483,35.669],[74.0174,35.6199],[73.9778,35.6195],[73.913,35.5477],[73.8316,35.5182],[73.7884,35.5169],[73.8068,35.5041],[73.7608,35.4461],[73.715,35.4205],[73.6994,35.3839],[73.6989,35.3019],[73.7267,35.2214],[73.7811,35.2405],[73.8046,35.2361],[73.8497,35.2078],[73.9155,35.2094],[73.9553,35.1833],[74.0082,35.1695],[74.0317,35.1433],[74.0803,35.1511],[74.095,35.1453],[74.1274,35.1248],[74.1159,35.1231],[74.1607,35.0804],[74.2018,35.0844],[74.2062,35.0924],[74.2162,35.0871],[74.2158,35.067],[74.236,35.07],[74.245,35.0422],[74.2662,35.0399],[74.2995,35.0674],[74.3751,35.0613],[74.405,35.0978],[74.4294,35.1104],[74.4376,35.1312],[74.4044,35.1478],[74.4419,35.187],[74.4878,35.2196],[74.5698,35.2264],[74.5888,35.2377],[74.5925,35.2503],[74.6383,35.259],[74.6747,35.3039],[74.6832,35.3353],[74.715,35.3504],[74.7315,35.3843],[74.7109,35.4358],[74.7157,35.4526],[74.7004,35.4846],[74.6779,35.4986],[74.6678,35.5518],[74.6562,35.5747],[74.6454,35.5692],[74.6266,35.5898],[74.6326,35.6107],[74.6198,35.6224],[74.5698,35.6294],[74.5354,35.5739],[74.4859,35.5762],[74.4682,35.5593],[74.4067,35.5825],[74.3986,35.5698],[74.3823,35.5726],[74.3598,35.5979],[74.3388,35.5939],[74.2823,35.6402],[74.2317,35.6299],[74.2087,35.6632]]]}},{"type":"Feature","properties":{"adm2_pcode":"PK303","adm2_name":"Ghanche","adm1_pcode":"PK3","adm1_name":"Gilgit Baltistan","area_sqkm":8673.95162396},"geometry":{"type":"Polygon","coordinates":[[[76.7258,35.4249],[76.6819,35.4586],[76.6544,35.5291],[76.6181,35.5655],[76.5621,35.5965],[76.4577,35.6868],[76.4293,35.6843],[76.3551,35.6603],[76.2496,35.6067],[76.1597,35.5248],[76.0824,35.5025],[76.0196,35.4661],[76.0049,35.4386],[75.9964,35.3595],[75.9309,35.296],[75.9124,35.2595],[75.9109,35.2317],[75.9388,35.1903],[75.9864,35.1514],[76.1036,35.1198],[76.1783,35.0795],[76.27,35.066],[76.2941,35.0474],[76.3369,35.0468],[76.3924,35.0155],[76.393,35.0015],[76.4128,34.9826],[76.4112,34.9426],[76.452,34.8733],[76.4557,34.8443],[76.4959,34.8128],[76.4839,34.7931],[76.5618,34.7583],[76.6716,34.7574],[76.6872,34.7632],[76.7062,34.8012],[76.7432,34.8401],[76.7389,34.9019],[76.7494,34.9266],[76.8111,34.9355],[76.87,34.9724],[76.9704,34.9356],[76.9975,34.9392],[77.0101,34.9563],[77.011,35.0276],[77.0181,35.0385],[77.0768,35.0246],[77.126,35.043],[77.834,35.5021],[77.8141,35.5195],[77.8002,35.4941],[77.755,35.4981],[77.732,35.4767],[77.7301,35.4602],[77.6919,35.4495],[77.646,35.4794],[77.637,35.456],[77.5856,35.4614],[77.5758,35.4768],[77.5368,35.4825],[77.4997,35.4813],[77.4384,35.4618],[77.3853,35.4719],[77.3755,35.4929],[77.3522,35.495],[77.3286,35.5315],[77.3049,35.5413],[77.1929,35.5201],[77.0904,35.5703],[77.0615,35.5964],[76.9953,35.6119],[76.9767,35.596],[76.9554,35.5935],[76.9002,35.6191],[76.8437,35.5854],[76.7258,35.4249]]]}},{"type":"Feature","properties":{"adm2_pcode":"PK304","adm2_name":"Ghizer","adm1_pcode":"PK3","adm1_name":"Gilgit Baltistan","area_sqkm":4323.53268454},"geometry":{"type":"Polygon","coordinates":[[[73.7251,36.9013],[73.6935,36.9135],[73.6395,36.9033],[73.6964,36.8469],[73.7808,36.8288],[73.7975,36.8033],[73.8403,36.7913],[73.863,36.7483],[73.8547,36.7138],[73.8308,36.7055],[73.7814,36.721],[73.7366,36.7132],[73.7069,36.7207],[73.6602,36.7027],[73.6031,36.7061],[73.5857,36.6809],[73.6065,36.6432],[73.5949,36.6178],[73.5807,36.6012],[73.5264,36.5856],[73.5214,36.5697],[73.5485,36.5672],[73.5476,36.5542],[73.5657,36.5494],[73.5598,36.533],[73.5663,36.5178],[73.6179,36.5042],[73.634,36.4884],[73.6326,36.4568],[73.6182,36.4412],[73.6581,36.4262],[73.6538,36.4039],[73.6742,36.3994],[73.6925,36.3799],[73.6948,36.3398],[73.7151,36.3011],[73.7126,36.2799],[73.6496,36.2503],[73.6391,36.2342],[73.6462,36.2031],[73.6205,36.1627],[73.6253,36.1359],[73.6507,36.1158],[73.6596,36.0863],[73.6549,36.0613],[73.6341,36.0631],[73.642,36.0464],[73.6352,36.0265],[73.6795,36.0066],[73.6759,35.9946],[73.698,35.9756],[73.7177,35.9783],[73.729,35.9505],[73.7455,35.9415],[73.7426,35.8968],[73.7575,35.8721],[73.7718,35.8805],[73.8099,35.8645],[73.8327,35.8787],[73.8587,35.8638],[73.8689,35.8439],[73.8874,35.8391],[73.9091,35.859],[73.9451,35.8497],[73.9366,35.9082],[73.9654,35.8966],[73.9908,35.901],[74.0062,35.9475],[74.0475,35.9462],[74.0856,35.9651],[74.0756,35.9901],[74.0805,36.0148],[74.0971,36.0526],[74.1145,36.0583],[74.0938,36.0964],[74.0933,36.1223],[74.1188,36.1363],[74.1224,36.1536],[74.1152,36.1719],[74.0874,36.185],[74.0739,36.2161],[74.0435,36.2359],[74.0297,36.2654],[74.0291,36.3155],[74.0485,36.3513],[74.0989,36.3935],[74.0775,36.423],[74.0899,36.4584],[74.1131,36.4672],[74.1222,36.519],[74.183,36.5323],[74.1917,36.5643],[74.2329,36.5936],[74.2711,36.5897],[74.3169,36.6272],[74.2757,36.6489],[74.2553,36.6708],[74.2036,36.6758],[74.1856,36.6864],[74.1975,36.7144],[74.1663,36.7241],[74.0929,36.7213],[74.1111,36.7474],[74.1053,36.7804],[74.0649,36.7926],[74.0453,36.8289],[73.9632,36.8375],[73.9355,36.8674],[73.8466,36.8986],[73.8002,36.8897],[73.7846,36.9034],[73.7251,36.9013]]]}},{"type":"Feature","properties":{"adm2_pcode":"PK305","adm2_name":"Gilgit","adm1_pcode":"PK3","adm1_name":"Gilgit Baltistan","area_sqkm":4016.02639844},"geometry":{"type":"Polygon","coordinates":[[[74.2187,36.1771],[74.2004,36.2105],[74.1656,36.2343],[74.1427,36.2978],[74.1256,36.3176],[74.0928,36.3309],[74.0778,36.3759],[74.0485,36.3513],[74.0318,36.3222],[74.0297,36.2654],[74.0473,36.2303],[74.0793,36.2086],[74.0874,36.185],[74.119,36.166],[74.1215,36.1399],[74.0944,36.1241],[74.0929,36.1124],[74.1143,36.0549],[74.0971,36.0526],[74.0805,36.0148],[74.0825,35.9616],[74.0457,35.9458],[74.0062,35.9475],[73.9908,35.901],[73.9654,35.8966],[73.9366,35.9082],[73.9349,35.8952],[73.9456,35.8294],[73.9827,35.8131],[74.0249,35.8238],[74.0523,35.7693],[74.0943,35.7675],[74.1391,35.7237],[74.1688,35.7135],[74.1859,35.6752],[74.211,35.6619],[74.2317,35.6299],[74.2823,35.6402],[74.3388,35.5939],[74.3598,35.5979],[74.392,35.5694],[74.4067,35.5825],[74.4682,35.5593],[74.4859,35.5762],[74.5354,35.5739],[74.5669,35.628],[74.616,35.6242],[74.6138,35.656],[74.6378,35.673],[74.6481,35.7032],[74.628,35.7179],[74.6243,35.7426],[74.6438,35.7532],[74.652,35.7697],[74.6226,35.7882],[74.6518,35.8269],[74.7389,35.8509],[74.7396,35.8155],[74.729,35.7901],[74.7588,35.7653],[74.7409,35.7447],[74.738,35.7232],[74.7455,35.7207],[74.8309,35.7584],[74.8397,35.7839],[74.8917,35.816],[74.8977,35.8406],[74.9665,35.8647],[74.9561,35.9227],[74.9221,35.9354],[74.9351,35.9527],[74.933,35.9712],[74.9145,35.9787],[74.8937,36.0043],[74.875,36.0043],[74.8566,36.0381],[74.7404,36.0606],[74.7187,36.0866],[74.6782,36.0958],[74.6546,36.1225],[74.6087,36.1438],[74.4955,36.144],[74.4281,36.0727],[74.354,36.1684],[74.3069,36.1812],[74.2187,36.1771]]]}},{"type":"Feature","properties":{"adm2_pcode":"PK306","adm2_name":"Hunza","adm1_pcode":"PK3","adm1_name":"Gilgit Baltistan","area_sqkm":11419.07593321},"geometry":{"type":"Polygon","coordinates":[[[74.7898,37.0278],[74.7319,37.032],[74.7063,37.0848],[74.6902,37.0883],[74.6301,37.0671],[74.6146,37.0442],[74.5716,37.0339],[74.5584,36.9603],[74.5366,36.9652],[74.5174,36.9989],[74.4205,36.9961],[74.2523,36.9004],[74.152,36.9098],[74.1197,36.8417],[74.085,36.8463],[74.0453,36.8289],[74.0649,36.7926],[74.1053,36.7804],[74.1111,36.7474],[74.0929,36.7213],[74.1663,36.7241],[74.1975,36.7144],[74.1856,36.6864],[74.2036,36.6758],[74.2553,36.6708],[74.2757,36.6489],[74.314,36.6317],[74.2757,36.5974],[74.2788,36.5887],[74.3708,36.5799],[74.5491,36.5129],[74.4633,36.4669],[74.4419,36.442],[74.4395,36.4266],[74.4673,36.4077],[74.4847,36.3788],[74.4221,36.319],[74.3894,36.2562],[74.4482,36.2464],[74.589,36.2575],[74.6135,36.2816],[74.6122,36.297],[74.6431,36.3114],[74.7839,36.3021],[74.8114,36.312],[74.8369,36.3052],[74.8698,36.3236],[74.9599,36.3086],[75.0053,36.3268],[75.0541,36.3166],[75.0854,36.2889],[75.1877,36.3244],[75.2242,36.3066],[75.2285,36.2807],[75.261,36.2342],[75.2973,36.2196],[75.3239,36.2413],[75.3542,36.2453],[75.3755,36.217],[75.4172,36.2051],[75.4314,36.1689],[75.4735,36.1441],[75.5754,36.1217],[75.6577,36.1259],[75.683,36.1392],[75.7332,36.1024],[75.7249,36.0747],[75.7547,36.0639],[75.7768,36.0181],[75.8096,36.012],[75.8683,36.0205],[75.91,36.0432],[75.9127,36.0583],[75.9493,36.0739],[75.9461,36.1172],[75.9317,36.1273],[75.9336,36.1355],[75.9721,36.1492],[75.9652,36.1596],[76.0135,36.1661],[76.0086,36.2298],[76.062,36.2309],[75.9883,36.3325],[75.9882,36.3526],[76.0318,36.4097],[76.0076,36.455],[76.0108,36.4745],[75.9965,36.479],[75.9967,36.4949],[75.9601,36.5243],[75.9325,36.5696],[75.9433,36.6009],[75.8579,36.6702],[75.7494,36.7375],[75.7207,36.7511],[75.7013,36.7464],[75.6453,36.7716],[75.5858,36.7633],[75.5343,36.7736],[75.5291,36.7272],[75.5114,36.7308],[75.5017,36.7441],[75.4552,36.7213],[75.4204,36.7862],[75.4313,36.8334],[75.4267,36.8736],[75.3918,36.9101],[75.3966,36.9321],[75.4144,36.9392],[75.4103,36.9547],[75.2856,36.9749],[75.2329,36.9654],[75.1652,36.992],[75.1689,37.0141],[75.145,37.0262],[75.1323,37.0234],[75.1279,37.0113],[75.0717,37.0056],[75.0294,37.0171],[75.0026,36.9949],[74.9323,36.9831],[74.9252,36.972],[74.9359,36.9438],[74.8996,36.9348],[74.8672,36.9909],[74.8414,37.014],[74.8443,37.0574],[74.804,37.0546],[74.7898,37.0278]]]}},{"type":"Feature","properties":{"adm2_pcode":"PK307","adm2_name":"Skardu","adm1_pcode":"PK3","adm1_name":"Gilgit Baltistan","area_sqkm":2118.9510952},"geometry":{"type":"Polygon","coordinates":[[[75.6906,35.3585],[75.585,35.4825],[75.495,35.4237],[75.4747,35.4587],[75.4544,35.4652],[75.396,35.4309],[75.3876,35.4143],[75.3283,35.3868],[75.3013,35.3529],[75.1676,35.3335],[75.1781,35.2709],[75.1703,35.2267],[75.2118,35.19],[75.2378,35.1946],[75.2438,35.1654],[75.2658,35.1602],[75.22,35.1409],[75.2118,35.1079],[75.1937,35.107],[75.2015,35.0791],[75.2267,35.0597],[75.3119,35.034],[75.4685,35.0691],[75.5815,35.0727],[75.6599,35.0979],[75.6934,35.0904],[75.7402,35.1265],[75.8137,35.1539],[75.8947,35.151],[75.9478,35.1339],[75.991,35.1505],[75.9388,35.1903],[75.9123,35.2284],[75.874,35.2324],[75.8575,35.3061],[75.8311,35.3436],[75.8015,35.3478],[75.7949,35.3229],[75.7802,35.3145],[75.7209,35.3032],[75.7017,35.3184],[75.6763,35.2972],[75.6555,35.3001],[75.6512,35.3167],[75.6906,35.3585]]]}},{"type":"Feature","properties":{"adm2_pcode":"PK308","adm2_name":"Nagar","adm1_pcode":"PK3","adm1_name":"Gilgit Baltistan","area_sqkm":3022.1555788},"geometry":{"type":"Polygon","coordinates":[[[74.3708,36.5799],[74.2329,36.5936],[74.1917,36.5643],[74.183,36.5323],[74.1222,36.519],[74.1131,36.4672],[74.0899,36.4584],[74.0775,36.423],[74.0989,36.3966],[74.0808,36.3776],[74.0843,36.3483],[74.0962,36.3271],[74.1256,36.3176],[74.1462,36.2935],[74.1656,36.2343],[74.2004,36.2105],[74.2187,36.1771],[74.3069,36.1812],[74.354,36.1684],[74.4281,36.0727],[74.4955,36.144],[74.6005,36.1455],[74.6546,36.1225],[74.6782,36.0958],[74.7187,36.0866],[74.7404,36.0606],[74.7861,36.0464],[74.8506,36.0421],[74.875,36.0043],[74.8937,36.0043],[74.9121,36.039],[74.9617,36.0474],[75.0011,36.0654],[75.0121,36.0857],[75.0362,36.0695],[75.0489,36.035],[75.1124,36.0481],[75.132,36.0745],[75.1444,36.0688],[75.1885,36.1564],[75.1939,36.1916],[75.2079,36.203],[75.2301,36.1957],[75.2758,36.2014],[75.2973,36.2196],[75.256,36.2381],[75.2285,36.2807],[75.2242,36.3066],[75.1877,36.3244],[75.0854,36.2889],[75.0541,36.3166],[75.0053,36.3268],[74.9599,36.3086],[74.8698,36.3236],[74.8369,36.3052],[74.8114,36.312],[74.7839,36.3021],[74.6431,36.3114],[74.6122,36.297],[74.6135,36.2816],[74.589,36.2575],[74.4482,36.2464],[74.3894,36.2562],[74.4221,36.319],[74.4847,36.3788],[74.4673,36.4077],[74.4395,36.4266],[74.4419,36.442],[74.4633,36.4669],[74.5491,36.5129],[74.3708,36.5799]]]}},{"type":"Feature","properties":{"adm2_pcode":"PK309","adm2_name":"Kharmang","adm1_pcode":"PK3","adm1_name":"Gilgit Baltistan","area_sqkm":5971.07699293},"geometry":{"type":"Polygon","coordinates":[[[75.8976,35.1505],[75.8137,35.1539],[75.7779,35.1422],[75.7402,35.1265],[75.6934,35.0904],[75.6599,35.0979],[75.5815,35.0727],[75.4685,35.0691],[75.3232,35.0353],[75.2153,35.0666],[75.2078,35.0462],[75.2281,35.0108],[75.2001,34.978],[75.2112,34.9514],[75.1887,34.9356],[75.1616,34.9354],[75.15,34.9184],[75.1043,34.9007],[75.1222,34.8798],[75.1455,34.8702],[75.1485,34.8337],[75.1759,34.8353],[75.2323,34.8056],[75.2474,34.7866],[75.2476,34.7562],[75.2638,34.7279],[75.2517,34.7019],[75.2568,34.6882],[75.2074,34.6463],[75.2596,34.6441],[75.2669,34.6345],[75.2619,34.6109],[75.3778,34.5524],[75.5061,34.5373],[75.6156,34.5385],[75.7492,34.5158],[75.793,34.5339],[75.8422,34.5739],[75.9186,34.6048],[75.9463,34.6312],[75.9918,34.63],[76.0365,34.6703],[76.0744,34.6763],[76.1219,34.6466],[76.1579,34.6434],[76.2601,34.6844],[76.3161,34.7316],[76.3859,34.736],[76.4935,34.805],[76.4926,34.8185],[76.4557,34.8443],[76.452,34.8733],[76.4112,34.9426],[76.4128,34.9826],[76.393,35.0015],[76.3947,35.0134],[76.3369,35.0468],[76.2941,35.0474],[76.27,35.066],[76.1783,35.0795],[76.1036,35.1198],[76.0027,35.1497],[75.9478,35.1339],[75.8976,35.1505]]]}},{"type":"Feature","properties":{"adm2_pcode":"PK310","adm2_name":"Shigar","adm1_pcode":"PK3","adm1_name":"Gilgit Baltistan","area_sqkm":8513.354885},"geometry":{"type":"Polygon","coordinates":[[[75.4172,36.2051],[75.3755,36.217],[75.3542,36.2453],[75.3327,36.2452],[75.2758,36.2014],[75.2301,36.1957],[75.2066,36.2024],[75.1923,36.1884],[75.1885,36.1564],[75.1444,36.0688],[75.132,36.0745],[75.1124,36.0481],[75.0874,36.0379],[75.0447,36.0371],[75.0362,36.0695],[75.0164,36.0861],[75.007,36.0692],[74.9617,36.0474],[74.9121,36.039],[74.8956,35.9976],[74.933,35.9712],[74.9351,35.9527],[74.9221,35.9354],[74.9561,35.9227],[74.9673,35.8678],[74.9545,35.8548],[74.8983,35.8406],[74.9645,35.8235],[75.0598,35.7681],[75.084,35.7755],[75.1564,35.7324],[75.1757,35.7149],[75.1763,35.7054],[75.159,35.6949],[75.1757,35.6631],[75.2233,35.656],[75.2846,35.606],[75.4075,35.6188],[75.4467,35.6135],[75.4847,35.5529],[75.5422,35.4987],[75.585,35.4825],[75.6906,35.3585],[75.6512,35.3167],[75.6555,35.3001],[75.6763,35.2972],[75.7017,35.3184],[75.7209,35.3032],[75.7802,35.3145],[75.7949,35.3229],[75.8015,35.3478],[75.8259,35.3451],[75.8575,35.3061],[75.874,35.2324],[75.9123,35.2284],[75.9124,35.2595],[75.9309,35.296],[75.9964,35.3595],[76.0049,35.4386],[76.0196,35.4661],[76.0824,35.5025],[76.1597,35.5248],[76.2496,35.6067],[76.3551,35.6603],[76.4293,35.6843],[76.4577,35.6868],[76.5621,35.5965],[76.6181,35.5655],[76.6544,35.5291],[76.6819,35.4586],[76.7295,35.422],[76.8437,35.5854],[76.9002,35.6191],[76.8463,35.669],[76.7586,35.6567],[76.7422,35.6887],[76.6958,35.7231],[76.6905,35.7484],[76.5911,35.773],[76.5638,35.8202],[76.5852,35.8413],[76.5772,35.8675],[76.595,35.8967],[76.5736,35.9218],[76.5464,35.9201],[76.5372,35.8973],[76.5127,35.8818],[76.4689,35.8866],[76.4289,35.8524],[76.3668,35.864],[76.3555,35.85],[76.363,35.8249],[76.296,35.8423],[76.2259,35.8378],[76.2188,35.8242],[76.1574,35.8252],[76.1438,35.8408],[76.1571,35.8645],[76.1599,35.9175],[76.1044,35.9892],[76.0943,36.0231],[76.0415,36.0274],[76.0116,36.0188],[75.9659,36.0429],[75.9493,36.0739],[75.9127,36.0583],[75.91,36.0432],[75.8657,36.0194],[75.7789,36.0169],[75.7547,36.0639],[75.7249,36.0747],[75.7332,36.1024],[75.683,36.1392],[75.6577,36.1259],[75.5754,36.1217],[75.4814,36.1417],[75.4314,36.1689],[75.4172,36.2051]]]}},{"type":"Feature","properties":{"adm2_pcode":"PK311","adm2_name":"Darel","adm1_pcode":"PK3","adm1_name":"Gilgit Baltistan","area_sqkm":1650.92586471},"geometry":{"type":"Polygon","coordinates":[[[73.6223,35.8605],[73.5433,35.8819],[73.537,35.8614],[73.5229,35.8571],[73.4938,35.8731],[73.4929,35.8504],[73.4956,35.826],[73.5227,35.792],[73.5091,35.6821],[73.5797,35.5884],[73.5798,35.5536],[73.7884,35.5169],[73.8578,35.5257],[73.9164,35.5501],[73.9778,35.6195],[74.0174,35.6199],[74.0483,35.669],[74.1006,35.6763],[74.1278,35.6634],[74.1574,35.7189],[74.1391,35.7237],[74.0943,35.7675],[74.0523,35.7693],[74.0249,35.8238],[74.0013,35.8124],[73.9649,35.8176],[73.9443,35.8308],[73.9451,35.8497],[73.9152,35.859],[73.8845,35.8389],[73.8327,35.8787],[73.8061,35.8645],[73.7718,35.8805],[73.7604,35.8717],[73.7642,35.8502],[73.7208,35.8584],[73.6801,35.8788],[73.6711,35.8719],[73.6388,35.8779],[73.6223,35.8605]]]}},{"type":"Feature","properties":{"adm2_pcode":"PK312","adm2_name":"Tangir","adm1_pcode":"PK3","adm1_name":"Gilgit Baltistan","area_sqkm":1102.33582396},"geometry":{"type":"Polygon","coordinates":[[[73.3472,35.9373],[73.3294,35.9472],[73.3089,35.9358],[73.2625,35.9388],[73.2616,35.9111],[73.2505,35.8933],[73.2595,35.8755],[73.2538,35.8626],[73.224,35.8608],[73.1884,35.8418],[73.1244,35.8377],[73.1116,35.76],[73.1261,35.7228],[73.1572,35.6903],[73.2958,35.6075],[73.3475,35.5994],[73.4144,35.5733],[73.5798,35.5536],[73.5797,35.5884],[73.5091,35.6821],[73.5227,35.792],[73.4956,35.826],[73.4938,35.8731],[73.4728,35.8692],[73.4069,35.8843],[73.3849,35.9051],[73.3698,35.9035],[73.3472,35.9373]]]}},{"type":"Feature","properties":{"adm2_pcode":"PK313","adm2_name":"Gupis-Yasin","adm1_pcode":"PK3","adm1_name":"Gilgit Baltistan","area_sqkm":7726.10957105},"geometry":{"type":"Polygon","coordinates":[[[73.4178,36.7495],[73.3555,36.7463],[73.2477,36.7113],[73.1572,36.723],[73.1058,36.6966],[73.06,36.6908],[73.048,36.6666],[73.073,36.6053],[73.0355,36.5375],[72.9641,36.4984],[72.9597,36.4712],[72.9116,36.4682],[72.8752,36.4529],[72.8508,36.3757],[72.7091,36.3033],[72.6769,36.2644],[72.6503,36.2591],[72.6141,36.2672],[72.5672,36.2483],[72.5403,36.2025],[72.5439,36.1447],[72.5186,36.0906],[72.5266,36.0647],[72.5639,36.0258],[72.5669,36.0075],[72.5128,35.9003],[72.5491,35.8811],[72.575,35.8458],[72.6769,35.8175],[72.8111,35.8572],[72.9764,35.8339],[73.0747,35.8644],[73.1244,35.8377],[73.1884,35.8418],[73.224,35.8608],[73.2538,35.8626],[73.2595,35.8755],[73.2505,35.8933],[73.2616,35.9111],[73.2607,35.937],[73.3089,35.9358],[73.3294,35.9472],[73.3629,35.9243],[73.3698,35.9035],[73.3849,35.9051],[73.4069,35.8843],[73.4728,35.8692],[73.4983,35.8733],[73.5174,35.8584],[73.537,35.8614],[73.5461,35.8825],[73.6223,35.8605],[73.6388,35.8779],[73.6711,35.8719],[73.6801,35.8788],[73.7208,35.8584],[73.7642,35.8502],[73.7426,35.8968],[73.7455,35.9415],[73.729,35.9505],[73.7177,35.9783],[73.698,35.9756],[73.6759,35.9946],[73.6795,36.0066],[73.6352,36.0265],[73.642,36.0464],[73.6341,36.0631],[73.6549,36.0613],[73.6596,36.0863],[73.6507,36.1158],[73.6253,36.1359],[73.6205,36.1661],[73.6462,36.2031],[73.6391,36.2342],[73.6456,36.2463],[73.716,36.2842],[73.7114,36.3158],[73.6948,36.3398],[73.6953,36.3737],[73.6742,36.3994],[73.6538,36.4039],[73.6581,36.4262],[73.6182,36.4412],[73.6326,36.4568],[73.634,36.4884],[73.6179,36.5042],[73.5663,36.5178],[73.5598,36.533],[73.5657,36.5494],[73.5476,36.5542],[73.5485,36.5672],[73.5214,36.5697],[73.5264,36.5856],[73.5807,36.6012],[73.5949,36.6178],[73.6065,36.6432],[73.5857,36.6809],[73.6031,36.7061],[73.5861,36.7074],[73.563,36.729],[73.483,36.7265],[73.4178,36.7495]]]}},{"type":"Feature","properties":{"adm2_pcode":"PK314","adm2_name":"Rondu","adm1_pcode":"PK3","adm1_name":"Gilgit Baltistan","area_sqkm":1881.90223269},"geometry":{"type":"Polygon","coordinates":[[[75.0181,35.7967],[74.8977,35.8406],[74.8917,35.816],[74.8397,35.7839],[74.8309,35.7584],[74.7391,35.7209],[74.7508,35.7124],[74.7799,35.7181],[74.7959,35.7115],[74.8287,35.7206],[74.8621,35.7055],[74.8784,35.678],[74.8727,35.6407],[74.8554,35.6319],[74.8514,35.6187],[74.834,35.6162],[74.8328,35.6056],[74.8699,35.5756],[74.8633,35.5582],[74.9027,35.536],[74.907,35.5236],[74.9254,35.5245],[74.9469,35.511],[74.9733,35.4755],[75.006,35.4757],[75.0255,35.4363],[75.0585,35.4347],[75.069,35.42],[75.0869,35.42],[75.1013,35.4012],[75.0986,35.3863],[75.1676,35.3335],[75.3013,35.3529],[75.3283,35.3868],[75.3876,35.4143],[75.396,35.4309],[75.4544,35.4652],[75.4747,35.4587],[75.495,35.4237],[75.585,35.4825],[75.5422,35.4987],[75.514,35.5227],[75.4467,35.6135],[75.4075,35.6188],[75.2846,35.606],[75.2233,35.656],[75.1757,35.6631],[75.159,35.6917],[75.1763,35.7054],[75.1757,35.7149],[75.1564,35.7324],[75.084,35.7755],[75.0598,35.7681],[75.0181,35.7967]]]}},{"type":"Feature","properties":{"adm2_pcode":"PK401","adm2_name":"Islamabad","adm1_pcode":"PK4","adm1_name":"Islamabad","area_sqkm":901.53277708},"geometry":{"type":"Polygon","coordinates":[[[73.1641,33.8104],[73.1179,33.7864],[73.0947,33.7839],[73.0815,33.7935],[73.0274,33.7799],[73.0155,33.7747],[73.012,33.7581],[72.9915,33.7575],[72.9567,33.7311],[72.853,33.7193],[72.8412,33.7059],[72.8139,33.7014],[72.9142,33.5726],[72.9861,33.6106],[72.9688,33.6315],[72.9888,33.6339],[73.0018,33.6188],[73.0882,33.6642],[73.1545,33.5784],[73.0869,33.5424],[73.1997,33.4897],[73.2988,33.5913],[73.2929,33.5944],[73.3026,33.6106],[73.3021,33.655],[73.3238,33.6666],[73.3545,33.6625],[73.3894,33.7036],[73.3486,33.7083],[73.3374,33.7278],[73.3063,33.7415],[73.2672,33.7758],[73.1641,33.8104]]]}},{"type":"Feature","properties":{"adm2_pcode":"PK501","adm2_name":"Abbottabad","adm1_pcode":"PK5","adm1_name":"Khyber Pakhtunkhwa","area_sqkm":1639.51651569},"geometry":{"type":"Polygon","coordinates":[[[73.398,34.3722],[73.3513,34.3664],[73.3401,34.3448],[73.3464,34.3413],[73.3276,34.3207],[73.2963,34.3042],[73.273,34.3053],[73.2736,34.2891],[73.2537,34.27],[73.2299,34.2863],[73.212,34.2851],[73.1878,34.2248],[73.1785,34.2436],[73.16,34.2372],[73.1398,34.2512],[73.0742,34.2261],[73.0651,34.2507],[73.0491,34.2511],[73.0494,34.2658],[73.0274,34.2642],[72.9858,34.2096],[72.9935,34.1943],[72.9716,34.1836],[72.9952,34.1702],[73.0189,34.1721],[73.0398,34.1525],[73.0248,34.1258],[73.06,34.1193],[73.0924,34.0914],[73.096,34.0692],[73.0722,34.0324],[73.087,34.0241],[73.1254,34.0258],[73.1458,34.0088],[73.1302,33.9522],[73.0905,33.9339],[73.1092,33.9222],[73.0945,33.8949],[73.1209,33.8926],[73.1539,33.9018],[73.1665,33.9173],[73.1921,33.9111],[73.2027,33.9201],[73.201,33.9069],[73.1847,33.9015],[73.1828,33.892],[73.2136,33.8898],[73.2142,33.8799],[73.1901,33.865],[73.1953,33.8498],[73.2117,33.8523],[73.215,33.8323],[73.2029,33.8234],[73.2093,33.8161],[73.2359,33.8238],[73.2539,33.8447],[73.2673,33.8377],[73.3167,33.8569],[73.3305,33.8764],[73.328,33.8874],[73.348,33.9077],[73.3466,33.9187],[73.3784,33.9369],[73.3857,33.955],[73.3743,33.9558],[73.3934,33.9735],[73.4047,33.9755],[73.4236,33.9556],[73.4719,34.0167],[73.512,34.0177],[73.488,34.1253],[73.4878,34.185],[73.4623,34.2572],[73.4647,34.2753],[73.4142,34.3161],[73.398,34.3722]]]}},{"type":"Feature","properties":{"adm2_pcode":"PK502","adm2_name":"Bajaur","adm1_pcode":"PK5","adm1_name":"Khyber Pakhtunkhwa","area_sqkm":1366.31035562},"geometry":{"type":"Polygon","coordinates":[[[71.6253,34.8135],[71.6124,34.8255],[71.5836,34.9095],[71.5103,34.985],[71.4993,34.9638],[71.4006,34.9215],[71.3543,34.9117],[71.3099,34.8788],[71.2795,34.805],[71.2463,34.7909],[71.2191,34.7481],[71.1957,34.7473],[71.1728,34.731],[71.1891,34.7103],[71.2072,34.705],[71.231,34.7221],[71.2734,34.6759],[71.2692,34.6552],[71.2879,34.6516],[71.3238,34.6576],[71.3562,34.6468],[71.4399,34.6765],[71.4804,34.6589],[71.5237,34.6781],[71.5506,34.6729],[71.5608,34.6534],[71.5283,34.6281],[71.5325,34.5926],[71.5432,34.5733],[71.5433,34.5443],[71.5823,34.5073],[71.6079,34.5203],[71.6214,34.5169],[71.6271,34.536],[71.6607,34.5481],[71.659,34.5582],[71.6705,34.5613],[71.6669,34.58],[71.6798,34.6],[71.6789,34.6189],[71.7063,34.626],[71.7263,34.6489],[71.7586,34.6523],[71.769,34.6954],[71.7569,34.7347],[71.7706,34.7349],[71.7818,34.7577],[71.7939,34.752],[71.8054,34.7592],[71.732,34.7994],[71.7074,34.798],[71.688,34.8113],[71.6253,34.8135]]]}},{"type":"Feature","properties":{"adm2_pcode":"PK503","adm2_name":"Bannu","adm1_pcode":"PK5","adm1_name":"Khyber Pakhtunkhwa","area_sqkm":2027.75039382},"geometry":{"type":"Polygon","coordinates":[[[70.692,33.2544],[70.6265,33.26],[70.6181,33.2312],[70.519,33.1912],[70.4865,33.1529],[70.4891,33.1285],[70.4985,33.1249],[70.4573,33.1098],[70.4219,33.071],[70.4102,33.0006],[70.3906,32.9831],[70.4074,32.9696],[70.3569,32.912],[70.3254,32.7918],[70.3052,32.7714],[70.2703,32.7568],[70.2614,32.73],[70.2907,32.7345],[70.3148,32.763],[70.3844,32.7668],[70.3724,32.7068],[70.3915,32.7256],[70.4724,32.7522],[70.4986,32.7731],[70.519,32.7604],[70.5309,32.769],[70.5355,32.8064],[70.5612,32.8111],[70.5625,32.8443],[70.6161,32.8292],[70.611,32.8154],[70.6345,32.8309],[70.6634,32.8281],[70.6854,32.8425],[70.6995,32.8369],[70.7024,32.8096],[70.7314,32.793],[70.7536,32.8088],[70.793,32.8167],[70.7657,32.8451],[70.7836,32.8584],[70.7948,32.8507],[70.7765,32.8663],[70.789,32.8736],[70.8308,32.8492],[70.8553,32.874],[70.8741,32.8785],[70.8886,32.8446],[70.9591,32.8765],[70.9647,32.9083],[70.9206,32.9805],[70.9155,33.0138],[70.8412,33.0266],[70.8119,33.0518],[70.7969,33.0827],[70.8034,33.0903],[70.7918,33.0999],[70.7984,33.1157],[70.8219,33.1194],[70.8319,33.1466],[70.8665,33.1624],[70.8783,33.182],[70.8319,33.2065],[70.7108,33.2174],[70.6774,33.244],[70.692,33.2544]]]}},{"type":"Feature","properties":{"adm2_pcode":"PK504","adm2_name":"Batagram","adm1_pcode":"PK5","adm1_name":"Khyber Pakhtunkhwa","area_sqkm":1485.17921251},"geometry":{"type":"Polygon","coordinates":[[[73.0545,34.9656],[73.0247,34.9661],[72.9237,34.9392],[72.8898,34.9143],[72.8781,34.9185],[72.8641,34.8989],[72.8705,34.8878],[72.996,34.8487],[73.0042,34.8364],[72.9954,34.8142],[72.9721,34.8181],[72.9335,34.8033],[72.9277,34.7735],[72.871,34.7616],[72.8894,34.7495],[72.8987,34.728],[72.9053,34.5957],[72.9391,34.565],[72.9658,34.5803],[72.9895,34.5751],[72.9999,34.5895],[73.0237,34.5886],[73.0347,34.5626],[73.0506,34.5564],[73.0888,34.5669],[73.1024,34.5867],[73.1106,34.6437],[73.1336,34.6494],[73.1359,34.6628],[73.195,34.6934],[73.1949,34.7106],[73.2199,34.7393],[73.2516,34.7114],[73.2826,34.7078],[73.3115,34.6646],[73.3279,34.6591],[73.3628,34.7009],[73.3615,34.7501],[73.3949,34.776],[73.3855,34.7899],[73.3992,34.8027],[73.4371,34.8014],[73.4411,34.8274],[73.4972,34.869],[73.4842,34.9021],[73.4381,34.902],[73.3986,34.9268],[73.2647,34.9182],[73.2485,34.9247],[73.2245,34.9167],[73.2154,34.9386],[73.1987,34.94],[73.1802,34.9283],[73.1216,34.9254],[73.0545,34.9656]]]}},{"type":"Feature","properties":{"adm2_pcode":"PK505","adm2_name":"Buner","adm1_pcode":"PK5","adm1_name":"Khyber Pakhtunkhwa","area_sqkm":1774.04750615},"geometry":{"type":"Polygon","coordinates":[[[72.5308,34.7054],[72.4876,34.7074],[72.4716,34.6744],[72.4273,34.6892],[72.4057,34.6824],[72.3736,34.6638],[72.3488,34.6228],[72.292,34.611],[72.2624,34.5816],[72.2177,34.5688],[72.2357,34.5354],[72.2032,34.5136],[72.2022,34.5031],[72.2243,34.4925],[72.2212,34.4623],[72.2379,34.4452],[72.2762,34.4282],[72.3237,34.4408],[72.3717,34.434],[72.396,34.4097],[72.4234,34.4069],[72.4284,34.3841],[72.4414,34.3726],[72.4759,34.3725],[72.4824,34.3322],[72.4516,34.3072],[72.4461,34.2858],[72.4637,34.2698],[72.4179,34.2217],[72.424,34.2063],[72.4147,34.1866],[72.4717,34.1826],[72.4866,34.1683],[72.51,34.1676],[72.5397,34.15],[72.5476,34.1724],[72.5703,34.1697],[72.5881,34.1877],[72.5683,34.2187],[72.6287,34.2692],[72.6827,34.3005],[72.7323,34.3069],[72.7488,34.2935],[72.7877,34.2979],[72.7879,34.3191],[72.7977,34.3284],[72.7819,34.3346],[72.786,34.3487],[72.7659,34.365],[72.7417,34.3547],[72.7535,34.4149],[72.7128,34.4462],[72.7207,34.4608],[72.743,34.458],[72.7721,34.4756],[72.7287,34.5201],[72.7296,34.5658],[72.6963,34.623],[72.7002,34.6416],[72.7235,34.6646],[72.7196,34.6721],[72.6833,34.6797],[72.6519,34.6683],[72.6477,34.6478],[72.5773,34.6336],[72.5565,34.6654],[72.5369,34.67],[72.5308,34.7054]]]}},{"type":"Feature","properties":{"adm2_pcode":"PK506","adm2_name":"Charsadda","adm1_pcode":"PK5","adm1_name":"Khyber Pakhtunkhwa","area_sqkm":999.13569191},"geometry":{"type":"Polygon","coordinates":[[[71.7575,34.4529],[71.7062,34.4466],[71.659,34.4168],[71.6581,34.3906],[71.6255,34.3779],[71.6252,34.3535],[71.5925,34.3671],[71.5626,34.3437],[71.5604,34.3283],[71.5334,34.3087],[71.5384,34.2631],[71.515,34.2416],[71.4908,34.2488],[71.4988,34.2289],[71.4853,34.204],[71.5013,34.1808],[71.5744,34.1751],[71.6014,34.1531],[71.6489,34.1439],[71.6823,34.1092],[71.7076,34.1042],[71.7248,34.0896],[71.7302,34.0963],[71.7769,34.0895],[71.8166,34.0747],[71.8271,34.0416],[71.8475,34.0388],[71.8964,34.1266],[71.9437,34.1408],[71.9303,34.1452],[71.8921,34.2396],[71.8789,34.2399],[71.8822,34.2566],[71.8418,34.2644],[71.8229,34.2927],[71.8253,34.3347],[71.8422,34.346],[71.8324,34.3644],[71.799,34.4055],[71.7687,34.4134],[71.7575,34.4529]]]}},{"type":"Feature","properties":{"adm2_pcode":"PK507","adm2_name":"Chitral Lower","adm1_pcode":"PK5","adm1_name":"Khyber Pakhtunkhwa","area_sqkm":6077.26981283},"geometry":{"type":"Polygon","coordinates":[[[71.8074,36.3896],[71.8122,36.3971],[71.7245,36.4484],[71.6562,36.4782],[71.636,36.4721],[71.6139,36.4091],[71.5561,36.3691],[71.5722,36.3471],[71.5687,36.3295],[71.5242,36.3209],[71.5206,36.2997],[71.4852,36.296],[71.4416,36.2695],[71.4191,36.2279],[71.3591,36.1987],[71.3474,36.1726],[71.2454,36.1228],[71.2424,36.0927],[71.2081,36.071],[71.199,36.0492],[71.2014,36.0358],[71.2536,35.9971],[71.2849,35.9895],[71.3193,35.9649],[71.3767,35.9561],[71.3807,35.9017],[71.4297,35.8818],[71.4899,35.8035],[71.4854,35.7539],[71.5467,35.7202],[71.5388,35.6883],[71.5096,35.6583],[71.4995,35.6264],[71.5263,35.6049],[71.6122,35.5732],[71.5934,35.4975],[71.6507,35.445],[71.6411,35.4205],[71.6234,35.4094],[71.5558,35.3129],[71.5535,35.2963],[71.57,35.2744],[71.6354,35.227],[71.6733,35.2154],[71.719,35.2292],[71.7343,35.2517],[71.7499,35.2485],[71.7565,35.2895],[71.7806,35.3061],[71.7809,35.3329],[71.8096,35.3629],[71.8608,35.3547],[71.8773,35.4098],[71.8903,35.4169],[71.8751,35.4351],[71.8796,35.4506],[71.8879,35.4616],[71.919,35.4648],[71.9327,35.4758],[71.9166,35.4842],[71.9129,35.4974],[71.918,35.5424],[71.9714,35.6053],[72.0406,35.6463],[72.0678,35.6392],[72.0986,35.6599],[72.1107,35.6856],[72.0954,35.7056],[72.0819,35.7024],[72.0882,35.7199],[72.1024,35.7307],[72.1231,35.7857],[72.1527,35.7831],[72.1485,35.7928],[72.1626,35.8044],[72.1642,35.8379],[72.1908,35.8397],[72.1993,35.866],[72.2329,35.901],[72.2533,35.9085],[72.2324,35.9545],[72.2381,35.9772],[72.2862,36.0153],[72.2851,36.0408],[72.2995,36.0439],[72.2946,36.0678],[72.2673,36.0915],[72.2539,36.1184],[72.2273,36.1018],[72.211,36.0768],[72.163,36.0593],[72.1519,36.0687],[72.1488,36.0971],[72.1148,36.1122],[72.0852,36.1103],[72.0644,36.1257],[72.0488,36.0888],[72.0243,36.0737],[71.9846,36.0985],[71.9843,36.1129],[71.9125,36.1177],[71.8806,36.1548],[71.885,36.1671],[71.8547,36.192],[71.8367,36.2362],[71.839,36.2558],[71.8081,36.2548],[71.7679,36.2981],[71.7707,36.324],[71.7518,36.3434],[71.771,36.3617],[71.748,36.3892],[71.8074,36.3896]]]}},{"type":"Feature","properties":{"adm2_pcode":"PK508","adm2_name":"Chitral Upper","adm1_pcode":"PK5","adm1_name":"Khyber Pakhtunkhwa","area_sqkm":8615.41708009},"geometry":{"type":"Polygon","coordinates":[[[73.6964,36.8469],[73.6395,36.9033],[73.5976,36.9076],[73.5278,36.8856],[73.5064,36.8945],[73.4031,36.8991],[73.3066,36.8732],[73.2619,36.8903],[73.1894,36.8832],[73.1441,36.8941],[73.0717,36.889],[73.0268,36.8607],[72.9534,36.8721],[72.9241,36.846],[72.8826,36.8411],[72.6316,36.8484],[72.5454,36.8229],[72.4952,36.7776],[72.4112,36.7767],[72.3901,36.7618],[72.3368,36.7592],[72.3026,36.745],[72.2414,36.7535],[72.1969,36.6936],[72.2145,36.6642],[72.1916,36.6547],[72.1656,36.6596],[72.1029,36.6485],[72.0973,36.6328],[72.1062,36.6057],[72.0968,36.5973],[72.0592,36.5956],[72.0129,36.5677],[71.9353,36.5609],[71.9091,36.5053],[71.8321,36.5055],[71.8219,36.4864],[71.8186,36.4421],[71.8617,36.4294],[71.865,36.415],[71.8437,36.3947],[71.748,36.3892],[71.771,36.3617],[71.7518,36.3434],[71.7707,36.324],[71.7679,36.2981],[71.7853,36.2705],[71.8108,36.2537],[71.839,36.2558],[71.8367,36.2362],[71.8547,36.192],[71.885,36.1671],[71.8806,36.1548],[71.9125,36.1177],[71.9843,36.1129],[71.9846,36.0985],[72.0243,36.0737],[72.0488,36.0888],[72.0644,36.1257],[72.0852,36.1103],[72.1148,36.1122],[72.1488,36.0971],[72.1519,36.0687],[72.163,36.0593],[72.211,36.0768],[72.2273,36.1018],[72.2539,36.1184],[72.2673,36.0915],[72.2946,36.0678],[72.2995,36.0439],[72.2851,36.0408],[72.2862,36.0153],[72.2381,35.9772],[72.2324,35.9545],[72.2533,35.9085],[72.2329,35.901],[72.1993,35.866],[72.1908,35.8397],[72.1642,35.8379],[72.1626,35.8044],[72.149,35.7907],[72.1697,35.7809],[72.1894,35.7512],[72.2174,35.7743],[72.2397,35.7643],[72.2542,35.7728],[72.2921,35.7653],[72.3072,35.7799],[72.3158,35.7571],[72.3342,35.7663],[72.3617,35.7601],[72.4072,35.7936],[72.4201,35.8303],[72.4537,35.8316],[72.4637,35.847],[72.4886,35.8548],[72.5646,36.0],[72.5639,36.0258],[72.5266,36.0647],[72.5186,36.0906],[72.5439,36.1447],[72.5394,36.1972],[72.5528,36.2314],[72.5964,36.2644],[72.6769,36.2644],[72.7091,36.3033],[72.8508,36.3757],[72.8752,36.4529],[72.9116,36.4682],[72.9597,36.4712],[72.9641,36.4984],[73.0355,36.5375],[73.073,36.6053],[73.048,36.6666],[73.06,36.6908],[73.1058,36.6966],[73.1572,36.723],[73.2477,36.7113],[73.3555,36.7463],[73.4072,36.7515],[73.483,36.7265],[73.563,36.729],[73.5861,36.7074],[73.6602,36.7027],[73.7069,36.7207],[73.7366,36.7132],[73.7814,36.721],[73.8308,36.7055],[73.8547,36.7138],[73.863,36.7483],[73.8403,36.7913],[73.7975,36.8033],[73.7808,36.8288],[73.6964,36.8469]]]}},{"type":"Feature","properties":{"adm2_pcode":"PK509","adm2_name":"D. I. Khan","adm1_pcode":"PK5","adm1_name":"Khyber Pakhtunkhwa","area_sqkm":9028.55237085},"geometry":{"type":"Polygon","coordinates":[[[71.3384,32.5021],[71.3235,32.534],[71.2988,32.5322],[71.3,32.5167],[71.2766,32.5134],[71.2654,32.4903],[71.232,32.512],[71.179,32.446],[71.1418,32.4614],[71.082,32.4042],[71.0402,32.3836],[70.9858,32.374],[70.9612,32.3566],[70.8489,32.325],[70.8166,32.2988],[70.7674,32.3016],[70.753,32.2851],[70.705,32.2627],[70.6729,32.2745],[70.6067,32.2405],[70.57,32.1998],[70.5718,32.1369],[70.5319,32.0973],[70.4902,32.107],[70.4762,32.0956],[70.4172,32.0899],[70.3951,32.0759],[70.2683,32.0876],[70.2451,32.1023],[70.239,32.0895],[70.2573,32.0694],[70.2186,32.0262],[70.183,32.0064],[70.188,31.9943],[70.1792,31.9865],[70.1897,31.9769],[70.2206,31.8463],[70.212,31.8154],[70.1864,31.8379],[70.1678,31.8348],[70.1538,31.8492],[70.0963,31.8431],[70.0503,31.8568],[70.0429,31.8751],[70.0192,31.8904],[69.9742,31.9],[69.9565,31.8945],[69.957,31.8709],[69.9389,31.8434],[69.9452,31.7988],[69.9577,31.7814],[69.9466,31.7629],[69.9397,31.5456],[69.9652,31.5164],[70.0181,31.5081],[70.0531,31.3955],[70.0694,31.3877],[70.0974,31.4161],[70.0958,31.4491],[70.1138,31.4467],[70.1247,31.4283],[70.1496,31.4338],[70.2456,31.5085],[70.2608,31.5075],[70.2786,31.3975],[70.2663,31.3266],[70.2718,31.25],[70.2571,31.2281],[70.2702,31.2134],[70.2625,31.2011],[70.2674,31.1888],[70.2875,31.1655],[70.4045,31.1998],[70.4502,31.2941],[70.5248,31.3061],[70.5449,31.3357],[70.5584,31.3402],[70.6077,31.32],[70.6751,31.316],[70.6912,31.3326],[70.7255,31.3377],[70.7404,31.333],[70.745,31.3169],[70.7747,31.3057],[70.7851,31.319],[70.7865,31.3501],[70.8081,31.3586],[70.8139,31.3755],[70.8349,31.3818],[70.827,31.3928],[70.843,31.3987],[70.8425,31.4248],[70.8926,31.4373],[70.8844,31.4485],[70.8974,31.4841],[70.8799,31.4904],[70.8693,31.5125],[70.9022,31.5184],[70.8694,31.5472],[70.8994,31.5879],[70.8833,31.6124],[70.8917,31.6296],[70.8841,31.6432],[70.9077,31.6821],[70.9429,31.6862],[70.9319,31.6966],[70.9386,31.7207],[70.9824,31.7751],[71.0007,31.7799],[71.0355,31.8679],[71.0623,31.883],[71.0721,31.9989],[71.0632,32.03],[71.0884,32.0395],[71.1136,32.108],[71.1024,32.1332],[71.1122,32.1609],[71.1466,32.1602],[71.173,32.1909],[71.1708,32.248],[71.2066,32.2825],[71.2182,32.3074],[71.2858,32.3661],[71.329,32.3644],[71.3391,32.3716],[71.3271,32.4047],[71.3453,32.4165],[71.3345,32.4265],[71.353,32.4985],[71.3384,32.5021]]]}},{"type":"Feature","properties":{"adm2_pcode":"PK510","adm2_name":"Hangu","adm1_pcode":"PK5","adm1_name":"Khyber Pakhtunkhwa","area_sqkm":1372.01617391},"geometry":{"type":"Polygon","coordinates":[[[71.197,33.5964],[71.1738,33.6095],[71.157,33.5977],[71.0665,33.5828],[71.0135,33.5508],[70.9814,33.5455],[70.918,33.5643],[70.898,33.5554],[70.8326,33.5602],[70.8066,33.5784],[70.7498,33.5844],[70.7317,33.5251],[70.7406,33.4828],[70.7035,33.4915],[70.6771,33.471],[70.6262,33.4754],[70.5916,33.4272],[70.5012,33.4161],[70.4999,33.3867],[70.544,33.3582],[70.5376,33.3346],[70.557,33.3297],[70.5573,33.3128],[70.5789,33.2872],[70.6299,33.2731],[70.6269,33.2602],[70.692,33.2544],[70.6774,33.244],[70.7039,33.2198],[70.7504,33.2172],[70.7684,33.2794],[70.7695,33.303],[70.758,33.3132],[70.7683,33.3366],[70.8834,33.3084],[70.8806,33.3223],[70.8931,33.3223],[70.9049,33.3543],[70.9979,33.3671],[71.0487,33.3638],[71.0573,33.3765],[71.0437,33.3896],[71.0717,33.4057],[71.1043,33.4054],[71.1182,33.4267],[71.1102,33.4388],[71.1196,33.4559],[71.0947,33.4717],[71.1338,33.478],[71.1497,33.5086],[71.2151,33.5067],[71.2097,33.5213],[71.1901,33.5283],[71.1906,33.5498],[71.2097,33.5514],[71.2298,33.5866],[71.1893,33.5886],[71.197,33.5964]]]}},{"type":"Feature","properties":{"adm2_pcode":"PK511","adm2_name":"Haripur","adm1_pcode":"PK5","adm1_name":"Khyber Pakhtunkhwa","area_sqkm":1953.89967495},"geometry":{"type":"Polygon","coordinates":[[[72.8207,34.3661],[72.7925,34.3585],[72.7797,34.3416],[72.7977,34.3284],[72.7879,34.3191],[72.7877,34.2979],[72.7488,34.2935],[72.7717,34.2487],[72.7557,34.2024],[72.7662,34.1813],[72.7528,34.1666],[72.7425,34.1049],[72.7015,34.0889],[72.6377,34.0175],[72.5845,33.9936],[72.5488,33.9933],[72.5538,33.9555],[72.6069,33.9528],[72.6529,33.9307],[72.628,33.9154],[72.606,33.8771],[72.6338,33.8802],[72.6441,33.8575],[72.6933,33.8716],[72.7089,33.8823],[72.7051,33.9057],[72.7345,33.9063],[72.7239,33.9197],[72.7623,33.9537],[72.7838,33.9398],[72.789,33.9202],[72.7701,33.9153],[72.7942,33.8871],[72.8327,33.8873],[72.8361,33.8453],[72.818,33.8445],[72.8226,33.8276],[72.8469,33.8335],[72.8508,33.8246],[72.8718,33.8259],[72.8554,33.7971],[72.8417,33.8028],[72.8302,33.7909],[72.8217,33.7783],[72.8294,33.7633],[72.8887,33.7664],[72.8807,33.7575],[72.8887,33.7513],[72.9239,33.7456],[72.9164,33.7294],[72.9567,33.7311],[72.9915,33.7575],[73.012,33.7581],[73.0155,33.7747],[73.0419,33.7844],[73.0586,33.782],[73.0815,33.7935],[73.0947,33.7839],[73.1179,33.7864],[73.1526,33.811],[73.1685,33.8045],[73.2093,33.8161],[73.2029,33.8234],[73.215,33.8323],[73.2117,33.8523],[73.1953,33.8498],[73.1901,33.865],[73.2142,33.8799],[73.2136,33.8898],[73.1828,33.892],[73.1847,33.9015],[73.201,33.9069],[73.2027,33.9201],[73.1921,33.9111],[73.1665,33.9173],[73.1539,33.9018],[73.1209,33.8926],[73.0945,33.8949],[73.1092,33.9222],[73.0905,33.9339],[73.1302,33.9522],[73.1464,34.0005],[73.1254,34.0258],[73.087,34.0241],[73.0722,34.0324],[73.096,34.0692],[73.0924,34.0914],[73.06,34.1193],[73.0248,34.1258],[73.0398,34.1525],[73.0189,34.1721],[72.9748,34.1778],[72.9726,34.1858],[72.994,34.1971],[72.9751,34.2283],[72.9127,34.2489],[72.8857,34.2732],[72.885,34.2865],[72.8545,34.2941],[72.8554,34.3298],[72.8207,34.3661]]]}},{"type":"Feature","properties":{"adm2_pcode":"PK512","adm2_name":"Karak","adm1_pcode":"PK5","adm1_name":"Khyber Pakhtunkhwa","area_sqkm":2648.38621723},"geometry":{"type":"Polygon","coordinates":[[[71.0675,33.3893],[71.0437,33.3896],[71.0573,33.3765],[71.041,33.362],[70.9979,33.3671],[70.9049,33.3543],[70.8931,33.3223],[70.8806,33.3223],[70.8834,33.3084],[70.7683,33.3366],[70.758,33.3132],[70.7695,33.303],[70.7684,33.2794],[70.7504,33.2172],[70.8319,33.2065],[70.8783,33.182],[70.8665,33.1624],[70.8319,33.1466],[70.8219,33.1194],[70.7984,33.1157],[70.7918,33.0999],[70.8034,33.0903],[70.7969,33.0827],[70.8119,33.0518],[70.8412,33.0266],[70.9155,33.0138],[70.9206,32.9805],[70.9647,32.9083],[70.9549,32.8712],[70.969,32.8418],[71.0,32.8136],[71.1256,32.8065],[71.1337,32.811],[71.1432,32.871],[71.1439,32.9256],[71.1689,32.9634],[71.2196,32.9811],[71.2377,32.997],[71.3182,33.0167],[71.3175,33.0023],[71.3406,32.9916],[71.4055,33.0104],[71.4322,33.004],[71.4563,33.0188],[71.4761,33.0481],[71.4597,33.0699],[71.4443,33.067],[71.4279,33.0828],[71.424,33.095],[71.4523,33.1302],[71.4331,33.1588],[71.436,33.181],[71.407,33.1938],[71.416,33.2255],[71.4511,33.2486],[71.4482,33.2985],[71.4172,33.2857],[71.3847,33.29],[71.3833,33.3113],[71.3192,33.3105],[71.3168,33.3501],[71.2774,33.3594],[71.2246,33.3548],[71.2202,33.3685],[71.2032,33.3715],[71.0994,33.3688],[71.0656,33.3807],[71.0675,33.3893]]]}},{"type":"Feature","properties":{"adm2_pcode":"PK513","adm2_name":"Khyber","adm1_pcode":"PK5","adm1_name":"Khyber Pakhtunkhwa","area_sqkm":2747.42682026},"geometry":{"type":"Polygon","coordinates":[[[71.1783,34.3397],[71.1221,34.2672],[71.1353,34.2253],[71.1244,34.2038],[71.1261,34.1624],[71.0728,34.1057],[71.0763,34.0625],[71.0654,34.0519],[71.0342,34.0505],[70.9987,34.0288],[70.9179,34.0098],[70.8849,33.9768],[70.8241,33.9818],[70.7679,33.9549],[70.7011,33.961],[70.6513,33.9544],[70.5939,33.9643],[70.5391,33.9458],[70.525,33.9523],[70.4677,33.9433],[70.4444,33.952],[70.4471,33.9021],[70.4991,33.8844],[70.4997,33.8495],[70.5257,33.8529],[70.525,33.8416],[70.5416,33.8334],[70.5702,33.8425],[70.5717,33.8123],[70.583,33.8051],[70.5762,33.7883],[70.5853,33.7788],[70.6088,33.7755],[70.6029,33.7864],[70.6149,33.7977],[70.6399,33.798],[70.6626,33.7674],[70.6586,33.7612],[70.6983,33.7392],[70.7245,33.7533],[70.8289,33.7712],[70.8445,33.783],[70.8884,33.7716],[70.9691,33.7883],[70.9846,33.7959],[70.9719,33.8379],[71.0307,33.8445],[71.0866,33.8446],[71.1111,33.8294],[71.1278,33.8305],[71.1481,33.8119],[71.2087,33.8359],[71.2288,33.8221],[71.2547,33.8197],[71.2702,33.7962],[71.3288,33.7541],[71.3415,33.7663],[71.4182,33.7487],[71.503,33.7512],[71.5189,33.8082],[71.4349,33.8715],[71.4477,33.915],[71.4119,33.9606],[71.4055,33.9968],[71.3803,33.9995],[71.3895,34.038],[71.3697,34.087],[71.382,34.0977],[71.3821,34.1179],[71.4122,34.1446],[71.4123,34.1659],[71.3486,34.1629],[71.3182,34.1716],[71.3179,34.1614],[71.308,34.1632],[71.307,34.1922],[71.2881,34.1987],[71.3015,34.2139],[71.3137,34.2697],[71.2411,34.329],[71.1783,34.3397]]]}},{"type":"Feature","properties":{"adm2_pcode":"PK514","adm2_name":"Kohat","adm1_pcode":"PK5","adm1_name":"Khyber Pakhtunkhwa","area_sqkm":3438.4986077},"geometry":{"type":"Polygon","coordinates":[[[71.3541,33.7642],[71.3527,33.7277],[71.3848,33.7164],[71.3803,33.6972],[71.412,33.6777],[71.4017,33.6669],[71.4067,33.6513],[71.361,33.6487],[71.3616,33.632],[71.3503,33.6226],[71.2637,33.6623],[71.2246,33.6924],[71.2122,33.7222],[71.1813,33.7347],[71.1653,33.7298],[71.1416,33.746],[71.1239,33.7387],[71.1386,33.7052],[71.1343,33.6803],[71.1786,33.6439],[71.1337,33.6532],[71.0833,33.6181],[71.11,33.6032],[71.1326,33.6037],[71.133,33.5964],[71.1581,33.5979],[71.1747,33.6094],[71.197,33.5964],[71.1893,33.5886],[71.2295,33.5869],[71.2283,33.5772],[71.2097,33.5514],[71.1906,33.5498],[71.1901,33.5283],[71.2097,33.5213],[71.2151,33.5067],[71.1497,33.5086],[71.1338,33.478],[71.0947,33.4717],[71.1196,33.4559],[71.1102,33.4388],[71.1182,33.4267],[71.1035,33.405],[71.062,33.4012],[71.0656,33.3807],[71.1074,33.368],[71.2171,33.3703],[71.2246,33.3548],[71.2774,33.3594],[71.3168,33.3501],[71.3202,33.3098],[71.3833,33.3113],[71.3887,33.2985],[71.3804,33.2933],[71.4095,33.2848],[71.4482,33.2985],[71.4511,33.2486],[71.4428,33.2272],[71.4494,33.221],[71.4919,33.2159],[71.5,33.1996],[71.5178,33.1971],[71.5247,33.2021],[71.5161,33.2172],[71.556,33.2273],[71.6025,33.1842],[71.603,33.1333],[71.6338,33.0881],[71.6582,33.0735],[71.7185,33.0598],[71.7139,33.112],[71.7479,33.1441],[71.7614,33.1855],[71.752,33.2107],[71.7085,33.2554],[71.7051,33.2849],[71.7304,33.3159],[71.7272,33.334],[71.7153,33.3408],[71.7356,33.3655],[71.8153,33.4021],[71.8324,33.4091],[71.8572,33.4045],[71.8701,33.4165],[71.8694,33.45],[71.9535,33.514],[71.9671,33.5366],[71.952,33.5705],[71.9784,33.5868],[71.9812,33.6594],[71.9976,33.6768],[72.008,33.7196],[71.9407,33.7335],[71.8876,33.703],[71.8753,33.7094],[71.8591,33.6937],[71.8119,33.6985],[71.7793,33.6801],[71.7451,33.6918],[71.737,33.6858],[71.742,33.6709],[71.6899,33.6572],[71.6802,33.6803],[71.7036,33.6987],[71.7021,33.7088],[71.5843,33.6791],[71.5682,33.6966],[71.5475,33.7016],[71.5436,33.7279],[71.503,33.7512],[71.4182,33.7487],[71.3541,33.7642]]]}},{"type":"Feature","properties":{"adm2_pcode":"PK515","adm2_name":"Kohistan Lower","adm1_pcode":"PK5","adm1_name":"Khyber Pakhtunkhwa","area_sqkm":823.48391275},"geometry":{"type":"Polygon","coordinates":[[[73.0343,35.3061],[73.0073,35.3249],[72.9794,35.3272],[72.9381,35.3113],[72.9377,35.299],[72.9103,35.2788],[72.8867,35.2431],[72.8388,35.2516],[72.806,35.245],[72.7605,35.2662],[72.724,35.2596],[72.7246,35.2399],[72.7008,35.2279],[72.7047,35.219],[72.6863,35.1798],[72.7228,35.1588],[72.7548,35.1544],[72.7576,35.1354],[72.7757,35.1345],[72.7978,35.1125],[72.7857,35.1002],[72.7909,35.085],[72.7839,35.0808],[72.7908,35.0532],[72.809,35.0353],[72.8101,34.9951],[72.8244,34.9804],[72.8791,34.9826],[72.9059,34.9707],[72.9095,34.9898],[72.8878,35.0244],[72.9052,35.0395],[72.946,35.0407],[72.956,35.0492],[72.9536,35.0638],[72.9834,35.0791],[72.9977,35.1057],[73.0101,35.1052],[73.0207,35.1196],[73.0484,35.1173],[73.0631,35.1352],[73.0953,35.1507],[73.1339,35.2053],[73.1786,35.2386],[73.1523,35.2346],[73.1234,35.2511],[73.0611,35.2577],[73.0434,35.2786],[73.0514,35.3065],[73.0343,35.3061]]]}},{"type":"Feature","properties":{"adm2_pcode":"PK516","adm2_name":"Kohistan Upper","adm1_pcode":"PK5","adm1_name":"Khyber Pakhtunkhwa","area_sqkm":5484.72716458},"geometry":{"type":"Polygon","coordinates":[[[73.125,35.8351],[73.1064,35.8533],[73.0747,35.8644],[72.9764,35.8339],[72.8111,35.8572],[72.7324,35.8318],[72.7381,35.8139],[72.714,35.808],[72.7031,35.7821],[72.7123,35.7752],[72.7078,35.7626],[72.7446,35.7484],[72.7426,35.7372],[72.7575,35.7281],[72.7637,35.7054],[72.7815,35.6972],[72.78,35.6808],[72.8002,35.6746],[72.8048,35.6355],[72.8208,35.6151],[72.8152,35.5785],[72.7675,35.571],[72.7553,35.5588],[72.7823,35.5378],[72.7522,35.4986],[72.7583,35.4912],[72.7355,35.4746],[72.7602,35.4643],[72.7554,35.4491],[72.721,35.4175],[72.7255,35.4016],[72.7436,35.3889],[72.7864,35.3762],[72.7787,35.3328],[72.7621,35.3013],[72.7605,35.2662],[72.806,35.245],[72.8388,35.2516],[72.8867,35.2431],[72.9103,35.2788],[72.9377,35.299],[72.9381,35.3113],[72.9794,35.3272],[73.0073,35.3249],[73.0332,35.3062],[73.0506,35.3076],[73.0434,35.2786],[73.0584,35.259],[73.1234,35.2511],[73.1523,35.2346],[73.1834,35.2349],[73.1709,35.1895],[73.1977,35.1671],[73.2048,35.1073],[73.2978,35.1087],[73.335,35.0878],[73.3755,35.0889],[73.397,35.0658],[73.4511,35.0943],[73.5006,35.1039],[73.5412,35.0698],[73.6267,35.0271],[73.6298,35.0008],[73.654,34.9803],[73.6776,34.9962],[73.6829,35.0171],[73.7044,35.0179],[73.7108,35.0274],[73.7628,35.015],[73.7802,35.0217],[73.8173,35.0035],[73.844,35.0345],[73.8448,35.0831],[73.8604,35.1022],[73.8933,35.1113],[73.911,35.0982],[73.9377,35.1098],[73.9354,35.1233],[73.9566,35.1403],[73.9491,35.1587],[73.9597,35.1819],[73.9303,35.203],[73.903,35.2114],[73.8497,35.2078],[73.7939,35.2392],[73.77,35.2383],[73.7305,35.2197],[73.7214,35.2294],[73.6989,35.3019],[73.7019,35.3947],[73.715,35.4205],[73.7608,35.4461],[73.8068,35.5041],[73.7803,35.5225],[73.6603,35.5344],[73.5708,35.5553],[73.5347,35.5533],[73.493,35.5686],[73.4144,35.5733],[73.2811,35.6139],[73.1572,35.6903],[73.1261,35.7228],[73.1116,35.76],[73.125,35.8351]]]}},{"type":"Feature","properties":{"adm2_pcode":"PK517","adm2_name":"Kolai Palas Kohistan","adm1_pcode":"PK5","adm1_name":"Khyber Pakhtunkhwa","area_sqkm":1229.71554569},"geometry":{"type":"Polygon","coordinates":[[[73.2028,35.1156],[73.1977,35.1671],[73.1709,35.1895],[73.1872,35.2282],[73.1786,35.2386],[73.1339,35.2053],[73.0953,35.1507],[73.0631,35.1352],[73.0484,35.1173],[73.0207,35.1196],[73.0101,35.1052],[72.9977,35.1057],[72.9834,35.0791],[72.9536,35.0638],[72.956,35.0492],[72.946,35.0407],[72.9052,35.0395],[72.8878,35.0244],[72.9096,34.9871],[72.9004,34.9587],[72.8823,34.9472],[72.8781,34.9185],[72.8898,34.9143],[72.9219,34.9385],[72.9795,34.9565],[73.0498,34.9676],[73.1216,34.9254],[73.1802,34.9283],[73.1987,34.94],[73.2154,34.9386],[73.2245,34.9167],[73.2485,34.9247],[73.2647,34.9182],[73.3791,34.9284],[73.4026,34.9259],[73.4381,34.902],[73.4793,34.9035],[73.4896,34.8961],[73.5054,34.9169],[73.5404,34.9274],[73.564,34.981],[73.5788,34.9808],[73.5857,34.9965],[73.6325,35.0069],[73.6267,35.0271],[73.5412,35.0698],[73.5006,35.1039],[73.4511,35.0943],[73.3935,35.066],[73.3755,35.0889],[73.335,35.0878],[73.2978,35.1087],[73.2147,35.1028],[73.2028,35.1156]]]}},{"type":"Feature","properties":{"adm2_pcode":"PK518","adm2_name":"Kurram","adm1_pcode":"PK5","adm1_name":"Khyber Pakhtunkhwa","area_sqkm":3398.38065188},"geometry":{"type":"Polygon","coordinates":[[[70.0965,34.0093],[70.012,34.0486],[69.9135,34.0379],[69.8975,34.0277],[69.9007,33.9847],[69.8767,33.9683],[69.8612,33.9399],[69.9039,33.8903],[69.926,33.8402],[69.9557,33.8167],[69.9698,33.7626],[69.9918,33.7404],[70.0921,33.7166],[70.1168,33.7222],[70.137,33.7151],[70.1501,33.6953],[70.1493,33.6535],[70.197,33.6336],[70.1736,33.5251],[70.2148,33.4796],[70.2401,33.4734],[70.2585,33.433],[70.2978,33.4262],[70.3154,33.3956],[70.3117,33.3743],[70.3242,33.3329],[70.3817,33.3529],[70.4167,33.3424],[70.4329,33.3538],[70.4487,33.3524],[70.4642,33.333],[70.5376,33.3461],[70.544,33.3582],[70.4999,33.3867],[70.5012,33.4161],[70.5916,33.4272],[70.6283,33.4762],[70.6771,33.471],[70.7035,33.4915],[70.7419,33.484],[70.7317,33.5251],[70.7506,33.5846],[70.7336,33.5942],[70.7536,33.6236],[70.7504,33.646],[70.7014,33.6472],[70.6205,33.6831],[70.6181,33.7145],[70.5946,33.725],[70.5852,33.74],[70.6091,33.775],[70.577,33.7866],[70.583,33.8051],[70.5717,33.8123],[70.5706,33.8421],[70.5416,33.8334],[70.525,33.8416],[70.5257,33.8529],[70.4961,33.8525],[70.4991,33.8844],[70.4468,33.9026],[70.4444,33.952],[70.4037,33.9629],[70.3263,33.9632],[70.2791,33.9803],[70.2388,33.9731],[70.1543,34.0083],[70.0965,34.0093]]]}},{"type":"Feature","properties":{"adm2_pcode":"PK519","adm2_name":"Lakki Marwat","adm1_pcode":"PK5","adm1_name":"Khyber Pakhtunkhwa","area_sqkm":3339.82422522},"geometry":{"type":"Polygon","coordinates":[[[70.8751,32.8768],[70.8553,32.874],[70.8308,32.8492],[70.7896,32.8736],[70.7795,32.8682],[70.7948,32.8507],[70.7836,32.8584],[70.7657,32.8451],[70.793,32.8167],[70.7536,32.8088],[70.7314,32.793],[70.7024,32.8096],[70.6995,32.8369],[70.6854,32.8425],[70.6634,32.8281],[70.6345,32.8309],[70.611,32.8154],[70.6145,32.8302],[70.562,32.8441],[70.5612,32.8111],[70.5355,32.8064],[70.5248,32.7629],[70.4996,32.7735],[70.4724,32.7522],[70.3915,32.7256],[70.3724,32.7068],[70.3461,32.7055],[70.2839,32.6393],[70.3249,32.5822],[70.3582,32.5746],[70.4123,32.5803],[70.4832,32.6039],[70.5488,32.5745],[70.5481,32.5614],[70.5964,32.5045],[70.6157,32.4645],[70.5974,32.435],[70.657,32.3918],[70.6745,32.3886],[70.6818,32.3965],[70.7066,32.3761],[70.6985,32.3616],[70.7115,32.3496],[70.6692,32.3222],[70.6618,32.2787],[70.6757,32.2707],[70.705,32.2627],[70.753,32.2851],[70.7674,32.3016],[70.8166,32.2988],[70.8489,32.325],[70.9612,32.3566],[70.9858,32.374],[71.0402,32.3836],[71.082,32.4042],[71.1418,32.4614],[71.1769,32.4448],[71.2489,32.5414],[71.1627,32.6011],[71.1676,32.6188],[71.1577,32.6519],[71.1478,32.6545],[71.1572,32.6751],[71.141,32.6797],[71.134,32.6948],[71.144,32.7224],[71.1217,32.7522],[71.1096,32.8111],[71.0389,32.806],[71.0292,32.8175],[70.9954,32.8151],[70.9549,32.8712],[70.8878,32.8447],[70.8751,32.8768]]]}},{"type":"Feature","properties":{"adm2_pcode":"PK520","adm2_name":"Lower Dir","adm1_pcode":"PK5","adm1_name":"Khyber Pakhtunkhwa","area_sqkm":1604.74402536},"geometry":{"type":"Polygon","coordinates":[[[71.8256,35.0696],[71.795,35.0556],[71.75,35.0503],[71.7257,35.0274],[71.6363,35.0262],[71.6212,35.0381],[71.5546,35.0295],[71.5521,35.0191],[71.5176,35.0042],[71.5103,34.985],[71.5561,34.9462],[71.5862,34.9055],[71.615,34.8205],[71.732,34.7994],[71.7625,34.7868],[71.7809,34.7661],[71.7929,34.7706],[71.8037,34.762],[71.7963,34.7522],[71.7818,34.7577],[71.7706,34.7349],[71.7569,34.7347],[71.769,34.6954],[71.7601,34.656],[71.8346,34.6134],[71.8824,34.6244],[71.9212,34.6166],[72.0111,34.6215],[72.0106,34.6411],[72.0926,34.6662],[72.0899,34.6754],[72.1107,34.6965],[72.1233,34.7484],[72.1862,34.7877],[72.1928,34.8019],[72.1288,34.8669],[72.0692,34.8335],[72.0153,34.8487],[71.9689,34.8857],[71.9494,34.9179],[71.9176,34.9255],[71.9265,34.9873],[71.908,34.9948],[71.8991,35.0205],[71.8619,35.0547],[71.8256,35.0696]]]}},{"type":"Feature","properties":{"adm2_pcode":"PK521","adm2_name":"Malakand","adm1_pcode":"PK5","adm1_name":"Khyber Pakhtunkhwa","area_sqkm":905.69548855},"geometry":{"type":"Polygon","coordinates":[[[72.0967,34.6648],[72.0106,34.6411],[72.0111,34.6215],[71.9212,34.6166],[71.8858,34.6245],[71.8309,34.614],[71.7601,34.656],[71.7477,34.6457],[71.7263,34.6489],[71.7063,34.626],[71.6789,34.6189],[71.6798,34.6],[71.6669,34.58],[71.6705,34.5613],[71.659,34.5582],[71.652,34.5412],[71.6391,34.54],[71.6578,34.5189],[71.6604,34.468],[71.6741,34.4585],[71.6905,34.4608],[71.7062,34.4466],[71.7546,34.4563],[71.7687,34.4134],[71.799,34.4055],[71.8324,34.3644],[71.831,34.3745],[71.8506,34.3849],[71.8898,34.3908],[71.892,34.4094],[71.9144,34.421],[71.9157,34.4302],[71.9533,34.4393],[71.9658,34.4668],[71.9575,34.4886],[72.0004,34.5277],[72.0182,34.5294],[72.0598,34.4984],[72.0734,34.4976],[72.0811,34.4692],[72.0786,34.4872],[72.132,34.5316],[72.1741,34.528],[72.2029,34.5132],[72.2314,34.5262],[72.2357,34.5366],[72.2166,34.5679],[72.1527,34.5729],[72.1361,34.583],[72.1154,34.6219],[72.1351,34.6642],[72.1028,34.6541],[72.0967,34.6648]]]}},{"type":"Feature","properties":{"adm2_pcode":"PK522","adm2_name":"Mansehra","adm1_pcode":"PK5","adm1_name":"Khyber Pakhtunkhwa","area_sqkm":4032.01335155},"geometry":{"type":"Polygon","coordinates":[[[74.0317,35.1433],[74.0082,35.1695],[73.9597,35.1819],[73.9491,35.1587],[73.9566,35.1403],[73.9354,35.1233],[73.9377,35.1098],[73.911,35.0982],[73.8933,35.1113],[73.8634,35.1041],[73.8464,35.0863],[73.8443,35.0353],[73.8152,35.0026],[73.7802,35.0217],[73.7628,35.015],[73.7136,35.0277],[73.7044,35.0179],[73.6829,35.0171],[73.6625,34.9809],[73.639,34.9862],[73.6298,35.0008],[73.5857,34.9965],[73.5788,34.9808],[73.5625,34.9798],[73.5404,34.9274],[73.4996,34.9104],[73.4896,34.8961],[73.4972,34.869],[73.4411,34.8274],[73.4391,34.8028],[73.3992,34.8027],[73.3855,34.7899],[73.3949,34.776],[73.3615,34.7501],[73.3628,34.7009],[73.3279,34.6591],[73.3115,34.6646],[73.2826,34.7078],[73.2516,34.7114],[73.2199,34.7393],[73.1949,34.7106],[73.195,34.6934],[73.1359,34.6628],[73.1336,34.6494],[73.1106,34.6437],[73.1024,34.5867],[73.0888,34.5669],[73.0506,34.5564],[73.0347,34.5626],[73.0237,34.5886],[72.9999,34.5895],[72.9895,34.5751],[72.9658,34.5803],[72.9391,34.565],[72.9414,34.5446],[72.8925,34.5007],[72.8976,34.484],[72.8867,34.4658],[72.8682,34.4485],[72.8466,34.4536],[72.8328,34.4317],[72.8168,34.4266],[72.8205,34.3666],[72.8554,34.3298],[72.8534,34.2955],[72.885,34.2865],[72.8857,34.2732],[72.9127,34.2489],[72.9728,34.2297],[72.991,34.21],[73.0093,34.2313],[73.0044,34.2407],[73.0353,34.2669],[73.0494,34.2658],[73.0491,34.2511],[73.0651,34.2507],[73.0742,34.2261],[73.1398,34.2512],[73.16,34.2372],[73.1785,34.2436],[73.1878,34.2248],[73.212,34.2851],[73.2299,34.2863],[73.2537,34.27],[73.2736,34.2891],[73.273,34.3053],[73.2963,34.3042],[73.3276,34.3207],[73.3464,34.3413],[73.3401,34.3448],[73.3513,34.3664],[73.3982,34.3741],[73.4483,34.563],[73.5817,34.5878],[73.625,34.5639],[73.6411,34.5669],[73.6744,34.6458],[73.6636,34.6944],[73.698,34.7178],[73.7205,34.7672],[73.7397,34.7872],[73.7603,34.7994],[73.7994,34.8036],[73.8339,34.8269],[73.9078,34.8267],[73.9864,34.8705],[74.0103,34.9133],[74.0516,34.9556],[74.0558,34.9961],[74.0895,35.0241],[74.0622,35.0605],[74.0658,35.09],[74.0933,35.1131],[74.1274,35.1248],[74.0803,35.1511],[74.0317,35.1433]]]}},{"type":"Feature","properties":{"adm2_pcode":"PK523","adm2_name":"Mardan","adm1_pcode":"PK5","adm1_name":"Khyber Pakhtunkhwa","area_sqkm":1636.40851631},"geometry":{"type":"Polygon","coordinates":[[[72.1741,34.528],[72.132,34.5316],[72.1132,34.5224],[72.0786,34.4872],[72.083,34.4843],[72.0811,34.4692],[72.0734,34.4976],[72.0598,34.4984],[72.0182,34.5294],[72.0004,34.5277],[71.9575,34.4886],[71.9658,34.4668],[71.9533,34.4393],[71.9157,34.4302],[71.9144,34.421],[71.892,34.4094],[71.8898,34.3908],[71.8302,34.3734],[71.8422,34.346],[71.828,34.342],[71.8226,34.2956],[71.8402,34.2658],[71.8822,34.2566],[71.8789,34.2399],[71.8921,34.2396],[71.9303,34.1452],[72.0198,34.131],[72.0281,34.101],[72.0422,34.0984],[72.0361,34.0792],[72.0991,34.0839],[72.1461,34.0756],[72.1515,34.0916],[72.1999,34.0909],[72.2029,34.1611],[72.212,34.1759],[72.2056,34.2056],[72.2198,34.213],[72.2285,34.2423],[72.2693,34.2587],[72.3269,34.247],[72.3322,34.2588],[72.3168,34.2801],[72.3379,34.3018],[72.3362,34.3278],[72.3521,34.3402],[72.3785,34.3403],[72.4319,34.3806],[72.4234,34.4069],[72.396,34.4097],[72.3717,34.434],[72.3237,34.4408],[72.2762,34.4282],[72.2379,34.4452],[72.2212,34.4623],[72.2243,34.4925],[72.2022,34.5031],[72.2027,34.5136],[72.1741,34.528]]]}},{"type":"Feature","properties":{"adm2_pcode":"PK524","adm2_name":"Mohmand","adm1_pcode":"PK5","adm1_name":"Khyber Pakhtunkhwa","area_sqkm":2261.95277866},"geometry":{"type":"Polygon","coordinates":[[[71.1891,34.7103],[71.1728,34.731],[71.1367,34.7095],[71.1145,34.7105],[71.0957,34.6755],[71.1106,34.63],[71.0871,34.5905],[71.0037,34.5667],[70.9928,34.5276],[71.0068,34.4611],[71.0536,34.4275],[71.076,34.3958],[71.1695,34.3636],[71.169,34.3352],[71.2404,34.3293],[71.3,34.2838],[71.3156,34.2614],[71.3015,34.2139],[71.2881,34.1987],[71.307,34.1922],[71.308,34.1632],[71.3179,34.1614],[71.3182,34.1716],[71.3486,34.1629],[71.4123,34.1659],[71.4341,34.1904],[71.4674,34.2071],[71.4696,34.2196],[71.4988,34.2289],[71.4908,34.2488],[71.515,34.2416],[71.5367,34.2606],[71.5334,34.3087],[71.5604,34.3283],[71.5626,34.3437],[71.5925,34.3671],[71.6252,34.3535],[71.6255,34.3779],[71.6581,34.3906],[71.659,34.4168],[71.7076,34.4459],[71.6905,34.4608],[71.6741,34.4585],[71.6604,34.468],[71.6578,34.5189],[71.6418,34.5363],[71.6271,34.536],[71.6214,34.5169],[71.6079,34.5203],[71.5823,34.5073],[71.5433,34.5443],[71.5281,34.6273],[71.5608,34.6534],[71.5506,34.6729],[71.5237,34.6781],[71.4804,34.6589],[71.4399,34.6765],[71.3562,34.6468],[71.3238,34.6576],[71.2879,34.6516],[71.2692,34.6552],[71.2734,34.6759],[71.229,34.7234],[71.2084,34.705],[71.1891,34.7103]]]}},{"type":"Feature","properties":{"adm2_pcode":"PK525","adm2_name":"North Waziristan","adm1_pcode":"PK5","adm1_name":"Khyber Pakhtunkhwa","area_sqkm":4929.68007597},"geometry":{"type":"Polygon","coordinates":[[[70.4555,33.3496],[70.4092,33.3424],[70.3817,33.3529],[70.3373,33.3407],[70.3355,33.3317],[70.2914,33.3278],[70.2083,33.2504],[70.1681,33.2379],[70.1557,33.2212],[70.1311,33.2135],[70.0673,33.2135],[70.0231,33.1433],[69.9459,33.1287],[69.9167,33.104],[69.8565,33.0963],[69.7865,33.1275],[69.7046,33.0905],[69.5801,33.0976],[69.5071,33.029],[69.4996,33.0025],[69.492,32.9427],[69.5151,32.8863],[69.5346,32.8664],[69.5008,32.8481],[69.4639,32.8471],[69.441,32.8145],[69.3924,32.7742],[69.4028,32.7492],[69.4412,32.7278],[69.437,32.6862],[69.4512,32.6632],[69.4104,32.6063],[69.4604,32.5939],[69.4885,32.563],[69.5244,32.5697],[69.5409,32.5624],[69.582,32.5865],[69.6116,32.5911],[69.6031,32.619],[69.613,32.6282],[69.6034,32.6485],[69.6142,32.6603],[69.641,32.6622],[69.6498,32.6898],[69.7352,32.7171],[69.7563,32.696],[69.8076,32.6965],[69.8414,32.6574],[69.8532,32.6557],[69.8726,32.6598],[69.8831,32.6851],[69.9438,32.6789],[69.948,32.6901],[69.9784,32.7037],[70.0509,32.6685],[70.0653,32.6886],[70.1567,32.7334],[70.1995,32.7194],[70.229,32.7309],[70.2554,32.7208],[70.2703,32.7568],[70.3052,32.7714],[70.3254,32.7918],[70.3569,32.912],[70.4074,32.9696],[70.3906,32.9831],[70.4102,33.0006],[70.4219,33.071],[70.4573,33.1098],[70.4985,33.1249],[70.4891,33.1285],[70.4865,33.1529],[70.519,33.1912],[70.6187,33.2316],[70.6303,33.2706],[70.5698,33.2944],[70.557,33.3297],[70.5376,33.3346],[70.5409,33.3483],[70.4642,33.333],[70.4555,33.3496]]]}},{"type":"Feature","properties":{"adm2_pcode":"PK526","adm2_name":"Nowshera","adm1_pcode":"PK5","adm1_name":"Khyber Pakhtunkhwa","area_sqkm":1725.7120937},"geometry":{"type":"Polygon","coordinates":[[[72.0198,34.131],[71.9437,34.1408],[71.8964,34.1266],[71.8475,34.0388],[71.8303,34.0389],[71.8164,34.0572],[71.8166,34.0747],[71.7864,34.0869],[71.7302,34.0963],[71.6977,34.0856],[71.697,34.0702],[71.7097,34.0541],[71.6974,34.0446],[71.7223,34.0207],[71.7053,34.0064],[71.72,33.9997],[71.7047,33.989],[71.7083,33.9774],[71.7252,33.9705],[71.7788,33.9836],[71.7681,33.8859],[71.779,33.8734],[71.7496,33.8496],[71.7506,33.8194],[71.7937,33.7841],[71.8424,33.7819],[71.8609,33.7498],[71.8148,33.7069],[71.817,33.6937],[71.8591,33.6937],[71.8753,33.7094],[71.8876,33.703],[71.9407,33.7335],[71.9608,33.724],[72.0049,33.7251],[72.0121,33.7138],[72.0366,33.7518],[72.0763,33.7647],[72.0718,33.7827],[72.0791,33.7871],[72.1827,33.7629],[72.2106,33.7662],[72.2122,33.7735],[72.2448,33.763],[72.2343,33.7863],[72.2345,33.9358],[72.2086,33.9797],[72.2343,34.0068],[72.2467,34.0868],[72.2267,34.0805],[72.1732,34.0955],[72.1739,34.0873],[72.1515,34.0916],[72.1461,34.0756],[72.0991,34.0839],[72.0361,34.0792],[72.0422,34.0984],[72.0281,34.101],[72.0198,34.131]]]}},{"type":"Feature","properties":{"adm2_pcode":"PK527","adm2_name":"Orakzai","adm1_pcode":"PK5","adm1_name":"Khyber Pakhtunkhwa","area_sqkm":1369.8914274},"geometry":{"type":"Polygon","coordinates":[[[71.0965,33.8395],[70.9742,33.8389],[70.9846,33.7959],[70.9721,33.7893],[70.8884,33.7716],[70.8445,33.783],[70.8289,33.7712],[70.7245,33.7533],[70.6989,33.7392],[70.6586,33.7612],[70.6626,33.7674],[70.6427,33.7963],[70.6161,33.7981],[70.6031,33.7871],[70.609,33.7744],[70.5852,33.74],[70.5946,33.725],[70.6181,33.7145],[70.6188,33.6852],[70.6317,33.6731],[70.7014,33.6472],[70.7504,33.646],[70.7536,33.6236],[70.7407,33.6139],[70.7366,33.59],[70.8066,33.5784],[70.8326,33.5602],[70.898,33.5554],[70.918,33.5643],[70.9872,33.5461],[71.0135,33.5508],[71.0665,33.5828],[71.1291,33.595],[71.1326,33.6037],[71.11,33.6032],[71.0822,33.6206],[71.1337,33.6532],[71.1786,33.6439],[71.1343,33.6803],[71.1386,33.7052],[71.123,33.737],[71.1416,33.746],[71.1653,33.7298],[71.1813,33.7347],[71.2122,33.7222],[71.2259,33.6909],[71.2637,33.6623],[71.3152,33.6432],[71.3331,33.6248],[71.3579,33.6261],[71.3646,33.6504],[71.4067,33.6513],[71.4017,33.6669],[71.4116,33.6801],[71.3803,33.6972],[71.3843,33.7168],[71.3527,33.7277],[71.3495,33.7641],[71.3284,33.7543],[71.2702,33.7962],[71.2547,33.8197],[71.2288,33.8221],[71.2087,33.8359],[71.1481,33.8119],[71.1278,33.8305],[71.0965,33.8395]]]}},{"type":"Feature","properties":{"adm2_pcode":"PK528","adm2_name":"Peshawar","adm1_pcode":"PK5","adm1_name":"Khyber Pakhtunkhwa","area_sqkm":1539.07126618},"geometry":{"type":"Polygon","coordinates":[[[71.5013,34.1808],[71.4853,34.204],[71.4901,34.2233],[71.4696,34.2196],[71.4674,34.2071],[71.4341,34.1904],[71.4123,34.1659],[71.4122,34.1446],[71.3821,34.1179],[71.382,34.0977],[71.3697,34.087],[71.3895,34.038],[71.3803,33.9995],[71.4055,33.9968],[71.4119,33.9606],[71.4496,33.9102],[71.4372,33.8976],[71.4335,33.8738],[71.5189,33.8082],[71.5034,33.7503],[71.5436,33.7279],[71.5475,33.7016],[71.5682,33.6966],[71.5843,33.6791],[71.6651,33.6974],[71.682,33.7097],[71.7028,33.7085],[71.7036,33.6987],[71.6804,33.6809],[71.6899,33.6572],[71.742,33.6709],[71.737,33.6858],[71.7451,33.6918],[71.7793,33.6801],[71.8132,33.6981],[71.8609,33.7498],[71.8424,33.7819],[71.7937,33.7841],[71.7506,33.8194],[71.7496,33.8496],[71.779,33.8734],[71.7681,33.8859],[71.7788,33.9836],[71.7252,33.9705],[71.7083,33.9774],[71.7047,33.989],[71.72,33.9997],[71.7053,34.0064],[71.7223,34.0207],[71.6974,34.0446],[71.7097,34.0541],[71.6967,34.0789],[71.7012,34.0914],[71.7211,34.0929],[71.6823,34.1092],[71.6489,34.1439],[71.6014,34.1531],[71.5793,34.1731],[71.5013,34.1808]]]}},{"type":"Feature","properties":{"adm2_pcode":"PK529","adm2_name":"Shangla","adm1_pcode":"PK5","adm1_name":"Khyber Pakhtunkhwa","area_sqkm":1384.20588591},"geometry":{"type":"Polygon","coordinates":[[[72.7317,35.1584],[72.6993,35.1428],[72.6993,35.1166],[72.6775,35.0995],[72.6712,35.0784],[72.624,35.0609],[72.6031,35.0143],[72.5773,35.0105],[72.5767,34.987],[72.5998,34.9615],[72.5883,34.9294],[72.5932,34.8732],[72.5807,34.8476],[72.5869,34.8193],[72.5714,34.7673],[72.5768,34.753],[72.5587,34.7432],[72.5285,34.6935],[72.5369,34.67],[72.5565,34.6654],[72.5773,34.6336],[72.6477,34.6478],[72.6519,34.6683],[72.6833,34.6797],[72.7185,34.6729],[72.7235,34.6646],[72.7002,34.6416],[72.6963,34.623],[72.7268,34.5741],[72.7346,34.5462],[72.729,34.5374],[72.7592,34.5337],[72.7783,34.5452],[72.7856,34.5364],[72.8157,34.5628],[72.8146,34.5796],[72.7845,34.6027],[72.7772,34.6197],[72.8016,34.6508],[72.8067,34.6702],[72.7967,34.684],[72.7984,34.7049],[72.8315,34.7682],[72.9017,34.7621],[72.9277,34.7735],[72.9347,34.8042],[72.9721,34.8181],[72.9954,34.8142],[73.0046,34.8344],[72.9976,34.8479],[72.974,34.8508],[72.9528,34.8668],[72.8644,34.8925],[72.8823,34.9472],[72.9055,34.9719],[72.8777,34.9828],[72.8362,34.9766],[72.817,34.9867],[72.809,35.0353],[72.7908,35.0532],[72.7839,35.0808],[72.7909,35.085],[72.7857,35.1002],[72.7978,35.1125],[72.7757,35.1345],[72.7576,35.1354],[72.7548,35.1544],[72.7317,35.1584]]]}},{"type":"Feature","properties":{"adm2_pcode":"PK530","adm2_name":"South Waziristan","adm1_pcode":"PK5","adm1_name":"Khyber Pakhtunkhwa","area_sqkm":6224.4073654},"geometry":{"type":"Polygon","coordinates":[[[70.3857,32.7656],[70.3137,32.7625],[70.2907,32.7345],[70.2599,32.7299],[70.2535,32.72],[70.2333,32.7307],[70.1995,32.7194],[70.1706,32.7343],[70.1463,32.7313],[70.1162,32.7178],[70.1091,32.7034],[70.0653,32.6886],[70.0509,32.6685],[69.9784,32.7037],[69.948,32.6901],[69.9438,32.6789],[69.8831,32.6851],[69.8726,32.6598],[69.8532,32.6557],[69.8414,32.6574],[69.8002,32.7001],[69.7576,32.6957],[69.7352,32.7171],[69.718,32.7138],[69.6506,32.6903],[69.641,32.6622],[69.6142,32.6603],[69.6034,32.6485],[69.613,32.6282],[69.6031,32.619],[69.6101,32.59],[69.582,32.5865],[69.5409,32.5624],[69.5237,32.5697],[69.5028,32.5598],[69.4807,32.5682],[69.4604,32.5939],[69.4104,32.6063],[69.3852,32.5666],[69.2852,32.533],[69.2407,32.4614],[69.2388,32.4443],[69.2808,32.3564],[69.2796,32.2922],[69.27,32.2721],[69.2728,32.151],[69.2895,32.0927],[69.3003,31.9919],[69.312,31.9861],[69.3209,31.9519],[69.3308,31.9602],[69.3468,31.952],[69.372,31.9666],[69.4713,31.9652],[69.5188,31.9761],[69.5488,31.9561],[69.6292,32.0072],[69.6468,32.0462],[69.6795,32.0729],[69.8525,32.1006],[69.8175,32.0367],[69.8,32.0242],[69.8828,31.9782],[69.8533,31.9248],[69.8558,31.8921],[69.899,31.8884],[69.9319,31.9293],[69.9633,31.9368],[69.9565,31.8945],[69.9742,31.9],[70.0192,31.8904],[70.0429,31.8751],[70.0503,31.8568],[70.0963,31.8431],[70.1538,31.8492],[70.1678,31.8348],[70.1864,31.8379],[70.212,31.8154],[70.2206,31.8463],[70.1897,31.9769],[70.1792,31.9865],[70.188,31.9943],[70.183,32.0064],[70.1664,31.999],[70.1244,32.0244],[70.1032,32.1004],[70.1057,32.1231],[70.0977,32.1391],[70.0743,32.1481],[70.067,32.1768],[70.0973,32.2209],[70.0588,32.2384],[70.0542,32.2634],[70.0744,32.2713],[70.0751,32.3146],[70.0986,32.3423],[70.0852,32.3441],[70.0891,32.3555],[70.1141,32.3765],[70.1063,32.3903],[70.0902,32.3942],[70.0888,32.4053],[70.0982,32.4097],[70.112,32.5245],[70.1992,32.6257],[70.2259,32.6095],[70.258,32.6233],[70.3065,32.6583],[70.3362,32.6994],[70.3726,32.7076],[70.3857,32.7656]]]}},{"type":"Feature","properties":{"adm2_pcode":"PK531","adm2_name":"Swabi","adm1_pcode":"PK5","adm1_name":"Khyber Pakhtunkhwa","area_sqkm":1480.46280927},"geometry":{"type":"Polygon","coordinates":[[[72.4418,34.3724],[72.4319,34.3806],[72.3785,34.3403],[72.3521,34.3402],[72.3362,34.3278],[72.3379,34.3018],[72.3168,34.2801],[72.3322,34.2588],[72.3269,34.247],[72.2693,34.2587],[72.2431,34.2522],[72.2244,34.2368],[72.2198,34.213],[72.2056,34.2056],[72.212,34.1759],[72.2029,34.1611],[72.1999,34.0909],[72.2286,34.0804],[72.2459,34.0873],[72.2485,34.0804],[72.2343,34.0068],[72.2086,33.9797],[72.2339,33.938],[72.234,33.9006],[72.3219,33.9479],[72.3388,33.9442],[72.375,33.9574],[72.3787,33.9708],[72.4025,33.9777],[72.4052,34.0066],[72.4431,34.0002],[72.4488,33.9915],[72.4897,34.0014],[72.5845,33.9936],[72.6377,34.0175],[72.7015,34.0889],[72.7425,34.1049],[72.7511,34.1215],[72.7528,34.1666],[72.7662,34.1813],[72.7557,34.2024],[72.7716,34.2546],[72.7377,34.3061],[72.6827,34.3005],[72.6287,34.2692],[72.5683,34.2187],[72.5881,34.1877],[72.5703,34.1697],[72.5476,34.1724],[72.5397,34.15],[72.51,34.1676],[72.4866,34.1683],[72.4717,34.1826],[72.4151,34.1862],[72.424,34.2063],[72.4177,34.2212],[72.4637,34.2698],[72.4461,34.2858],[72.451,34.3061],[72.4832,34.3349],[72.4759,34.3725],[72.4418,34.3724]]]}},{"type":"Feature","properties":{"adm2_pcode":"PK532","adm2_name":"Swat","adm1_pcode":"PK5","adm1_name":"Khyber Pakhtunkhwa","area_sqkm":5348.32937554},"geometry":{"type":"Polygon","coordinates":[[[72.6769,35.8175],[72.575,35.8458],[72.5491,35.8811],[72.5145,35.8988],[72.4877,35.854],[72.4637,35.847],[72.4537,35.8316],[72.4201,35.8303],[72.4072,35.7936],[72.3772,35.769],[72.3158,35.7571],[72.3134,35.7789],[72.2983,35.7738],[72.2513,35.6516],[72.2078,35.6229],[72.2158,35.606],[72.2526,35.5871],[72.2721,35.5583],[72.3088,35.5388],[72.3153,35.5236],[72.3687,35.5039],[72.3406,35.4758],[72.3602,35.4643],[72.3716,35.4422],[72.35,35.3926],[72.3682,35.3643],[72.3603,35.348],[72.3206,35.3431],[72.3107,35.3306],[72.3067,35.2882],[72.2892,35.2822],[72.2818,35.2656],[72.3076,35.2381],[72.3064,35.2197],[72.3216,35.2156],[72.3293,35.1908],[72.2699,35.1799],[72.2673,35.1553],[72.2526,35.1326],[72.2066,35.1254],[72.1901,35.1078],[72.2054,35.0818],[72.2128,35.0407],[72.1997,35.0168],[72.1813,35.0058],[72.1871,34.9689],[72.1676,34.9534],[72.1582,34.9048],[72.1253,34.8918],[72.1279,34.8668],[72.172,34.8314],[72.193,34.8014],[72.1771,34.7807],[72.1233,34.7484],[72.1107,34.6965],[72.0899,34.6754],[72.1028,34.6541],[72.1351,34.6642],[72.1159,34.6192],[72.1323,34.6023],[72.1361,34.583],[72.1527,34.5729],[72.2348,34.57],[72.2624,34.5816],[72.292,34.611],[72.3488,34.6228],[72.3736,34.6638],[72.4057,34.6824],[72.4273,34.6892],[72.4716,34.6744],[72.4876,34.7074],[72.5308,34.7054],[72.5587,34.7432],[72.5763,34.7503],[72.5714,34.7673],[72.5869,34.8193],[72.5807,34.8476],[72.5932,34.8732],[72.5883,34.9294],[72.5998,34.9615],[72.5767,34.987],[72.5773,35.0105],[72.6031,35.0143],[72.624,35.0609],[72.6712,35.0784],[72.6775,35.0995],[72.6993,35.1166],[72.6993,35.1428],[72.7228,35.1588],[72.6856,35.1858],[72.6998,35.2053],[72.7008,35.2279],[72.7246,35.2399],[72.7196,35.2552],[72.7525,35.2607],[72.7651,35.2745],[72.7619,35.3005],[72.7787,35.3328],[72.7864,35.3762],[72.7436,35.3889],[72.7255,35.4016],[72.721,35.4175],[72.7554,35.4491],[72.7602,35.4643],[72.7355,35.4746],[72.7583,35.4912],[72.7522,35.4986],[72.7823,35.5378],[72.7553,35.5588],[72.7675,35.571],[72.8152,35.5785],[72.8213,35.6066],[72.8048,35.6355],[72.8002,35.6746],[72.78,35.6808],[72.7815,35.6972],[72.7637,35.7054],[72.7575,35.7281],[72.7426,35.7372],[72.7446,35.7484],[72.7078,35.7626],[72.7123,35.7752],[72.7031,35.7821],[72.714,35.808],[72.7391,35.8154],[72.7324,35.8318],[72.6769,35.8175]]]}},{"type":"Feature","properties":{"adm2_pcode":"PK533","adm2_name":"Tank","adm1_pcode":"PK5","adm1_name":"Khyber Pakhtunkhwa","area_sqkm":2818.77858181},"geometry":{"type":"Polygon","coordinates":[[[70.3203,32.5844],[70.2797,32.6389],[70.2259,32.6095],[70.1996,32.626],[70.1155,32.5304],[70.0982,32.4097],[70.0888,32.4053],[70.0902,32.3942],[70.1063,32.3903],[70.1141,32.3765],[70.0891,32.3555],[70.0852,32.3441],[70.0986,32.3423],[70.0751,32.3146],[70.0744,32.2713],[70.0542,32.2634],[70.0588,32.2384],[70.0973,32.2209],[70.067,32.1768],[70.0743,32.1481],[70.0977,32.1391],[70.1057,32.1231],[70.1032,32.1004],[70.1244,32.0244],[70.1694,31.9983],[70.2186,32.0262],[70.2573,32.0694],[70.2388,32.0905],[70.2498,32.1039],[70.2683,32.0876],[70.3951,32.0759],[70.4172,32.0899],[70.4762,32.0956],[70.4902,32.107],[70.5365,32.0997],[70.5724,32.1382],[70.5766,32.2133],[70.6007,32.237],[70.6729,32.2745],[70.6625,32.2772],[70.6606,32.2914],[70.6704,32.302],[70.6692,32.3222],[70.7115,32.3496],[70.6985,32.3616],[70.7066,32.3761],[70.6818,32.3965],[70.6745,32.3886],[70.6578,32.3914],[70.5974,32.435],[70.6157,32.4645],[70.5964,32.5045],[70.5481,32.5614],[70.5459,32.5768],[70.4832,32.6039],[70.4585,32.5922],[70.4437,32.5956],[70.4368,32.5853],[70.3576,32.5747],[70.3203,32.5844]]]}},{"type":"Feature","properties":{"adm2_pcode":"PK534","adm2_name":"Tor Ghar","adm1_pcode":"PK5","adm1_name":"Khyber Pakhtunkhwa","area_sqkm":454.38119883},"geometry":{"type":"Polygon","coordinates":[[[72.8764,34.7652],[72.8315,34.7682],[72.8124,34.7424],[72.7963,34.6931],[72.804,34.6581],[72.7772,34.6197],[72.7845,34.6027],[72.8146,34.5796],[72.8138,34.5592],[72.7856,34.5364],[72.7783,34.5452],[72.7592,34.5337],[72.7283,34.5335],[72.7293,34.519],[72.7721,34.4756],[72.743,34.458],[72.7207,34.4608],[72.7128,34.4462],[72.7535,34.4149],[72.7428,34.3539],[72.7641,34.3655],[72.7726,34.3524],[72.7901,34.3482],[72.7925,34.3585],[72.8205,34.3666],[72.8172,34.4271],[72.8328,34.4317],[72.8466,34.4536],[72.8682,34.4485],[72.8858,34.4649],[72.8976,34.484],[72.8925,34.5007],[72.9414,34.5446],[72.9391,34.565],[72.9053,34.5957],[72.8987,34.728],[72.8894,34.7495],[72.871,34.7604],[72.8764,34.7652]]]}},{"type":"Feature","properties":{"adm2_pcode":"PK535","adm2_name":"Upper Dir","adm1_pcode":"PK5","adm1_name":"Khyber Pakhtunkhwa","area_sqkm":3731.82160953},"geometry":{"type":"Polygon","coordinates":[[[72.1697,35.7809],[72.1231,35.7857],[72.124,35.7733],[72.0817,35.7035],[72.0966,35.7049],[72.1107,35.6856],[72.0986,35.6599],[72.0678,35.6392],[72.0406,35.6463],[71.9714,35.6053],[71.918,35.5424],[71.9129,35.4974],[71.9166,35.4842],[71.9327,35.4758],[71.919,35.4648],[71.8879,35.4616],[71.8796,35.4506],[71.8751,35.4351],[71.8903,35.4169],[71.8773,35.4098],[71.8608,35.3547],[71.8096,35.3629],[71.7809,35.3329],[71.7806,35.3061],[71.7565,35.2895],[71.7499,35.2485],[71.7343,35.2517],[71.719,35.2292],[71.6733,35.2154],[71.6749,35.1965],[71.6288,35.1489],[71.5853,35.1294],[71.5358,35.0904],[71.5301,35.0723],[71.5546,35.0295],[71.6212,35.0381],[71.6363,35.0262],[71.6758,35.0325],[71.7194,35.0265],[71.75,35.0503],[71.8343,35.069],[71.8915,35.0293],[71.9067,34.9964],[71.9265,34.9873],[71.9176,34.9255],[71.9494,34.9179],[71.9689,34.8857],[72.0307,34.84],[72.0692,34.8335],[72.0909,34.8402],[72.1279,34.8668],[72.1258,34.8928],[72.1582,34.9048],[72.1676,34.9534],[72.1871,34.9689],[72.1813,35.0058],[72.1997,35.0168],[72.2132,35.0421],[72.1901,35.1078],[72.2066,35.1254],[72.2526,35.1326],[72.2673,35.1553],[72.2699,35.1799],[72.3293,35.1908],[72.3216,35.2156],[72.3064,35.2197],[72.3076,35.2381],[72.2818,35.2656],[72.2892,35.2822],[72.3067,35.2882],[72.3107,35.3306],[72.3206,35.3431],[72.3603,35.348],[72.3684,35.3697],[72.35,35.3926],[72.3524,35.4123],[72.3717,35.4411],[72.3602,35.4643],[72.3406,35.4749],[72.3687,35.5039],[72.3153,35.5236],[72.3088,35.5388],[72.2854,35.5464],[72.2526,35.5871],[72.2274,35.5955],[72.2082,35.6216],[72.2513,35.6516],[72.2915,35.7653],[72.2542,35.7728],[72.2397,35.7643],[72.223,35.7752],[72.1902,35.7511],[72.1697,35.7809]]]}},{"type":"Feature","properties":{"adm2_pcode":"PK601","adm2_name":"Attock","adm1_pcode":"PK6","adm1_name":"Punjab","area_sqkm":6910.04970309},"geometry":{"type":"Polygon","coordinates":[[[72.4488,33.9915],[72.4038,34.006],[72.4025,33.9777],[72.3787,33.9708],[72.375,33.9574],[72.3388,33.9442],[72.3219,33.9479],[72.2338,33.8998],[72.2343,33.7863],[72.2437,33.7617],[72.2122,33.7735],[72.2106,33.7662],[72.1827,33.7629],[72.0861,33.7876],[72.0718,33.7827],[72.0763,33.7647],[72.0366,33.7518],[72.0232,33.7237],[72.005,33.7123],[71.9976,33.6768],[71.9822,33.663],[71.9784,33.5868],[71.952,33.5705],[71.9671,33.5366],[71.9535,33.514],[71.8694,33.45],[71.8701,33.4165],[71.8572,33.4045],[71.8324,33.4091],[71.7206,33.3511],[71.7147,33.339],[71.7272,33.334],[71.7304,33.3159],[71.7051,33.2849],[71.7085,33.2554],[71.752,33.2107],[71.7614,33.1855],[71.7479,33.1441],[71.7139,33.112],[71.7275,33.0323],[71.7192,33.0209],[71.7444,33.0295],[71.7458,33.0029],[71.7671,33.009],[71.7979,33.0009],[71.8464,33.0339],[71.8502,33.0499],[71.9072,33.0444],[71.9647,33.0966],[72.0183,33.1071],[72.033,33.1004],[72.0643,33.1232],[72.0928,33.1232],[72.0962,33.1081],[72.1136,33.1158],[72.1714,33.1033],[72.1965,33.1317],[72.187,33.1417],[72.1904,33.1648],[72.2275,33.1463],[72.2304,33.1345],[72.252,33.1329],[72.2774,33.1452],[72.2945,33.1287],[72.3504,33.1398],[72.3744,33.1303],[72.444,33.1506],[72.4648,33.1428],[72.4887,33.1499],[72.504,33.165],[72.5141,33.1964],[72.5393,33.2126],[72.5725,33.211],[72.589,33.1892],[72.6363,33.1902],[72.6331,33.2152],[72.6445,33.2201],[72.6503,33.2533],[72.663,33.2745],[72.6885,33.2763],[72.6787,33.3043],[72.7232,33.3765],[72.7576,33.4019],[72.7736,33.3974],[72.7758,33.4449],[72.8678,33.4746],[72.8862,33.4617],[72.9247,33.487],[72.9003,33.518],[72.8539,33.5332],[72.8555,33.5485],[72.8444,33.5612],[72.8164,33.5679],[72.8226,33.6005],[72.7981,33.6246],[72.8153,33.6358],[72.8114,33.6418],[72.743,33.6364],[72.7458,33.6654],[72.7305,33.6897],[72.7553,33.6969],[72.7504,33.716],[72.7331,33.7101],[72.7215,33.7456],[72.7192,33.734],[72.6919,33.7353],[72.701,33.745],[72.6946,33.7652],[72.7035,33.7781],[72.6849,33.8082],[72.6966,33.8184],[72.7379,33.8241],[72.7226,33.8373],[72.739,33.863],[72.7806,33.8432],[72.7905,33.8041],[72.8169,33.8032],[72.818,33.8445],[72.8351,33.8419],[72.8327,33.8873],[72.7942,33.8871],[72.7701,33.9153],[72.789,33.9202],[72.7824,33.9418],[72.7623,33.9537],[72.7239,33.9197],[72.7345,33.9063],[72.7051,33.9057],[72.7068,33.8805],[72.6441,33.8575],[72.6338,33.8802],[72.606,33.8771],[72.628,33.9154],[72.653,33.9251],[72.6388,33.9411],[72.6034,33.9534],[72.5538,33.9555],[72.5496,33.9982],[72.4897,34.0014],[72.4488,33.9915]]]}},{"type":"Feature","properties":{"adm2_pcode":"PK602","adm2_name":"Bahawalnagar","adm1_pcode":"PK6","adm1_name":"Punjab","area_sqkm":8576.76320851},"geometry":{"type":"Polygon","coordinates":[[[73.9092,30.3191],[73.9,30.3392],[73.8556,30.3112],[73.851,30.2995],[73.8383,30.3165],[73.7817,30.3211],[73.774,30.3164],[73.7713,30.2844],[73.7319,30.2666],[73.7084,30.2755],[73.6843,30.2673],[73.6647,30.2811],[73.6356,30.2548],[73.6255,30.2782],[73.6009,30.2656],[73.5734,30.2713],[73.5659,30.2547],[73.5347,30.2622],[73.4935,30.2183],[73.4818,30.2191],[73.4812,30.2077],[73.4666,30.2218],[73.4553,30.2201],[73.4493,30.2041],[73.4584,30.1814],[73.4455,30.1777],[73.4528,30.1589],[73.415,30.1735],[73.4077,30.1484],[73.376,30.1491],[73.3737,30.1097],[73.3848,30.084],[73.3787,30.0713],[73.3519,30.1047],[73.3059,30.1128],[73.2998,30.1086],[73.3066,30.1025],[73.2896,30.1019],[73.2736,30.1108],[73.2502,30.0916],[73.2312,30.0911],[73.218,30.0667],[73.191,30.0702],[73.1853,30.0449],[73.1593,30.0781],[73.1484,30.0542],[73.0819,30.0226],[73.0996,30.0023],[73.0268,30.0418],[73.0163,30.032],[73.0277,29.9984],[73.0055,29.9826],[73.0177,29.9642],[72.9464,29.9617],[72.9217,29.9951],[72.8941,30.0004],[72.8562,29.9542],[72.8575,29.9394],[72.8704,29.9324],[72.8644,29.9251],[72.8466,29.935],[72.8231,29.9789],[72.7794,29.9783],[72.7621,29.9597],[72.7722,29.9378],[72.7578,29.9238],[72.7694,29.9035],[72.7635,29.8936],[72.7435,29.8976],[72.7315,29.9237],[72.7077,29.9226],[72.6921,29.9095],[72.6943,29.8921],[72.6847,29.9064],[72.6778,29.9008],[72.6888,29.881],[72.6818,29.8581],[72.6539,29.8739],[72.6022,29.841],[72.5643,29.8382],[72.5566,29.7762],[72.5681,29.7327],[72.5767,29.7349],[72.5869,29.7135],[72.6434,29.6843],[72.6438,29.6502],[72.6569,29.6532],[72.67,29.6386],[72.6814,29.641],[72.6813,29.6296],[72.67,29.6251],[72.6757,29.6134],[72.667,29.5956],[72.6738,29.588],[72.6945,29.592],[72.7109,29.5784],[72.7198,29.5627],[72.6991,29.543],[72.7258,29.5284],[72.7259,29.4643],[72.7033,29.4566],[72.6982,29.4373],[72.636,29.4093],[72.6377,29.3562],[72.671,29.3223],[72.7088,29.3377],[72.7236,29.3008],[72.7428,29.312],[72.7725,29.3046],[72.777,29.3184],[72.7886,29.3037],[72.7548,29.2873],[72.7076,29.2919],[72.6926,29.2795],[72.6853,29.2491],[72.7061,29.2549],[72.713,29.243],[72.7361,29.2498],[72.7396,29.2272],[72.7677,29.2214],[72.7247,29.2093],[72.7038,29.2165],[72.6873,29.2048],[72.6722,29.2158],[72.6594,29.209],[72.6091,29.2428],[72.5165,29.2403],[72.485,29.2266],[72.4861,29.2151],[72.4616,29.2023],[72.3675,29.1989],[72.3463,29.212],[72.335,29.2325],[72.2737,29.215],[72.2783,29.2032],[72.2649,29.1911],[72.2782,29.1803],[72.2641,29.16],[72.2787,29.1443],[72.2705,29.1245],[72.2836,29.118],[72.2756,29.0948],[72.2969,29.0899],[72.2994,29.0615],[72.311,29.0582],[72.3159,29.0746],[72.3355,29.0797],[72.3375,29.1057],[72.3839,29.0604],[72.4212,28.9988],[72.4397,28.9315],[72.49,28.8144],[72.7302,28.9501],[72.9444,29.0341],[73.0009,29.1509],[73.0966,29.2554],[73.2748,29.5562],[73.3965,29.939],[73.5782,30.0101],[73.8039,30.0699],[73.9653,30.1913],[73.9567,30.2775],[73.9243,30.3296],[73.9092,30.3191]]]}},{"type":"Feature","properties":{"adm2_pcode":"PK603","adm2_name":"Bahawalpur","adm1_pcode":"PK6","adm1_name":"Punjab","area_sqkm":23966.10591837},"geometry":{"type":"Polygon","coordinates":[[[72.4279,29.8407],[72.3926,29.8635],[72.3702,29.8375],[72.3345,29.8436],[72.3119,29.8222],[72.3083,29.8043],[72.2968,29.815],[72.2792,29.8039],[72.2477,29.8132],[72.2267,29.7926],[72.2264,29.7693],[72.2087,29.7626],[72.2447,29.7225],[72.2422,29.7136],[72.2188,29.7033],[72.191,29.7092],[72.1764,29.6657],[72.1799,29.6498],[72.1578,29.6422],[72.1634,29.6195],[72.1228,29.5932],[72.0976,29.5917],[72.0927,29.6018],[72.0659,29.6058],[72.0747,29.5613],[72.0628,29.5522],[72.0252,29.5649],[72.0201,29.5785],[72.0073,29.5506],[71.9904,29.5466],[71.9691,29.5496],[71.9619,29.5657],[71.9424,29.5564],[71.9345,29.566],[71.9117,29.5645],[71.9155,29.5469],[71.9465,29.514],[71.931,29.5134],[71.9099,29.5322],[71.9043,29.4971],[71.8955,29.5044],[71.8956,29.5387],[71.8747,29.5456],[71.8712,29.5161],[71.8554,29.5156],[71.8509,29.5348],[71.8405,29.5377],[71.8168,29.5332],[71.7854,29.5022],[71.7545,29.5259],[71.7333,29.53],[71.7292,29.5017],[71.7141,29.4828],[71.6949,29.4849],[71.6762,29.4693],[71.6373,29.4755],[71.6158,29.4569],[71.6103,29.4371],[71.5856,29.4466],[71.5689,29.4266],[71.5407,29.4188],[71.5434,29.4327],[71.5167,29.4489],[71.5016,29.4069],[71.4778,29.3967],[71.4769,29.3723],[71.4327,29.4184],[71.3919,29.4113],[71.3776,29.3878],[71.3596,29.422],[71.3459,29.4187],[71.3301,29.4314],[71.3236,29.4154],[71.315,29.4151],[71.3346,29.4495],[71.33,29.4662],[71.2981,29.4403],[71.2368,29.4467],[71.2241,29.4824],[71.1621,29.469],[71.1353,29.451],[71.1271,29.4734],[71.1202,29.4472],[71.1049,29.4508],[71.0897,29.4294],[71.0706,29.4428],[71.0586,29.4404],[71.0361,29.4153],[71.032,29.3804],[70.9892,29.3577],[70.9716,29.3624],[70.9596,29.3464],[70.9352,29.3476],[70.9208,29.3326],[70.9147,29.3167],[70.9501,29.3002],[70.9586,29.2761],[70.9458,29.2697],[70.9109,29.2818],[70.921,29.2607],[70.9154,29.2207],[70.8865,29.1767],[70.9171,29.1816],[70.9502,29.1067],[70.9916,29.0792],[71.0287,29.1374],[71.0641,29.1511],[71.0824,29.1433],[71.0728,29.1296],[71.0827,29.1181],[71.0874,29.0679],[71.0605,29.0471],[71.064,29.025],[71.041,29.0008],[71.0612,28.9826],[71.0519,28.9645],[71.0616,28.9346],[71.0436,28.918],[71.0602,28.8906],[71.0569,28.8615],[71.0403,28.8039],[70.9788,28.6803],[70.9526,28.5773],[70.9485,28.5118],[70.9705,28.3774],[70.9746,28.2345],[70.9919,28.1777],[71.0303,28.1185],[71.0613,28.0157],[71.0917,27.8983],[71.1058,27.7931],[71.2441,27.8494],[71.3525,27.8661],[71.6749,27.8855],[71.8996,27.9642],[71.9223,28.114],[71.992,28.2036],[72.1844,28.358],[72.2088,28.4],[72.302,28.6648],[72.3962,28.7747],[72.49,28.8144],[72.4397,28.9315],[72.4212,28.9988],[72.3839,29.0604],[72.3375,29.1057],[72.3355,29.0797],[72.3159,29.0746],[72.311,29.0582],[72.2994,29.0615],[72.2969,29.0899],[72.2756,29.0948],[72.2836,29.118],[72.2705,29.1245],[72.2787,29.1443],[72.2641,29.16],[72.2782,29.1803],[72.2649,29.1911],[72.2783,29.2032],[72.2737,29.215],[72.335,29.2325],[72.3463,29.212],[72.3675,29.1989],[72.4616,29.2023],[72.4861,29.2151],[72.485,29.2266],[72.5165,29.2403],[72.6091,29.2428],[72.634,29.2206],[72.6594,29.209],[72.6743,29.2153],[72.6851,29.2048],[72.7038,29.2165],[72.7222,29.209],[72.7675,29.2196],[72.7396,29.2272],[72.7361,29.2498],[72.713,29.243],[72.7066,29.2547],[72.6962,29.246],[72.6843,29.2542],[72.7051,29.2908],[72.7585,29.2883],[72.7865,29.2986],[72.7822,29.3171],[72.7725,29.3046],[72.7428,29.312],[72.7236,29.3008],[72.7088,29.3377],[72.671,29.3223],[72.635,29.3628],[72.636,29.4093],[72.6982,29.4373],[72.7033,29.4566],[72.7263,29.466],[72.7258,29.5284],[72.6989,29.5441],[72.7194,29.5654],[72.696,29.5913],[72.6738,29.588],[72.667,29.5956],[72.6757,29.6134],[72.67,29.6251],[72.6813,29.6296],[72.682,29.64],[72.67,29.6386],[72.6569,29.6532],[72.6438,29.6502],[72.6434,29.6843],[72.5869,29.7135],[72.5767,29.7349],[72.5681,29.7327],[72.5566,29.7762],[72.5625,29.8087],[72.5418,29.8104],[72.5128,29.8434],[72.4922,29.8171],[72.4875,29.8339],[72.4561,29.8247],[72.4606,29.851],[72.4497,29.8409],[72.4279,29.8407]]]}},{"type":"Feature","properties":{"adm2_pcode":"PK604","adm2_name":"Bhakkar","adm1_pcode":"PK6","adm1_name":"Punjab","area_sqkm":8473.12635262},"geometry":{"type":"Polygon","coordinates":[[[71.643,32.1945],[71.5157,32.2214],[71.4631,32.1942],[71.3441,32.2064],[71.3114,32.1711],[71.2421,32.2024],[71.2344,32.174],[71.2277,32.1679],[71.2312,32.1774],[71.2024,32.1843],[71.2009,32.196],[71.1743,32.205],[71.173,32.1909],[71.1466,32.1602],[71.1145,32.1637],[71.1024,32.1332],[71.1136,32.108],[71.0884,32.0395],[71.0632,32.03],[71.0721,31.9989],[71.0623,31.883],[71.0355,31.8679],[71.0007,31.7799],[70.9824,31.7751],[70.9386,31.7207],[70.9319,31.6966],[70.9429,31.6862],[70.9077,31.6821],[70.8872,31.6506],[70.8825,31.6378],[70.8917,31.6296],[70.8833,31.6124],[70.8994,31.5879],[70.8694,31.5472],[70.9022,31.5184],[70.8693,31.5125],[70.8799,31.4904],[70.8974,31.4841],[70.8844,31.4485],[70.8935,31.4404],[70.8758,31.4277],[70.8425,31.4248],[70.843,31.3987],[70.827,31.3928],[70.8354,31.383],[70.8683,31.374],[70.8931,31.4055],[70.9142,31.4038],[70.9161,31.4114],[70.932,31.4104],[70.9269,31.3943],[70.935,31.3783],[71.0365,31.3849],[71.1044,31.3793],[71.1381,31.3619],[71.1967,31.3635],[71.1935,31.3113],[71.2563,31.2312],[71.2826,31.2366],[71.2991,31.1576],[71.3228,31.1404],[71.452,31.155],[71.4813,31.1835],[71.4998,31.2283],[71.534,31.2419],[71.6074,31.2326],[71.6863,31.1755],[71.7515,31.1768],[71.7621,31.1737],[71.7643,31.1572],[71.7905,31.1842],[71.803,31.2319],[71.8716,31.2637],[71.9033,31.2689],[72.0018,31.255],[72.0239,31.3312],[72.0199,31.3825],[72.0077,31.4084],[72.0061,31.481],[71.9785,31.4939],[71.9788,31.5178],[71.9889,31.5314],[71.9369,31.5555],[71.9139,31.5949],[71.8598,31.6148],[71.8068,31.6631],[71.7596,31.6879],[71.7491,31.7531],[71.7154,31.8123],[71.6241,31.848],[71.6447,31.8801],[71.6861,31.8981],[71.7207,31.9609],[71.712,31.9896],[71.7693,32.047],[71.7786,32.1353],[71.7514,32.1774],[71.7306,32.1821],[71.7284,32.1988],[71.643,32.1945]]]}},{"type":"Feature","properties":{"adm2_pcode":"PK605","adm2_name":"Chakwal","adm1_pcode":"PK6","adm1_name":"Punjab","area_sqkm":6487.50656477},"geometry":{"type":"Polygon","coordinates":[[[72.5557,33.2142],[72.5177,33.1994],[72.5,33.1581],[72.4709,33.1432],[72.4518,33.1515],[72.3744,33.1303],[72.3504,33.1398],[72.2945,33.1287],[72.2774,33.1452],[72.252,33.1329],[72.2304,33.1345],[72.2275,33.1463],[72.1904,33.1648],[72.187,33.1417],[72.1965,33.1317],[72.174,33.1042],[72.1136,33.1158],[72.0962,33.1081],[72.0928,33.1232],[72.0594,33.1221],[72.033,33.1004],[72.0183,33.1071],[71.9647,33.0966],[71.9072,33.0444],[71.8502,33.0499],[71.8464,33.0339],[71.806,33.0072],[71.8783,32.9831],[71.8889,32.9196],[71.9147,32.8606],[71.9683,32.8391],[71.9649,32.8269],[71.9797,32.8251],[71.9741,32.8046],[71.8915,32.7539],[71.8903,32.7274],[71.8996,32.7178],[71.8928,32.7023],[71.9155,32.6854],[71.9109,32.6657],[71.8906,32.6573],[71.9241,32.6138],[71.9226,32.5847],[71.9385,32.5689],[71.9342,32.542],[71.9506,32.5339],[71.9571,32.5524],[71.983,32.5578],[71.9782,32.57],[71.9862,32.5805],[72.139,32.6452],[72.1551,32.6667],[72.1459,32.7121],[72.1525,32.7181],[72.1645,32.7034],[72.2903,32.691],[72.3409,32.6948],[72.3737,32.6577],[72.3875,32.6563],[72.39,32.6281],[72.4103,32.6294],[72.4155,32.6157],[72.433,32.6189],[72.4767,32.6648],[72.5091,32.6676],[72.5376,32.6949],[72.5441,32.6807],[72.5351,32.6632],[72.569,32.6605],[72.5651,32.6384],[72.5763,32.6342],[72.5779,32.6192],[72.6038,32.5992],[72.6475,32.5934],[72.7428,32.6196],[72.7338,32.6833],[72.76,32.6955],[72.7781,32.6941],[72.8066,32.6626],[72.833,32.6656],[72.8737,32.6397],[72.8774,32.6567],[72.9281,32.6542],[72.9427,32.6695],[72.9865,32.6654],[72.9954,32.6912],[73.0239,32.7092],[73.0347,32.69],[73.0848,32.6697],[73.0912,32.6985],[73.1339,32.7095],[73.1397,32.725],[73.1578,32.7265],[73.1574,32.7395],[73.215,32.7297],[73.2477,32.7599],[73.2412,32.794],[73.2302,32.7939],[73.2348,32.8041],[73.2205,32.8211],[73.1221,32.8236],[73.1153,32.8328],[73.1519,32.8683],[73.1546,32.9053],[73.2051,32.9456],[73.1996,32.9529],[73.2146,32.9849],[73.1938,33.0036],[73.185,33.0364],[73.2058,33.0979],[73.1339,33.0963],[73.1174,33.0741],[73.1034,33.0854],[73.1037,33.1059],[73.0859,33.1053],[73.0696,33.0788],[73.0292,33.0649],[73.011,33.1077],[72.9494,33.1148],[72.9302,33.1398],[72.9254,33.1694],[72.8843,33.1606],[72.877,33.1682],[72.8517,33.1599],[72.83,33.1655],[72.8277,33.1568],[72.7679,33.1894],[72.7231,33.193],[72.7101,33.2127],[72.6765,33.2056],[72.662,33.2125],[72.6507,33.1985],[72.6226,33.1883],[72.589,33.1892],[72.577,33.2084],[72.5557,33.2142]]]}},{"type":"Feature","properties":{"adm2_pcode":"PK606","adm2_name":"Chiniot","adm1_pcode":"PK6","adm1_name":"Punjab","area_sqkm":2602.01927523},"geometry":{"type":"Polygon","coordinates":[[[72.9738,31.9573],[72.9594,31.9759],[72.945,31.9761],[72.9411,31.9454],[72.9635,31.9341],[72.9629,31.9261],[72.9387,31.9378],[72.9214,31.9201],[72.9071,31.9279],[72.8931,31.9204],[72.9259,31.8884],[72.9422,31.8947],[72.9751,31.8811],[72.985,31.8681],[72.9739,31.8594],[72.9805,31.8413],[72.9588,31.8355],[72.9495,31.8515],[72.9088,31.8424],[72.8953,31.8738],[72.8867,31.873],[72.8542,31.8579],[72.8467,31.8263],[72.8128,31.8417],[72.7807,31.834],[72.7368,31.8008],[72.7156,31.8059],[72.6789,31.7779],[72.659,31.7827],[72.5626,31.7633],[72.5504,31.7313],[72.5347,31.7357],[72.5187,31.7272],[72.5199,31.7043],[72.5015,31.7007],[72.5054,31.6874],[72.4835,31.6832],[72.4631,31.6658],[72.4345,31.6627],[72.436,31.6034],[72.4609,31.5792],[72.459,31.5405],[72.4838,31.5387],[72.4883,31.5232],[72.528,31.5013],[72.5697,31.4531],[72.5946,31.4718],[72.6195,31.4639],[72.6227,31.4131],[72.6583,31.3998],[72.6789,31.3728],[72.7203,31.3645],[72.7411,31.3785],[72.8117,31.3754],[72.8842,31.4927],[72.9433,31.5359],[73.0537,31.5886],[73.0933,31.629],[73.1369,31.7091],[73.23,31.787],[73.2056,31.8247],[73.1545,31.8535],[73.1669,31.8913],[73.1575,31.9126],[73.1124,31.9301],[73.053,31.9321],[72.9958,31.9657],[72.9738,31.9573]]]}},{"type":"Feature","properties":{"adm2_pcode":"PK607","adm2_name":"Dera Ghazi Khan","adm1_pcode":"PK6","adm1_name":"Punjab","area_sqkm":11765.67844416},"geometry":{"type":"Polygon","coordinates":[[[70.5746,31.3358],[70.5449,31.3357],[70.5248,31.3061],[70.4502,31.2941],[70.4045,31.1998],[70.2875,31.1655],[70.2944,31.0952],[70.2684,31.0338],[70.2638,30.9253],[70.2526,30.8828],[70.2695,30.8653],[70.2697,30.8528],[70.2644,30.8437],[70.2268,30.8431],[70.2098,30.7814],[70.1682,30.7747],[70.1562,30.7373],[70.1088,30.7378],[70.0887,30.6975],[70.0948,30.6287],[70.0856,30.5929],[70.0389,30.4955],[70.0019,30.4566],[69.9934,30.3812],[69.9591,30.3046],[69.9631,30.293],[69.9841,30.2999],[69.9713,30.2626],[69.9781,30.251],[70.0124,30.2774],[70.0599,30.2751],[70.0762,30.2624],[70.0476,30.2267],[70.0208,30.2193],[70.0151,30.1899],[69.999,30.1825],[69.9797,30.0767],[69.9407,30.036],[69.8925,29.9148],[69.8777,29.8988],[69.9082,29.8616],[70.0876,29.8155],[70.1708,29.7491],[70.2503,29.7348],[70.3537,29.7307],[70.3929,29.6939],[70.3956,29.6671],[70.4279,29.6414],[70.427,29.6187],[70.4763,29.6307],[70.5357,29.6679],[70.5733,29.7303],[70.5779,29.7737],[70.6108,29.8041],[70.661,29.8028],[70.6866,29.7851],[70.6853,29.7436],[70.7029,29.7296],[70.6989,29.714],[70.7218,29.6663],[70.7358,29.6925],[70.7242,29.7108],[70.7427,29.7183],[70.7983,29.7958],[70.8399,29.8359],[70.8552,29.8918],[70.8304,29.9118],[70.8549,29.9366],[70.8854,29.9402],[70.862,29.9659],[70.8783,29.9723],[70.8643,30.02],[70.8734,30.0355],[70.8636,30.0472],[70.8859,30.055],[70.8497,30.1218],[70.8396,30.2034],[70.8006,30.2506],[70.826,30.2652],[70.8191,30.3199],[70.8331,30.3966],[70.821,30.4509],[70.7992,30.4572],[70.7934,30.4826],[70.8044,30.5139],[70.7921,30.555],[70.8149,30.5771],[70.801,30.5952],[70.8134,30.615],[70.7955,30.6378],[70.7948,30.7542],[70.783,30.77],[70.7414,30.7779],[70.7452,30.8281],[70.733,30.8387],[70.7699,30.8444],[70.7888,30.8783],[70.7836,30.8866],[70.7644,30.885],[70.7567,30.9133],[70.7933,30.9469],[70.7917,30.9744],[70.7603,30.9765],[70.781,31.0059],[70.7799,31.1089],[70.7955,31.1039],[70.775,31.2024],[70.794,31.282],[70.7628,31.2847],[70.7747,31.3057],[70.745,31.3169],[70.734,31.3362],[70.7048,31.338],[70.6751,31.316],[70.6077,31.32],[70.5746,31.3358]]]}},{"type":"Feature","properties":{"adm2_pcode":"PK608","adm2_name":"Faisalabad","adm1_pcode":"PK6","adm1_name":"Punjab","area_sqkm":5947.43182328},"geometry":{"type":"Polygon","coordinates":[[[73.2484,31.7617],[73.23,31.787],[73.2116,31.7758],[73.1341,31.7059],[73.0933,31.629],[73.0537,31.5886],[72.9433,31.5359],[72.8842,31.4927],[72.8131,31.3791],[72.8049,31.3318],[72.8511,31.2897],[72.8546,31.2718],[72.8167,31.2208],[72.7744,31.1986],[72.7737,31.1751],[72.784,31.1599],[72.7751,31.1142],[72.7646,31.0986],[72.7402,31.0912],[72.768,31.0716],[72.7872,31.0878],[72.7985,31.0851],[72.8173,31.0672],[72.8108,31.0621],[72.8182,31.035],[72.8005,31.0274],[72.7954,30.9905],[72.7724,30.9741],[72.778,30.9595],[72.7689,30.9443],[72.7347,30.9358],[72.7266,30.9082],[72.7021,30.8863],[72.7158,30.8665],[72.773,30.8398],[72.7598,30.8208],[72.7718,30.8017],[72.7437,30.7864],[72.744,30.7728],[72.7326,30.7721],[72.7341,30.7455],[72.7626,30.7378],[72.7829,30.7397],[72.7881,30.7525],[72.8164,30.7483],[72.8472,30.7166],[72.7963,30.7154],[72.7958,30.7042],[72.7797,30.7001],[72.7834,30.6802],[72.8113,30.6807],[72.8069,30.685],[72.8191,30.6839],[72.8253,30.6967],[72.8294,30.6848],[72.8421,30.6815],[72.8527,30.7024],[72.861,30.6891],[72.873,30.694],[72.877,30.6835],[72.9138,30.676],[72.9148,30.6947],[72.9285,30.6949],[72.9288,30.7149],[72.9379,30.7216],[72.9199,30.7302],[72.9207,30.742],[72.9384,30.7418],[72.9701,30.7783],[72.9783,30.7686],[72.9857,30.7855],[72.9861,30.7632],[73.003,30.7623],[73.0027,30.8017],[73.0188,30.8015],[73.0093,30.7807],[73.0152,30.7719],[73.0356,30.7802],[73.0353,30.7943],[73.0545,30.8087],[73.0671,30.8085],[73.0719,30.7962],[73.0915,30.8008],[73.0955,30.8154],[73.101,30.8068],[73.1157,30.8117],[73.13,30.831],[73.1402,30.8312],[73.126,30.8593],[73.1331,30.8701],[73.1594,30.8675],[73.1592,30.8469],[73.1782,30.8441],[73.1786,30.859],[73.1902,30.8665],[73.174,30.8677],[73.1863,30.8799],[73.173,30.887],[73.1734,30.8987],[73.1969,30.9017],[73.1902,30.9228],[73.2034,30.9225],[73.2092,30.9073],[73.2255,30.9093],[73.2377,30.9301],[73.2882,30.953],[73.2895,30.9671],[73.3078,30.9742],[73.3107,30.989],[73.3334,30.9804],[73.376,31.0041],[73.383,30.9922],[73.3979,30.9957],[73.3896,31.0316],[73.3988,31.0893],[73.4408,31.1156],[73.4328,31.1347],[73.4517,31.1687],[73.4978,31.1927],[73.5229,31.186],[73.5479,31.2033],[73.5702,31.2357],[73.585,31.2344],[73.5872,31.2483],[73.6455,31.2814],[73.6717,31.332],[73.6616,31.3608],[73.6804,31.3908],[73.6717,31.4126],[73.6767,31.4218],[73.6591,31.4557],[73.6313,31.4563],[73.6018,31.4435],[73.5779,31.452],[73.5313,31.4234],[73.5096,31.4286],[73.4618,31.4745],[73.4856,31.4947],[73.4857,31.5375],[73.4622,31.5477],[73.4673,31.5611],[73.4506,31.5673],[73.4558,31.6197],[73.4384,31.6356],[73.3743,31.6593],[73.3844,31.6702],[73.3703,31.6748],[73.3634,31.7215],[73.3265,31.7177],[73.2896,31.7389],[73.292,31.7653],[73.2484,31.7617]]]}},{"type":"Feature","properties":{"adm2_pcode":"PK609","adm2_name":"Gujranwala","adm1_pcode":"PK6","adm1_name":"Punjab","area_sqkm":3619.8328547},"geometry":{"type":"Polygon","coordinates":[[[74.2102,32.5402],[74.208,32.5563],[74.1866,32.5496],[74.1847,32.54],[74.1684,32.5463],[74.1675,32.5329],[74.1283,32.5145],[74.1128,32.4953],[74.0761,32.4838],[74.0752,32.469],[74.0578,32.4842],[74.0016,32.4285],[73.9724,32.4154],[73.8391,32.3904],[73.8034,32.3704],[73.7868,32.3737],[73.7722,32.3566],[73.7677,32.3683],[73.7634,32.3439],[73.7529,32.3439],[73.7367,32.3637],[73.7242,32.3527],[73.6764,32.3441],[73.6845,32.2977],[73.7322,32.224],[73.7275,32.208],[73.7517,32.1929],[73.7534,32.1784],[73.77,32.1757],[73.7919,32.1434],[73.8057,32.1403],[73.7939,32.0726],[73.829,32.053],[73.8185,32.0405],[73.8241,32.0171],[73.8035,31.9894],[73.8308,31.9578],[73.8827,31.9494],[73.8759,31.9297],[73.8482,31.9123],[73.882,31.8763],[73.8781,31.8513],[73.8961,31.8426],[73.9445,31.8355],[73.9557,31.851],[73.9758,31.855],[73.9822,31.8314],[74.0261,31.8323],[74.0377,31.841],[74.0753,31.8209],[74.1309,31.8209],[74.1598,31.8378],[74.1643,31.8534],[74.1892,31.8539],[74.1917,31.8719],[74.208,31.8865],[74.2977,31.8832],[74.3159,31.898],[74.3539,31.887],[74.3801,31.913],[74.3975,31.9155],[74.44,31.9635],[74.4693,31.9701],[74.4755,32.0011],[74.5159,32.0058],[74.5237,32.0226],[74.5588,32.0447],[74.5056,32.0859],[74.5148,32.1036],[74.4844,32.1313],[74.4887,32.1503],[74.4463,32.1591],[74.4434,32.1682],[74.4263,32.1701],[74.4254,32.1605],[74.4109,32.17],[74.3769,32.1664],[74.3682,32.1886],[74.3573,32.1856],[74.3292,32.2069],[74.3216,32.2477],[74.2628,32.2589],[74.2357,32.2889],[74.2434,32.3128],[74.2186,32.3569],[74.2263,32.3633],[74.2231,32.3852],[74.2022,32.4033],[74.2102,32.4155],[74.1975,32.4569],[74.2084,32.5005],[74.2047,32.5199],[74.1964,32.5218],[74.2102,32.5402]]]}},{"type":"Feature","properties":{"adm2_pcode":"PK610","adm2_name":"Gujrat","adm1_pcode":"PK6","adm1_name":"Punjab","area_sqkm":3168.33130693},"geometry":{"type":"Polygon","coordinates":[[[74.3328,32.8156],[74.0842,32.9253],[74.0028,32.9517],[73.9744,32.9747],[73.9422,33.0219],[73.8911,33.0375],[73.8058,33.0089],[73.7962,32.9862],[73.7561,32.9457],[73.6527,32.865],[73.6287,32.8342],[73.5903,32.7475],[73.5934,32.7317],[73.6305,32.6961],[73.6424,32.7013],[73.6634,32.6922],[73.6607,32.6774],[73.6746,32.6443],[73.7275,32.6171],[73.7364,32.5883],[73.7965,32.5674],[73.787,32.5442],[73.7887,32.505],[73.8838,32.4417],[73.8858,32.4073],[73.8971,32.3983],[73.9963,32.4247],[74.035,32.4692],[74.0578,32.4842],[74.0752,32.469],[74.0761,32.4838],[74.1128,32.4953],[74.1283,32.5145],[74.1675,32.5329],[74.1684,32.5463],[74.1847,32.54],[74.1866,32.5496],[74.2217,32.5561],[74.2352,32.5742],[74.28,32.5912],[74.3362,32.5919],[74.449,32.6674],[74.4649,32.703],[74.4395,32.7109],[74.4609,32.7208],[74.457,32.7304],[74.4378,32.7322],[74.4477,32.7472],[74.4294,32.7597],[74.4458,32.7626],[74.4533,32.7767],[74.4419,32.7919],[74.4008,32.7706],[74.3717,32.7711],[74.3433,32.79],[74.3328,32.8156]]]}},{"type":"Feature","properties":{"adm2_pcode":"PK611","adm2_name":"Hafizabad","adm1_pcode":"PK6","adm1_name":"Punjab","area_sqkm":2277.34435767},"geometry":{"type":"Polygon","coordinates":[[[73.7322,32.224],[73.6845,32.2977],[73.6766,32.3399],[73.5285,32.2769],[73.5125,32.2628],[73.5075,32.2396],[73.4809,32.2417],[73.4355,32.1851],[73.3975,32.1734],[73.2679,32.0904],[73.2553,32.0706],[73.2611,32.055],[73.2268,32.0277],[73.2367,32.0136],[73.2312,31.9917],[73.1874,31.9467],[73.1799,31.9027],[73.1593,31.8816],[73.1545,31.8535],[73.2056,31.8247],[73.2405,31.764],[73.3028,31.7657],[73.3249,31.7708],[73.3354,31.8004],[73.3561,31.7925],[73.3876,31.8012],[73.4003,31.821],[73.4235,31.806],[73.4449,31.8076],[73.4613,31.8417],[73.518,31.8101],[73.5545,31.8426],[73.5574,31.8749],[73.5688,31.8841],[73.598,31.8693],[73.6175,31.8794],[73.6453,31.8763],[73.6564,31.8913],[73.6859,31.8907],[73.7068,31.9011],[73.7204,31.9235],[73.7384,31.9228],[73.7651,31.9608],[73.8056,31.9844],[73.8241,32.0171],[73.8185,32.0405],[73.829,32.053],[73.7939,32.0726],[73.8057,32.1403],[73.7774,32.1574],[73.77,32.1757],[73.7534,32.1784],[73.7517,32.1929],[73.7275,32.208],[73.7322,32.224]]]}},{"type":"Feature","properties":{"adm2_pcode":"PK612","adm2_name":"Jhang","adm1_pcode":"PK6","adm1_name":"Punjab","area_sqkm":6345.11565918},"geometry":{"type":"Polygon","coordinates":[[[72.3108,31.7479],[72.269,31.7656],[72.2459,31.7469],[72.2116,31.7592],[72.199,31.7358],[72.1842,31.7316],[72.1438,31.7499],[72.0988,31.6868],[72.0339,31.6219],[72.0237,31.5691],[71.9777,31.5102],[71.9802,31.4918],[72.0061,31.481],[72.0077,31.4084],[72.0208,31.3767],[72.0239,31.3312],[72.0018,31.255],[71.8922,31.2681],[71.7985,31.2255],[71.7905,31.1842],[71.7643,31.1572],[71.7721,31.1267],[71.8154,31.0545],[71.8156,31.0348],[71.7762,30.9693],[71.8235,30.9295],[71.8099,30.9062],[71.8158,30.8814],[71.8537,30.8696],[71.8263,30.8389],[71.8006,30.8363],[71.7914,30.7956],[71.7459,30.7877],[71.7323,30.7562],[71.7029,30.7416],[71.6984,30.6999],[71.6677,30.6852],[71.6694,30.6396],[71.6557,30.6202],[71.7018,30.583],[71.7267,30.5782],[71.7682,30.5976],[71.7848,30.6083],[71.7801,30.6175],[71.8102,30.6509],[71.8261,30.6513],[71.8758,30.6819],[71.8863,30.6753],[71.8955,30.683],[71.9198,30.6645],[71.932,30.6679],[71.9354,30.6817],[71.9672,30.677],[71.9694,30.6666],[71.995,30.6696],[72.001,30.6865],[71.9925,30.6978],[72.0333,30.7032],[72.0518,30.7164],[72.055,30.7328],[72.0894,30.7256],[72.1269,30.7312],[72.1864,30.7124],[72.2273,30.7167],[72.2391,30.7326],[72.2582,30.7224],[72.3467,30.718],[72.3631,30.7363],[72.346,30.7409],[72.3484,30.7496],[72.3698,30.7594],[72.3437,30.777],[72.3467,30.8264],[72.3308,30.8093],[72.3133,30.8105],[72.2863,30.84],[72.2757,30.835],[72.2447,30.848],[72.2699,30.8894],[72.3082,30.8965],[72.3142,30.9127],[72.3304,30.915],[72.3458,30.933],[72.3547,30.97],[72.3723,30.9869],[72.3783,31.0206],[72.4358,31.0563],[72.4392,31.1097],[72.4874,31.1289],[72.4921,31.1407],[72.4729,31.158],[72.4983,31.1641],[72.5033,31.1742],[72.4865,31.1889],[72.4853,31.2113],[72.4943,31.2231],[72.5175,31.2174],[72.5465,31.2238],[72.5729,31.2483],[72.59,31.2386],[72.6126,31.2459],[72.6823,31.2376],[72.7525,31.2761],[72.8049,31.3318],[72.8117,31.3754],[72.7411,31.3785],[72.7203,31.3645],[72.6789,31.3728],[72.6583,31.3998],[72.6227,31.4131],[72.6195,31.4639],[72.5946,31.4718],[72.5697,31.4531],[72.528,31.5013],[72.4883,31.5232],[72.4838,31.5387],[72.459,31.5405],[72.4609,31.5792],[72.436,31.6034],[72.4345,31.6627],[72.3738,31.6571],[72.3688,31.6236],[72.288,31.5874],[72.2774,31.5619],[72.2416,31.5609],[72.2533,31.574],[72.2426,31.5947],[72.3071,31.6494],[72.3041,31.6811],[72.3307,31.6712],[72.3336,31.6858],[72.3576,31.7089],[72.3108,31.7479]]]}},{"type":"Feature","properties":{"adm2_pcode":"PK613","adm2_name":"Jhelum","adm1_pcode":"PK6","adm1_name":"Punjab","area_sqkm":3568.79814408},"geometry":{"type":"Polygon","coordinates":[[[73.6232,33.244],[73.6236,33.2553],[73.6079,33.2436],[73.6004,33.2484],[73.5935,33.2316],[73.5623,33.23],[73.5608,33.2371],[73.5624,33.2228],[73.548,33.199],[73.5304,33.2456],[73.5215,33.229],[73.5035,33.2229],[73.4808,33.2252],[73.4509,33.2457],[73.4465,33.2343],[73.427,33.2317],[73.4351,33.2197],[73.4198,33.215],[73.4127,33.1945],[73.378,33.1726],[73.3958,33.144],[73.3681,33.1042],[73.3394,33.1117],[73.2037,33.0883],[73.185,33.0364],[73.1938,33.0036],[73.2146,32.9849],[73.1996,32.9529],[73.2051,32.9456],[73.1546,32.9053],[73.1519,32.8683],[73.1153,32.8328],[73.1221,32.8236],[73.2205,32.8211],[73.2348,32.8041],[73.2302,32.7939],[73.2412,32.794],[73.2477,32.7599],[73.215,32.7297],[73.1574,32.7395],[73.1578,32.7265],[73.1397,32.725],[73.1339,32.7095],[73.0912,32.6985],[73.0848,32.6697],[73.0347,32.69],[73.0239,32.7092],[72.9954,32.6912],[72.9865,32.6654],[72.9427,32.6695],[72.9281,32.6542],[72.8774,32.6567],[72.8737,32.6397],[72.833,32.6656],[72.8019,32.665],[72.7781,32.6941],[72.7375,32.6877],[72.7327,32.6544],[72.7428,32.6196],[72.6527,32.5948],[72.652,32.5485],[72.6432,32.5311],[72.6676,32.466],[72.6514,32.4575],[72.6602,32.424],[72.7253,32.4174],[72.7632,32.4383],[72.8483,32.4628],[72.8783,32.5063],[72.938,32.5258],[72.9781,32.5505],[73.0298,32.5518],[73.0855,32.5766],[73.2207,32.5724],[73.331,32.6198],[73.3786,32.6202],[73.4612,32.6638],[73.4863,32.6666],[73.5678,32.7164],[73.6069,32.7744],[73.6451,32.8562],[73.7561,32.9457],[73.7962,32.9862],[73.8058,33.0089],[73.7739,33.0233],[73.7503,33.053],[73.6283,33.0947],[73.6266,33.128],[73.6686,33.158],[73.6699,33.1916],[73.6671,33.2153],[73.654,33.223],[73.6412,33.2161],[73.6428,33.2323],[73.6232,33.244]]]}},{"type":"Feature","properties":{"adm2_pcode":"PK614","adm2_name":"Kasur","adm1_pcode":"PK6","adm1_name":"Punjab","area_sqkm":3986.66516315},"geometry":{"type":"Polygon","coordinates":[[[74.4905,31.3643],[74.4691,31.3654],[74.4526,31.3537],[74.448,31.3218],[74.4366,31.313],[74.4385,31.2899],[74.4116,31.3037],[74.3533,31.2844],[74.2999,31.2849],[74.2735,31.295],[74.2199,31.256],[74.1871,31.2957],[74.1651,31.2839],[74.1375,31.3014],[74.1099,31.267],[74.1065,31.279],[74.0889,31.2757],[74.0897,31.2932],[74.0691,31.2757],[74.0347,31.3117],[73.9367,31.2915],[73.9061,31.2717],[73.9186,31.2537],[73.8944,31.2281],[73.8272,31.216],[73.8114,31.2255],[73.7426,31.1957],[73.7374,31.1751],[73.7232,31.1659],[73.7042,31.1743],[73.6792,31.1474],[73.6611,31.1483],[73.6539,31.1386],[73.6797,31.095],[73.663,31.0843],[73.662,31.061],[73.7167,31.0404],[73.7307,31.0059],[73.7623,30.9925],[73.7538,30.9476],[73.7866,30.9232],[73.8168,30.9338],[73.8448,30.8936],[73.852,30.8662],[73.8917,30.8575],[73.9326,30.8618],[73.9449,30.8447],[73.9754,30.8346],[73.988,30.8206],[74.0004,30.8325],[74.0159,30.8289],[74.014,30.8156],[74.0277,30.7997],[74.0668,30.7937],[74.0768,30.773],[74.0722,30.756],[74.1136,30.7206],[74.1199,30.6975],[74.1349,30.6892],[74.1618,30.6416],[74.1861,30.6594],[74.2322,30.7196],[74.2818,30.7302],[74.2621,30.7681],[74.2962,30.7785],[74.2946,30.7946],[74.3196,30.8436],[74.372,30.8529],[74.3655,30.8854],[74.4161,30.906],[74.4207,30.9259],[74.4706,30.966],[74.5022,30.9648],[74.5485,30.9928],[74.5442,31.0151],[74.5584,31.0675],[74.5717,31.0674],[74.6178,31.0274],[74.6391,31.0211],[74.6492,31.0268],[74.6564,31.053],[74.6857,31.0615],[74.6644,31.1067],[74.6043,31.1194],[74.5815,31.108],[74.5453,31.1336],[74.5336,31.1939],[74.5521,31.2531],[74.5503,31.2947],[74.5712,31.3445],[74.5165,31.3599],[74.511,31.3498],[74.4977,31.3493],[74.4905,31.3643]]]}},{"type":"Feature","properties":{"adm2_pcode":"PK615","adm2_name":"Khanewal","adm1_pcode":"PK6","adm1_name":"Punjab","area_sqkm":4355.7504777},"geometry":{"type":"Polygon","coordinates":[[[72.0848,30.726],[72.055,30.7328],[72.0518,30.7164],[72.0333,30.7032],[71.9925,30.6978],[72.001,30.6865],[71.9924,30.6686],[71.9694,30.6666],[71.9672,30.677],[71.9354,30.6817],[71.932,30.6679],[71.9198,30.6645],[71.8955,30.683],[71.8863,30.6753],[71.8758,30.6819],[71.8238,30.6502],[71.8133,30.6529],[71.7801,30.6175],[71.7848,30.6083],[71.7348,30.5881],[71.7022,30.5426],[71.6078,30.5022],[71.5908,30.4706],[71.5618,30.4483],[71.5251,30.4546],[71.5318,30.4319],[71.5632,30.436],[71.576,30.4184],[71.5861,30.4147],[71.5886,30.4225],[71.6115,30.4122],[71.6072,30.4012],[71.6263,30.3883],[71.624,30.3685],[71.6528,30.3563],[71.6649,30.3667],[71.6498,30.3334],[71.6563,30.3235],[71.7071,30.3061],[71.7269,30.3159],[71.7398,30.3043],[71.7729,30.305],[71.7783,30.2961],[71.7658,30.2634],[71.8165,30.2696],[71.8345,30.2513],[71.8129,30.2306],[71.7896,30.1718],[71.7515,30.1299],[71.7165,30.0493],[71.6967,30.0469],[71.6473,30.0127],[71.6192,30.011],[71.5919,29.9779],[71.5835,29.9868],[71.568,29.9825],[71.5675,29.9711],[71.5869,29.9621],[71.6165,29.9667],[71.6048,29.9325],[71.6326,29.9087],[71.6747,29.9017],[71.6813,29.9236],[71.6721,29.9322],[71.7039,29.9555],[71.7106,29.9468],[71.7297,29.95],[71.7377,29.9662],[71.7492,29.9652],[71.7731,30.0028],[71.771,30.0202],[71.79,30.022],[71.8298,30.0053],[71.8644,30.0434],[71.8726,30.0251],[71.8963,30.0511],[71.9404,30.0378],[71.9601,30.05],[71.9646,30.0772],[71.9785,30.0725],[71.9936,30.0916],[72.0545,30.0706],[72.0802,30.0811],[72.1087,30.0676],[72.1395,30.1139],[72.1674,30.1228],[72.1854,30.1161],[72.177,30.1537],[72.2189,30.1591],[72.2391,30.1793],[72.2857,30.183],[72.2902,30.2007],[72.3224,30.216],[72.3542,30.2001],[72.3988,30.218],[72.4021,30.279],[72.3945,30.2975],[72.439,30.3766],[72.439,30.4413],[72.482,30.4988],[72.4767,30.5372],[72.5009,30.5495],[72.4972,30.5781],[72.4801,30.5803],[72.4694,30.5991],[72.4488,30.5994],[72.3975,30.5831],[72.3801,30.565],[72.3612,30.5751],[72.3558,30.5606],[72.3545,30.5784],[72.3429,30.5781],[72.3024,30.5251],[72.296,30.54],[72.3214,30.5683],[72.2698,30.5483],[72.2407,30.5677],[72.2117,30.5627],[72.1521,30.573],[72.1781,30.6245],[72.1741,30.6348],[72.2273,30.7167],[72.1851,30.7125],[72.1269,30.7312],[72.0848,30.726]]]}},{"type":"Feature","properties":{"adm2_pcode":"PK616","adm2_name":"Khushab","adm1_pcode":"PK6","adm1_name":"Punjab","area_sqkm":6599.60051073},"geometry":{"type":"Polygon","coordinates":[[[72.1664,32.7033],[72.16,32.7173],[72.1461,32.7154],[72.1551,32.6667],[72.1202,32.6339],[71.9862,32.5805],[71.9782,32.57],[71.983,32.5578],[71.9571,32.5524],[71.9415,32.5283],[71.9274,32.5302],[71.9217,32.5412],[71.8823,32.5445],[71.8737,32.529],[71.8365,32.5223],[71.83,32.4961],[71.7909,32.4781],[71.7883,32.4564],[71.8244,32.4394],[71.844,32.4049],[71.8362,32.3865],[71.7256,32.2741],[71.7344,32.2482],[71.7183,32.2392],[71.7306,32.1821],[71.7514,32.1774],[71.7788,32.1387],[71.771,32.0516],[71.712,31.9896],[71.7207,31.9609],[71.6861,31.8981],[71.6447,31.8801],[71.6238,31.8508],[71.7154,31.8123],[71.7491,31.7531],[71.7596,31.6879],[71.8068,31.6631],[71.8598,31.6148],[71.9139,31.5949],[71.9369,31.5555],[71.9889,31.5314],[72.0237,31.5691],[72.0339,31.6219],[72.0988,31.6868],[72.1428,31.7493],[72.1788,31.7317],[72.199,31.7358],[72.2361,31.7848],[72.2413,31.8078],[72.2656,31.815],[72.2522,31.8573],[72.2793,31.8502],[72.2854,31.8672],[72.2505,31.9171],[72.2698,31.9686],[72.2518,31.9806],[72.2513,31.9967],[72.2916,32.0078],[72.2906,32.0213],[72.3083,32.0266],[72.3266,32.0613],[72.3236,32.1594],[72.346,32.2332],[72.3729,32.2554],[72.3969,32.2579],[72.4402,32.2947],[72.4672,32.2973],[72.4785,32.319],[72.5554,32.3696],[72.5859,32.3724],[72.6476,32.3987],[72.6699,32.3958],[72.6513,32.4561],[72.6676,32.466],[72.6432,32.5311],[72.652,32.5485],[72.6527,32.5948],[72.6148,32.5956],[72.5779,32.6192],[72.5763,32.6342],[72.5651,32.6384],[72.569,32.6605],[72.5351,32.6632],[72.5441,32.6807],[72.5376,32.6949],[72.5091,32.6676],[72.4767,32.6648],[72.4205,32.6154],[72.4103,32.6294],[72.39,32.6281],[72.3875,32.6563],[72.3737,32.6577],[72.3409,32.6948],[72.2903,32.691],[72.1664,32.7033]]]}},{"type":"Feature","properties":{"adm2_pcode":"PK617","adm2_name":"Lahore","adm1_pcode":"PK6","adm1_name":"Punjab","area_sqkm":1729.89310218},"geometry":{"type":"Polygon","coordinates":[[[74.5785,31.6234],[74.5204,31.7166],[74.4837,31.7166],[74.4506,31.6917],[74.4376,31.6969],[74.431,31.6892],[74.4489,31.6784],[74.4473,31.6713],[74.4299,31.6663],[74.4112,31.643],[74.3804,31.6568],[74.3691,31.6727],[74.3538,31.6599],[74.3492,31.6715],[74.3417,31.6682],[74.3473,31.6603],[74.3313,31.6452],[74.3181,31.6488],[74.3106,31.6718],[74.2898,31.6663],[74.2647,31.6401],[74.2556,31.6148],[74.2366,31.6135],[74.2485,31.5934],[74.2433,31.5651],[74.2144,31.5516],[74.1949,31.5153],[74.1777,31.5106],[74.1834,31.4997],[74.1763,31.4677],[74.1474,31.4549],[74.1281,31.4249],[74.1179,31.4315],[74.1271,31.4336],[74.1247,31.4517],[74.0946,31.4442],[74.0696,31.4101],[74.0846,31.4032],[74.0717,31.3729],[74.005,31.366],[74.0433,31.2992],[74.0721,31.2749],[74.0897,31.2932],[74.0889,31.2757],[74.1065,31.279],[74.1099,31.267],[74.1375,31.3014],[74.1651,31.2839],[74.1871,31.2957],[74.2188,31.2559],[74.2735,31.295],[74.2999,31.2849],[74.3533,31.2844],[74.4116,31.3037],[74.4385,31.2899],[74.4366,31.313],[74.448,31.3218],[74.4519,31.352],[74.4691,31.3654],[74.4898,31.3648],[74.5017,31.3484],[74.5165,31.3599],[74.5712,31.3445],[74.5946,31.3971],[74.6253,31.4236],[74.6411,31.4647],[74.6117,31.5062],[74.6009,31.5679],[74.5785,31.6234]]]}},{"type":"Feature","properties":{"adm2_pcode":"PK618","adm2_name":"Leiah","adm1_pcode":"PK6","adm1_name":"Punjab","area_sqkm":6412.72136053},"geometry":{"type":"Polygon","coordinates":[[[70.932,31.4104],[70.8931,31.4055],[70.8683,31.374],[70.8354,31.383],[70.8139,31.3755],[70.8081,31.3586],[70.7865,31.3501],[70.7836,31.3145],[70.7628,31.2847],[70.794,31.282],[70.775,31.2024],[70.7955,31.1039],[70.7799,31.1089],[70.781,31.0059],[70.7603,30.9765],[70.7917,30.9744],[70.7933,30.9469],[70.7567,30.9133],[70.7644,30.885],[70.7836,30.8866],[70.7888,30.8783],[70.7699,30.8444],[70.733,30.8387],[70.7452,30.8281],[70.7414,30.7779],[70.7772,30.7721],[70.794,30.7583],[70.7955,30.6535],[70.8393,30.6555],[70.8617,30.6685],[70.9089,30.6643],[70.9547,30.6723],[70.9613,30.66],[71.0043,30.6566],[71.0249,30.6423],[71.0688,30.6554],[71.1019,30.6461],[71.1528,30.677],[71.1368,30.7036],[71.1629,30.7385],[71.1602,30.7612],[71.2188,30.7679],[71.3128,30.7441],[71.4448,30.6261],[71.5286,30.5834],[71.5866,30.5927],[71.5976,30.6219],[71.6387,30.6078],[71.6492,30.6125],[71.6694,30.6396],[71.6677,30.6852],[71.6984,30.6999],[71.7042,30.7434],[71.7305,30.7543],[71.7499,30.7905],[71.7914,30.7956],[71.8006,30.8363],[71.8263,30.8389],[71.8533,30.8676],[71.8491,30.8768],[71.8158,30.8814],[71.8099,30.9062],[71.8235,30.9295],[71.7762,30.9693],[71.8111,31.0204],[71.8154,31.0545],[71.7721,31.1267],[71.7621,31.1737],[71.6877,31.1749],[71.6162,31.2287],[71.5384,31.2427],[71.4998,31.2283],[71.4813,31.1835],[71.452,31.155],[71.3195,31.141],[71.2991,31.1576],[71.2826,31.2366],[71.2563,31.2312],[71.1935,31.3113],[71.1967,31.3635],[71.1381,31.3619],[71.1044,31.3793],[71.0365,31.3849],[70.935,31.3783],[70.9269,31.3943],[70.932,31.4104]]]}},{"type":"Feature","properties":{"adm2_pcode":"PK619","adm2_name":"Lodhran","adm1_pcode":"PK6","adm1_name":"Punjab","area_sqkm":2666.34033024},"geometry":{"type":"Polygon","coordinates":[[[71.6178,29.9633],[71.609,29.9707],[71.5869,29.9621],[71.5882,29.9418],[71.5637,29.9469],[71.5443,29.9263],[71.5459,29.9058],[71.534,29.8951],[71.5476,29.8777],[71.5434,29.869],[71.5211,29.8753],[71.515,29.8589],[71.503,29.8661],[71.4917,29.8521],[71.5075,29.7909],[71.4896,29.8046],[71.4606,29.8013],[71.4582,29.8177],[71.4292,29.8079],[71.431,29.7857],[71.4167,29.7519],[71.4235,29.7389],[71.4424,29.736],[71.4443,29.7234],[71.4346,29.718],[71.4497,29.7171],[71.4262,29.7028],[71.4318,29.6767],[71.4203,29.6144],[71.4014,29.6052],[71.4071,29.5946],[71.3811,29.5906],[71.3811,29.5728],[71.3572,29.5574],[71.3646,29.5483],[71.3572,29.5228],[71.3819,29.5105],[71.3636,29.5083],[71.3678,29.4922],[71.389,29.4669],[71.3538,29.4292],[71.375,29.3882],[71.3919,29.4113],[71.4327,29.4184],[71.4769,29.3723],[71.4778,29.3967],[71.5016,29.4069],[71.5167,29.4489],[71.5434,29.4327],[71.5407,29.4188],[71.5689,29.4266],[71.5856,29.4466],[71.6103,29.4371],[71.6158,29.4569],[71.6373,29.4755],[71.6762,29.4693],[71.6949,29.4849],[71.7141,29.4828],[71.7365,29.5308],[71.7854,29.5022],[71.8168,29.5332],[71.8405,29.5377],[71.8509,29.5348],[71.8554,29.5156],[71.8712,29.5161],[71.8747,29.5456],[71.8956,29.5387],[71.8955,29.5044],[71.9043,29.4971],[71.9099,29.5322],[71.931,29.5134],[71.9465,29.514],[71.9155,29.5469],[71.9117,29.5645],[71.9345,29.566],[71.9424,29.5564],[71.9619,29.5657],[71.9691,29.5496],[71.9904,29.5466],[72.0073,29.5506],[72.0201,29.5785],[72.0252,29.5649],[72.0628,29.5522],[72.0747,29.5613],[72.0659,29.6058],[72.0794,29.5987],[72.1011,29.6104],[72.0915,29.63],[72.1048,29.6526],[72.0976,29.6615],[72.0832,29.6607],[72.0817,29.6528],[72.0571,29.655],[72.0453,29.6671],[72.0634,29.6789],[71.99,29.699],[71.9872,29.7299],[71.9687,29.7328],[71.9657,29.7468],[71.954,29.7376],[71.9483,29.7473],[71.932,29.746],[71.9328,29.7609],[71.984,29.7937],[71.9608,29.8007],[71.9377,29.8365],[71.9255,29.8364],[71.9243,29.8509],[71.907,29.8434],[71.911,29.8555],[71.9026,29.86],[71.9141,29.8792],[71.8996,29.8809],[71.8945,29.8584],[71.8796,29.8564],[71.8952,29.8837],[71.8801,29.8931],[71.8929,29.9154],[71.8728,29.908],[71.8324,29.9233],[71.7989,29.8985],[71.7539,29.921],[71.7548,29.9437],[71.7344,29.9386],[71.7322,29.9523],[71.7117,29.9467],[71.7039,29.9555],[71.6721,29.9322],[71.68,29.9101],[71.6673,29.8988],[71.6632,29.9073],[71.6326,29.9087],[71.6081,29.9271],[71.6037,29.9379],[71.6178,29.9633]]]}},{"type":"Feature","properties":{"adm2_pcode":"PK620","adm2_name":"Mandi Bahauddin","adm1_pcode":"PK6","adm1_name":"Punjab","area_sqkm":2741.66629547},"geometry":{"type":"Polygon","coordinates":[[[73.6318,32.6955],[73.5934,32.7317],[73.5903,32.7475],[73.5678,32.7164],[73.5226,32.6873],[73.4116,32.6424],[73.4059,32.6308],[73.3687,32.6177],[73.331,32.6198],[73.2207,32.5724],[73.1946,32.5745],[73.2009,32.5265],[73.1536,32.4964],[73.1684,32.4876],[73.1641,32.4682],[73.1422,32.458],[73.0772,32.4553],[73.0726,32.4399],[73.0476,32.4285],[73.0497,32.4079],[73.0807,32.395],[73.1077,32.3448],[73.0933,32.3157],[73.0762,32.3101],[73.0697,32.2969],[73.0931,32.2847],[73.1344,32.3002],[73.1328,32.2825],[73.1577,32.2382],[73.1937,32.2381],[73.2234,32.2654],[73.2362,32.2475],[73.2328,32.2313],[73.2531,32.2079],[73.2503,32.1753],[73.2758,32.1658],[73.308,32.1221],[73.3996,32.1745],[73.4355,32.1851],[73.4809,32.2417],[73.5075,32.2396],[73.5142,32.2658],[73.5452,32.2871],[73.5954,32.3024],[73.6777,32.3453],[73.7242,32.3527],[73.7335,32.3633],[73.7634,32.3439],[73.7677,32.3683],[73.7722,32.3566],[73.7868,32.3737],[73.8034,32.3704],[73.8391,32.3904],[73.8971,32.3983],[73.8858,32.4073],[73.8838,32.4417],[73.7887,32.505],[73.787,32.5442],[73.7965,32.5674],[73.7427,32.583],[73.7275,32.6171],[73.6746,32.6443],[73.6607,32.6774],[73.6634,32.6922],[73.6424,32.7013],[73.6318,32.6955]]]}},{"type":"Feature","properties":{"adm2_pcode":"PK621","adm2_name":"Mianwali","adm1_pcode":"PK6","adm1_name":"Punjab","area_sqkm":5960.29596894},"geometry":{"type":"Polygon","coordinates":[[[71.4458,33.2384],[71.416,33.2255],[71.407,33.1938],[71.436,33.181],[71.4331,33.1588],[71.4523,33.1302],[71.4233,33.0933],[71.4414,33.0691],[71.4597,33.0699],[71.4761,33.0481],[71.4583,33.0211],[71.4322,33.004],[71.4055,33.0104],[71.3851,32.9991],[71.3759,33.0058],[71.3553,32.9908],[71.3175,33.0023],[71.3182,33.0167],[71.1886,32.9755],[71.1655,32.9602],[71.1439,32.9256],[71.1337,32.811],[71.1056,32.8095],[71.1217,32.7522],[71.144,32.7224],[71.134,32.6948],[71.141,32.6797],[71.1572,32.6751],[71.1478,32.6545],[71.1577,32.6519],[71.1676,32.6188],[71.1627,32.6011],[71.2489,32.5445],[71.232,32.512],[71.2691,32.491],[71.2748,32.5119],[71.3,32.5167],[71.2988,32.5322],[71.3235,32.534],[71.3384,32.5021],[71.353,32.4985],[71.3345,32.4265],[71.3453,32.4165],[71.3271,32.4047],[71.3377,32.3695],[71.2858,32.3661],[71.2182,32.3074],[71.2066,32.2825],[71.1708,32.248],[71.1718,32.2082],[71.2009,32.196],[71.2024,32.1843],[71.2312,32.1774],[71.2277,32.1679],[71.2421,32.2024],[71.3114,32.1711],[71.3441,32.2064],[71.4631,32.1942],[71.5157,32.2214],[71.6137,32.196],[71.7284,32.1988],[71.7183,32.2392],[71.7344,32.2482],[71.7256,32.2741],[71.8362,32.3865],[71.844,32.4049],[71.8244,32.4394],[71.7883,32.4564],[71.7909,32.4781],[71.83,32.4961],[71.8365,32.5223],[71.8737,32.529],[71.8835,32.545],[71.9229,32.5408],[71.933,32.528],[71.9506,32.5339],[71.9329,32.5439],[71.9385,32.5689],[71.9226,32.5847],[71.9241,32.6138],[71.8906,32.6573],[71.9109,32.6657],[71.9155,32.6854],[71.8928,32.7023],[71.8996,32.7178],[71.8903,32.7274],[71.8915,32.7539],[71.9741,32.8046],[71.9797,32.8251],[71.9649,32.8269],[71.9683,32.8391],[71.9147,32.8606],[71.886,32.9293],[71.8795,32.9815],[71.8362,33.0022],[71.7671,33.009],[71.7458,33.0029],[71.7444,33.0295],[71.7192,33.0209],[71.7275,33.0323],[71.7185,33.0598],[71.6582,33.0735],[71.6338,33.0881],[71.603,33.1333],[71.6025,33.1842],[71.556,33.2273],[71.5161,33.2172],[71.5247,33.2021],[71.5178,33.1971],[71.5,33.1996],[71.4919,33.2159],[71.4494,33.221],[71.4458,33.2384]]]}},{"type":"Feature","properties":{"adm2_pcode":"PK622","adm2_name":"Multan","adm1_pcode":"PK6","adm1_name":"Punjab","area_sqkm":3648.24511683},"geometry":{"type":"Polygon","coordinates":[[[71.5235,30.4292],[71.4942,30.4367],[71.489,30.4146],[71.479,30.4098],[71.4625,30.4235],[71.4646,30.4075],[71.4895,30.3989],[71.4083,30.3387],[71.4098,30.3107],[71.3944,30.2783],[71.3668,30.271],[71.3858,30.2558],[71.3755,30.2575],[71.3328,30.2073],[71.3197,30.2052],[71.296,30.1703],[71.2856,30.1352],[71.2886,30.0906],[71.2757,30.0826],[71.2813,30.0681],[71.2653,30.061],[71.2585,30.029],[71.2754,29.9995],[71.2392,29.9815],[71.2159,29.9855],[71.1891,29.9313],[71.1863,29.906],[71.1685,29.8978],[71.1726,29.8785],[71.1948,29.8726],[71.1932,29.8408],[71.1753,29.8232],[71.1796,29.7979],[71.1669,29.7949],[71.163,29.7831],[71.1752,29.7429],[71.1578,29.7264],[71.1815,29.6969],[71.1531,29.6839],[71.1222,29.6866],[71.1126,29.6688],[71.0649,29.674],[71.0662,29.6593],[71.0503,29.656],[71.0412,29.6345],[71.0612,29.608],[71.0227,29.58],[71.0208,29.5511],[71.0058,29.5507],[71.0277,29.4782],[71.0279,29.4452],[71.0418,29.4372],[71.0706,29.4428],[71.0865,29.4285],[71.1049,29.4508],[71.1202,29.4472],[71.1271,29.4734],[71.1353,29.451],[71.1621,29.469],[71.2241,29.4824],[71.2386,29.4459],[71.3011,29.4408],[71.3327,29.4651],[71.3346,29.4495],[71.3131,29.4169],[71.3236,29.4154],[71.3301,29.4314],[71.3508,29.4189],[71.367,29.4503],[71.389,29.4669],[71.3678,29.4922],[71.3636,29.5083],[71.3819,29.5105],[71.3572,29.5228],[71.3646,29.5483],[71.3572,29.5574],[71.3811,29.5728],[71.3811,29.5906],[71.4071,29.5946],[71.4014,29.6052],[71.4203,29.6144],[71.4318,29.6767],[71.4262,29.7028],[71.4495,29.7161],[71.4346,29.718],[71.4443,29.7234],[71.4424,29.736],[71.4235,29.7389],[71.4167,29.7519],[71.431,29.7857],[71.4292,29.8079],[71.4582,29.8177],[71.4606,29.8013],[71.4896,29.8046],[71.5075,29.7909],[71.4917,29.8521],[71.503,29.8661],[71.515,29.8589],[71.5211,29.8753],[71.5434,29.869],[71.5476,29.8777],[71.5338,29.8945],[71.5459,29.9058],[71.5443,29.9263],[71.5637,29.9469],[71.5925,29.9467],[71.5832,29.9674],[71.565,29.9741],[71.568,29.9825],[71.5835,29.9868],[71.5919,29.9779],[71.6192,30.011],[71.6473,30.0127],[71.6967,30.0469],[71.7165,30.0493],[71.7515,30.1299],[71.7896,30.1718],[71.8136,30.2319],[71.8316,30.2436],[71.8345,30.2513],[71.8165,30.2696],[71.7658,30.2634],[71.7775,30.3032],[71.7398,30.3043],[71.7269,30.3159],[71.7071,30.3061],[71.6515,30.3271],[71.6658,30.3655],[71.6528,30.3563],[71.624,30.3685],[71.6263,30.3883],[71.6072,30.4012],[71.6115,30.4122],[71.5886,30.4225],[71.5861,30.4147],[71.576,30.4184],[71.5602,30.4367],[71.5235,30.4292]]]}},{"type":"Feature","properties":{"adm2_pcode":"PK623","adm2_name":"Muzaffargarh","adm1_pcode":"PK6","adm1_name":"Punjab","area_sqkm":7688.07184639},"geometry":{"type":"Polygon","coordinates":[[[71.255,30.7632],[71.1618,30.7625],[71.1629,30.7385],[71.1368,30.7036],[71.1528,30.677],[71.1007,30.6458],[71.0688,30.6554],[71.0249,30.6423],[71.0043,30.6566],[70.9613,30.66],[70.9547,30.6723],[70.9089,30.6643],[70.8617,30.6685],[70.8393,30.6555],[70.7955,30.6535],[70.7978,30.6276],[70.8139,30.6122],[70.8015,30.5923],[70.8149,30.5771],[70.7921,30.555],[70.8044,30.5139],[70.7934,30.4826],[70.7992,30.4572],[70.821,30.4509],[70.8331,30.3966],[70.8191,30.3199],[70.826,30.2652],[70.8006,30.2506],[70.8396,30.2034],[70.8497,30.1218],[70.8859,30.055],[70.8636,30.0472],[70.8734,30.0355],[70.8643,30.02],[70.8783,29.9723],[70.862,29.9659],[70.8854,29.9402],[70.8549,29.9366],[70.8304,29.9118],[70.8552,29.8918],[70.8399,29.8359],[70.7983,29.7958],[70.7427,29.7183],[70.7242,29.7108],[70.7357,29.6975],[70.7308,29.674],[70.7018,29.6476],[70.7169,29.6391],[70.7181,29.625],[70.6827,29.5616],[70.7099,29.5256],[70.6937,29.5107],[70.6979,29.4914],[70.6489,29.4911],[70.6376,29.4714],[70.6368,29.4124],[70.6277,29.4166],[70.6205,29.405],[70.6096,29.4153],[70.6071,29.3964],[70.6243,29.3885],[70.6099,29.3581],[70.6182,29.3185],[70.6282,29.31],[70.6217,29.2881],[70.5837,29.2589],[70.5792,29.2327],[70.5526,29.218],[70.568,29.2173],[70.5785,29.1931],[70.5778,29.1209],[70.5626,29.1132],[70.5521,29.0824],[70.5536,29.0536],[70.5398,29.0282],[70.5461,29.017],[70.6128,29.0485],[70.6189,29.0809],[70.679,29.0959],[70.7053,29.1549],[70.7506,29.1594],[70.7848,29.2465],[70.8409,29.2381],[70.8447,29.2602],[70.8551,29.2659],[70.9149,29.2413],[70.921,29.2607],[70.9109,29.2818],[70.9458,29.2697],[70.9586,29.2761],[70.9501,29.3002],[70.9147,29.3167],[70.9208,29.3326],[70.9352,29.3476],[70.9596,29.3464],[70.9716,29.3624],[70.9892,29.3577],[71.032,29.3804],[71.0361,29.4153],[71.0611,29.4428],[71.0483,29.435],[71.0279,29.4452],[71.0277,29.4782],[71.0058,29.5478],[71.0232,29.554],[71.028,29.5865],[71.0612,29.608],[71.0411,29.632],[71.0503,29.656],[71.0662,29.6593],[71.0665,29.6751],[71.1126,29.6688],[71.1222,29.6866],[71.1531,29.6839],[71.1815,29.6969],[71.1578,29.7264],[71.1752,29.7429],[71.163,29.7831],[71.1669,29.7949],[71.1796,29.7979],[71.1753,29.8232],[71.1932,29.8408],[71.1948,29.8726],[71.1726,29.8785],[71.1685,29.8978],[71.1863,29.906],[71.1891,29.9313],[71.2159,29.9855],[71.2392,29.9815],[71.2754,29.9995],[71.2585,30.029],[71.2653,30.061],[71.2813,30.0681],[71.2757,30.0826],[71.2886,30.0906],[71.2856,30.1352],[71.296,30.1703],[71.3197,30.2052],[71.3328,30.2073],[71.3755,30.2575],[71.3858,30.2558],[71.3668,30.271],[71.3944,30.2783],[71.4098,30.3107],[71.4083,30.3387],[71.4895,30.3989],[71.4646,30.4075],[71.4625,30.4235],[71.4825,30.4102],[71.4942,30.4367],[71.5284,30.4319],[71.5251,30.4546],[71.5618,30.4483],[71.5908,30.4706],[71.6078,30.5022],[71.7022,30.5426],[71.7267,30.5782],[71.7018,30.583],[71.6557,30.6202],[71.6402,30.6075],[71.5996,30.6222],[71.5866,30.5927],[71.5286,30.5834],[71.4448,30.6261],[71.3128,30.7441],[71.2802,30.7483],[71.255,30.7632]]]}},{"type":"Feature","properties":{"adm2_pcode":"PK624","adm2_name":"Nankana Sahib","adm1_pcode":"PK6","adm1_name":"Punjab","area_sqkm":2194.61281403},"geometry":{"type":"Polygon","coordinates":[[[73.4941,31.7984],[73.4852,31.8295],[73.4613,31.8417],[73.4415,31.8064],[73.4221,31.8064],[73.4025,31.8214],[73.3876,31.8012],[73.3561,31.7925],[73.3354,31.8004],[73.3249,31.7708],[73.292,31.7653],[73.2958,31.7514],[73.2875,31.7413],[73.3265,31.7177],[73.3634,31.7215],[73.3703,31.6748],[73.3844,31.6702],[73.3743,31.6593],[73.4384,31.6356],[73.4558,31.6197],[73.4506,31.5673],[73.4673,31.5611],[73.4622,31.5477],[73.4857,31.5375],[73.4856,31.4947],[73.4618,31.4745],[73.507,31.4308],[73.5313,31.4234],[73.5747,31.4513],[73.6018,31.4435],[73.6536,31.4593],[73.6767,31.4218],[73.6717,31.4126],[73.6806,31.387],[73.6624,31.3641],[73.6722,31.3336],[73.6455,31.2814],[73.5872,31.2483],[73.585,31.2344],[73.5702,31.2357],[73.5558,31.2096],[73.525,31.1868],[73.4978,31.1927],[73.4488,31.1651],[73.4328,31.1347],[73.4408,31.1156],[73.3988,31.0893],[73.39,31.0224],[73.4308,31.0434],[73.4384,31.0668],[73.4536,31.0717],[73.462,31.0868],[73.4896,31.0981],[73.4948,31.0892],[73.5135,31.0908],[73.5567,31.1069],[73.6039,31.0928],[73.6199,31.129],[73.6623,31.1491],[73.6792,31.1474],[73.7042,31.1743],[73.7244,31.1664],[73.7469,31.1981],[73.8114,31.2255],[73.8272,31.216],[73.8944,31.2281],[73.9186,31.2537],[73.9061,31.2717],[73.9367,31.2915],[74.0347,31.3117],[74.0035,31.3606],[74.0314,31.3835],[74.0381,31.4015],[74.0218,31.4103],[74.032,31.4291],[74.0234,31.4521],[74.0001,31.4514],[73.9837,31.4714],[73.9509,31.4666],[73.943,31.4749],[73.9416,31.4907],[73.9527,31.5063],[73.9868,31.5234],[73.9955,31.5608],[73.9538,31.5535],[73.9433,31.5732],[73.9302,31.5777],[73.9276,31.5984],[73.914,31.595],[73.9017,31.575],[73.8389,31.5686],[73.7649,31.5878],[73.7252,31.5631],[73.7274,31.5491],[73.7472,31.5448],[73.7439,31.5339],[73.7234,31.5386],[73.6786,31.5209],[73.659,31.4901],[73.63,31.5295],[73.6259,31.5544],[73.642,31.5914],[73.669,31.6117],[73.6011,31.6821],[73.6265,31.688],[73.6289,31.7023],[73.5899,31.7136],[73.5529,31.6343],[73.5203,31.6398],[73.5501,31.6643],[73.5556,31.6818],[73.5326,31.6918],[73.5138,31.6809],[73.4682,31.7023],[73.4931,31.7069],[73.4706,31.7588],[73.4701,31.776],[73.4941,31.7984]]]}},{"type":"Feature","properties":{"adm2_pcode":"PK625","adm2_name":"Narowal","adm1_pcode":"PK6","adm1_name":"Punjab","area_sqkm":2376.3135068},"geometry":{"type":"Polygon","coordinates":[[[75.0366,32.4921],[74.9879,32.4496],[74.9489,32.4541],[74.9368,32.4654],[74.9256,32.4126],[74.8988,32.3878],[74.8755,32.383],[74.8601,32.325],[74.8487,32.319],[74.8522,32.3042],[74.8267,32.3076],[74.8227,32.2921],[74.8044,32.2874],[74.7793,32.297],[74.7672,32.2865],[74.7653,32.2538],[74.7528,32.2538],[74.7393,32.2263],[74.7607,32.1898],[74.7524,32.1575],[74.6747,32.1352],[74.6248,32.0948],[74.6226,32.0683],[74.588,32.0602],[74.5978,32.0298],[74.6239,32.0056],[74.6415,31.9709],[74.6592,31.9699],[74.6785,31.9385],[74.6911,31.9365],[74.6938,31.9188],[74.7033,31.9249],[74.7092,31.9579],[74.7364,31.9371],[74.8045,31.9469],[74.8317,32.0],[74.8472,32.0015],[74.9325,32.0603],[74.9603,32.055],[75.0049,32.0288],[75.0509,32.0413],[75.0736,32.0628],[75.0874,32.0548],[75.1267,32.0743],[75.1719,32.0661],[75.1944,32.0809],[75.2119,32.1191],[75.2334,32.0844],[75.272,32.1128],[75.2833,32.1422],[75.3142,32.1592],[75.3228,32.2013],[75.3748,32.2243],[75.3808,32.265],[75.3399,32.2886],[75.3304,32.3317],[75.2315,32.3992],[75.1955,32.4053],[75.1885,32.4245],[75.1396,32.4146],[75.0826,32.48],[75.0366,32.4921]]]}},{"type":"Feature","properties":{"adm2_pcode":"PK626","adm2_name":"Okara","adm1_pcode":"PK6","adm1_name":"Punjab","area_sqkm":4437.23687817},"geometry":{"type":"Polygon","coordinates":[[[73.6772,31.0918],[73.6608,31.1324],[73.6434,31.1398],[73.6199,31.129],[73.6125,31.0997],[73.6004,31.0916],[73.5567,31.1069],[73.508,31.0899],[73.4948,31.0892],[73.4896,31.0981],[73.4587,31.0853],[73.4536,31.0717],[73.4384,31.0668],[73.4308,31.0434],[73.39,31.0224],[73.3979,30.9957],[73.383,30.9922],[73.376,31.0041],[73.3334,30.9804],[73.3107,30.989],[73.3089,30.9755],[73.2932,30.972],[73.2882,30.953],[73.2766,30.9533],[73.2675,30.9386],[73.2706,30.8857],[73.28,30.879],[73.2997,30.886],[73.2848,30.8607],[73.3051,30.858],[73.2746,30.8399],[73.2905,30.8208],[73.2767,30.8118],[73.29,30.7827],[73.3039,30.7767],[73.3309,30.7894],[73.3664,30.7636],[73.3661,30.7162],[73.345,30.6915],[73.3738,30.6232],[73.3692,30.6094],[73.3433,30.5952],[73.3582,30.581],[73.3545,30.5716],[73.332,30.5701],[73.2851,30.5439],[73.3046,30.5409],[73.3068,30.5291],[73.3259,30.5207],[73.3272,30.4989],[73.3545,30.5236],[73.3924,30.5104],[73.3893,30.5303],[73.4073,30.5322],[73.4185,30.5463],[73.4171,30.5671],[73.4361,30.5769],[73.4277,30.579],[73.4306,30.5858],[73.4412,30.5936],[73.4447,30.5856],[73.4612,30.5903],[73.4504,30.6017],[73.4774,30.6152],[73.4718,30.6088],[73.4844,30.5898],[73.4734,30.5804],[73.4669,30.5477],[73.4839,30.5511],[73.483,30.542],[73.519,30.5152],[73.5622,30.5191],[73.5926,30.5098],[73.595,30.4959],[73.6274,30.4939],[73.6177,30.4853],[73.6367,30.4767],[73.6242,30.4573],[73.6327,30.4492],[73.6153,30.4342],[73.5987,30.4343],[73.5808,30.3988],[73.6299,30.405],[73.6272,30.3925],[73.6399,30.3831],[73.6421,30.37],[73.6261,30.3644],[73.6245,30.2826],[73.6338,30.2742],[73.6327,30.2548],[73.6629,30.2811],[73.6843,30.2673],[73.7084,30.2755],[73.7302,30.2664],[73.7685,30.2827],[73.7817,30.3211],[73.8383,30.3165],[73.851,30.2995],[73.8556,30.3112],[73.9,30.3392],[73.9072,30.3198],[73.9175,30.319],[73.9243,30.3296],[73.8753,30.3614],[73.8732,30.3834],[73.9034,30.4168],[73.9279,30.4209],[73.9353,30.463],[73.9627,30.4576],[73.9837,30.5005],[74.032,30.5358],[74.0665,30.5202],[74.0776,30.5294],[74.0848,30.5407],[74.0757,30.5546],[74.0971,30.5638],[74.1003,30.6078],[74.1618,30.6416],[74.1349,30.6892],[74.1199,30.6975],[74.1136,30.7206],[74.0722,30.756],[74.0768,30.773],[74.0649,30.7953],[74.0277,30.7997],[74.014,30.8156],[74.0159,30.8289],[74.0004,30.8325],[73.988,30.8206],[73.9754,30.8346],[73.9449,30.8447],[73.9326,30.8618],[73.8582,30.8622],[73.8168,30.9338],[73.7866,30.9232],[73.7564,30.9451],[73.7623,30.9925],[73.7307,31.0059],[73.712,31.0441],[73.662,31.061],[73.663,31.0843],[73.6772,31.0918]]]}},{"type":"Feature","properties":{"adm2_pcode":"PK627","adm2_name":"Pakpattan","adm1_pcode":"PK6","adm1_name":"Punjab","area_sqkm":2884.28424266},"geometry":{"type":"Polygon","coordinates":[[[73.4844,30.5898],[73.4718,30.6088],[73.4762,30.6152],[73.4504,30.6017],[73.4612,30.5903],[73.4352,30.5903],[73.4277,30.579],[73.4348,30.5741],[73.4171,30.5671],[73.4185,30.5463],[73.4073,30.5322],[73.3893,30.5303],[73.3914,30.5101],[73.3545,30.5236],[73.3272,30.4989],[73.3267,30.5193],[73.3068,30.5291],[73.3046,30.5409],[73.2921,30.5318],[73.2921,30.5178],[73.281,30.5235],[73.2836,30.5331],[73.2356,30.5427],[73.2298,30.539],[73.2368,30.528],[73.215,30.5334],[73.2145,30.5185],[73.1844,30.5256],[73.1911,30.5036],[73.2064,30.5059],[73.2031,30.4961],[73.1625,30.4813],[73.1246,30.4806],[73.1394,30.4784],[73.135,30.4719],[73.0872,30.4676],[73.1053,30.46],[73.1013,30.4465],[73.0925,30.4426],[73.0753,30.4593],[73.0723,30.4232],[73.0551,30.4068],[73.0316,30.4278],[73.0338,30.4089],[73.0078,30.4199],[73.0133,30.4042],[73.0003,30.4038],[72.9966,30.4193],[72.982,30.4238],[72.9619,30.4551],[72.9551,30.4422],[72.9674,30.4377],[72.9489,30.4284],[72.9496,30.4182],[72.9405,30.4198],[72.9425,30.4377],[72.9307,30.4333],[72.932,30.4227],[72.8986,30.4224],[72.8969,30.4069],[72.882,30.4117],[72.8992,30.3926],[72.8555,30.4069],[72.8291,30.4028],[72.8343,30.382],[72.8453,30.3802],[72.8417,30.3284],[72.8484,30.3143],[72.922,30.3098],[72.9412,30.2939],[72.9896,30.2958],[72.9921,30.2769],[72.9622,30.2682],[72.9513,30.2404],[72.957,30.2012],[72.9423,30.1747],[72.9422,30.1029],[72.9298,30.0856],[72.9387,30.0525],[72.929,30.0244],[72.9528,30.0363],[72.9795,30.0247],[72.9617,29.9887],[72.971,29.9631],[73.0185,29.9653],[73.0055,29.9826],[73.0277,29.9984],[73.0163,30.032],[73.0268,30.0418],[73.0996,30.0023],[73.0819,30.0226],[73.1484,30.0542],[73.1593,30.0781],[73.1853,30.0449],[73.191,30.0702],[73.218,30.0667],[73.2312,30.0911],[73.2502,30.0916],[73.2722,30.1107],[73.2896,30.1019],[73.3066,30.1025],[73.2998,30.1086],[73.3059,30.1128],[73.3519,30.1047],[73.3787,30.0713],[73.3848,30.084],[73.3737,30.1097],[73.376,30.1491],[73.4077,30.1484],[73.415,30.1735],[73.4528,30.1589],[73.4455,30.1777],[73.4584,30.1814],[73.4493,30.2041],[73.4553,30.2201],[73.4666,30.2218],[73.4812,30.2077],[73.4818,30.2191],[73.4935,30.2183],[73.5347,30.2622],[73.5659,30.2547],[73.5734,30.2713],[73.6009,30.2656],[73.6255,30.2782],[73.6261,30.3644],[73.6421,30.37],[73.6399,30.3831],[73.6272,30.3925],[73.6299,30.405],[73.5808,30.3988],[73.5992,30.4348],[73.6153,30.4342],[73.6321,30.4481],[73.6242,30.4573],[73.6367,30.4767],[73.619,30.4819],[73.6262,30.4946],[73.5944,30.4962],[73.5926,30.5098],[73.5604,30.5192],[73.519,30.5152],[73.483,30.542],[73.4839,30.5511],[73.468,30.5468],[73.4734,30.5804],[73.4844,30.5898]]]}},{"type":"Feature","properties":{"adm2_pcode":"PK628","adm2_name":"Rahim Yar Khan","adm1_pcode":"PK6","adm1_name":"Punjab","area_sqkm":12848.72205835},"geometry":{"type":"MultiPolygon","coordinates":[[[[70.917,29.2393],[70.8551,29.2659],[70.8447,29.2602],[70.8409,29.2381],[70.7848,29.2465],[70.7506,29.1594],[70.7053,29.1549],[70.679,29.0959],[70.6189,29.0809],[70.6128,29.0485],[70.5637,29.0299],[70.5154,28.9946],[70.4816,28.9903],[70.4877,28.9582],[70.4661,28.9503],[70.4598,28.9379],[70.3823,28.9488],[70.3446,28.9247],[70.3451,28.9157],[70.41,28.8663],[70.4112,28.8506],[70.3849,28.7901],[70.3727,28.7887],[70.3436,28.8251],[70.2874,28.8139],[70.2857,28.804],[70.3169,28.7648],[70.3139,28.7561],[70.2961,28.7488],[70.2709,28.7573],[70.2515,28.7532],[70.2308,28.7702],[70.2236,28.749],[70.2012,28.7558],[70.1982,28.744],[70.2309,28.7137],[70.2255,28.6865],[70.2065,28.6707],[70.1197,28.6659],[70.0852,28.6423],[70.0803,28.6212],[70.1225,28.6031],[70.0755,28.5631],[70.0632,28.5276],[70.0516,28.5229],[70.0186,28.5431],[70.0058,28.5395],[69.9971,28.5183],[69.9701,28.5037],[69.9662,28.4578],[69.9149,28.4279],[69.8975,28.4272],[69.8568,28.4576],[69.8645,28.4261],[69.8374,28.4228],[69.8128,28.3963],[69.7514,28.4029],[69.7619,28.3847],[69.7943,28.3799],[69.7919,28.3679],[69.8159,28.3581],[69.8155,28.2772],[69.8367,28.2688],[69.8316,28.2411],[69.8576,28.1971],[69.8377,28.1697],[69.8477,28.1526],[69.8451,28.1332],[69.8788,28.0802],[70.0008,27.9374],[70.0351,27.9271],[70.0692,27.8954],[70.1236,27.882],[70.1805,27.8549],[70.2076,27.8854],[70.3029,27.9462],[70.3662,28.0083],[70.5098,28.0355],[70.5626,28.0198],[70.6607,27.9305],[70.6721,27.9143],[70.6784,27.8391],[70.7577,27.7172],[70.8853,27.7058],[71.1058,27.7931],[71.0917,27.8983],[71.0613,28.0157],[71.0303,28.1185],[70.9919,28.1777],[70.9746,28.2345],[70.9705,28.3774],[70.9485,28.5118],[70.9526,28.5773],[70.9788,28.6803],[71.0403,28.8039],[71.0569,28.8615],[71.0602,28.8906],[71.0436,28.918],[71.0616,28.9346],[71.0519,28.9645],[71.0612,28.9826],[71.041,29.0008],[71.064,29.025],[71.0605,29.0471],[71.0874,29.0679],[71.0827,29.1181],[71.0728,29.1296],[71.0824,29.1433],[71.0641,29.1511],[71.0359,29.1422],[70.9999,29.0836],[70.9844,29.0822],[70.9502,29.1067],[70.9171,29.1816],[70.8865,29.1767],[70.9111,29.2082],[70.917,29.2393]]],[[[69.5542,28.1238],[69.5818,28.1982],[69.5363,28.2094],[69.5191,28.2372],[69.4751,28.2648],[69.4803,28.2427],[69.4667,28.2114],[69.5261,28.1681],[69.5332,28.1273],[69.5542,28.1238]]],[[[69.6316,28.3531],[69.5851,28.351],[69.5592,28.3951],[69.5336,28.3888],[69.5917,28.2884],[69.6045,28.2205],[69.6689,28.2225],[69.6726,28.2501],[69.694,28.2592],[69.7224,28.2358],[69.7432,28.2413],[69.7578,28.3115],[69.7079,28.2922],[69.6499,28.3463],[69.6316,28.3531]]]]}},{"type":"Feature","properties":{"adm2_pcode":"PK629","adm2_name":"Rajanpur","adm1_pcode":"PK6","adm1_name":"Punjab","area_sqkm":12584.64545198},"geometry":{"type":"Polygon","coordinates":[[[70.0876,29.8155],[69.9082,29.8616],[69.8777,29.8988],[69.8358,29.8615],[69.789,29.7688],[69.7534,29.7456],[69.7326,29.7189],[69.646,29.6853],[69.6289,29.6687],[69.6187,29.64],[69.5915,29.626],[69.6033,29.5968],[69.5981,29.5311],[69.5918,29.5039],[69.5658,29.4672],[69.5645,29.4091],[69.5766,29.4043],[69.615,29.4233],[69.6525,29.3891],[69.6691,29.3556],[69.642,29.3253],[69.6403,29.3111],[69.6714,29.3052],[69.6867,29.2587],[69.7457,29.2952],[69.7665,29.2978],[69.7672,29.2775],[69.744,29.2364],[69.7519,29.1805],[69.7063,29.0897],[69.6506,29.0657],[69.594,28.9942],[69.5812,28.9601],[69.5554,28.9518],[69.5418,28.9285],[69.4896,28.8916],[69.4846,28.8444],[69.5254,28.8257],[69.5377,28.8011],[69.5329,28.7731],[69.4209,28.5977],[69.3219,28.5496],[69.3638,28.4456],[69.4136,28.4481],[69.4372,28.4753],[69.512,28.4849],[69.6245,28.4675],[69.6059,28.4395],[69.7114,28.4254],[69.7514,28.4029],[69.802,28.3948],[69.8205,28.4011],[69.8374,28.4228],[69.8645,28.4261],[69.8554,28.4573],[69.8975,28.4272],[69.9264,28.4327],[69.9662,28.4578],[69.9701,28.5037],[69.9971,28.5183],[70.0031,28.5372],[70.0186,28.5431],[70.0487,28.5236],[70.0603,28.5255],[70.0755,28.5631],[70.1216,28.6007],[70.0803,28.6212],[70.0798,28.6361],[70.0949,28.6517],[70.1197,28.6659],[70.2065,28.6707],[70.2216,28.6805],[70.2309,28.7137],[70.1982,28.744],[70.2012,28.7558],[70.2236,28.749],[70.2308,28.7702],[70.2515,28.7532],[70.3108,28.754],[70.3169,28.7648],[70.2843,28.8086],[70.3105,28.8209],[70.3464,28.8242],[70.3727,28.7887],[70.3879,28.7929],[70.41,28.8663],[70.3451,28.9157],[70.35,28.9305],[70.3823,28.9488],[70.4598,28.9379],[70.4661,28.9503],[70.4877,28.9582],[70.4816,28.9903],[70.5154,28.9946],[70.5461,29.017],[70.5398,29.0282],[70.5536,29.0536],[70.5521,29.0824],[70.5626,29.1132],[70.5778,29.1209],[70.5785,29.1931],[70.568,29.2173],[70.5526,29.218],[70.5792,29.2327],[70.5837,29.2589],[70.6217,29.2881],[70.6282,29.31],[70.6182,29.3185],[70.6099,29.3581],[70.6243,29.3885],[70.6071,29.3964],[70.6096,29.4153],[70.6205,29.405],[70.6277,29.4166],[70.6368,29.4124],[70.6438,29.4849],[70.6512,29.4919],[70.697,29.4905],[70.6937,29.5107],[70.7099,29.5256],[70.6827,29.5549],[70.7189,29.6283],[70.7018,29.6476],[70.7218,29.6663],[70.6989,29.714],[70.7029,29.7296],[70.6853,29.7436],[70.6889,29.7819],[70.661,29.8028],[70.6062,29.8029],[70.5779,29.7737],[70.5733,29.7303],[70.5357,29.6679],[70.4763,29.6307],[70.427,29.6187],[70.4279,29.6414],[70.3956,29.6671],[70.3929,29.6939],[70.3537,29.7307],[70.1765,29.7472],[70.1288,29.775],[70.0876,29.8155]]]}},{"type":"Feature","properties":{"adm2_pcode":"PK630","adm2_name":"Rawalpindi","adm1_pcode":"PK6","adm1_name":"Punjab","area_sqkm":5225.9680358},"geometry":{"type":"Polygon","coordinates":[[[73.512,34.0177],[73.4719,34.0167],[73.4236,33.9556],[73.4041,33.9758],[73.3787,33.9623],[73.3822,33.9418],[73.3466,33.9187],[73.3288,33.8732],[73.3,33.8456],[73.2673,33.8377],[73.2539,33.8447],[73.2301,33.821],[73.1685,33.8045],[73.2614,33.7787],[73.3374,33.7278],[73.3472,33.709],[73.3894,33.7036],[73.3545,33.6625],[73.3238,33.6666],[73.3021,33.655],[73.3026,33.6106],[73.2929,33.5944],[73.2988,33.5913],[73.1997,33.4897],[73.0869,33.5424],[73.1545,33.5784],[73.0882,33.6642],[73.0018,33.6188],[72.9888,33.6339],[72.9688,33.6315],[72.9861,33.6106],[72.9142,33.5726],[72.8139,33.7014],[72.9261,33.7372],[72.9239,33.7456],[72.8807,33.7575],[72.8887,33.7664],[72.8294,33.7633],[72.8217,33.7783],[72.8302,33.7909],[72.8417,33.8028],[72.8554,33.7971],[72.8718,33.8259],[72.8201,33.8295],[72.8122,33.8197],[72.8169,33.8032],[72.7905,33.8041],[72.7879,33.828],[72.7665,33.8562],[72.7442,33.8653],[72.7303,33.8559],[72.7226,33.8373],[72.7379,33.8241],[72.6966,33.8184],[72.6849,33.8082],[72.7035,33.7781],[72.6946,33.7652],[72.701,33.745],[72.6919,33.7353],[72.7192,33.734],[72.7215,33.7456],[72.7331,33.7101],[72.7423,33.7171],[72.7524,33.7106],[72.7545,33.6959],[72.7305,33.6897],[72.7458,33.6654],[72.743,33.6364],[72.8114,33.6418],[72.8153,33.6358],[72.7981,33.6246],[72.8226,33.6005],[72.8164,33.5679],[72.8444,33.5612],[72.8555,33.5485],[72.8539,33.5332],[72.9003,33.518],[72.9247,33.487],[72.8862,33.4617],[72.8678,33.4746],[72.7758,33.4449],[72.7736,33.3974],[72.7576,33.4019],[72.7232,33.3765],[72.6787,33.3043],[72.6885,33.2763],[72.663,33.2745],[72.6503,33.2533],[72.6445,33.2201],[72.6331,33.2152],[72.6363,33.1902],[72.662,33.2125],[72.6765,33.2056],[72.7101,33.2127],[72.7231,33.193],[72.7679,33.1894],[72.812,33.1589],[72.9254,33.1694],[72.9302,33.1398],[72.9494,33.1148],[73.011,33.1077],[73.0259,33.0869],[73.0255,33.0671],[73.0349,33.0644],[73.0702,33.0793],[73.0859,33.1053],[73.1037,33.1059],[73.1034,33.0854],[73.1174,33.0741],[73.1339,33.0963],[73.2047,33.0983],[73.2156,33.0863],[73.3394,33.1117],[73.3642,33.1028],[73.3954,33.1419],[73.378,33.1726],[73.4127,33.1945],[73.4198,33.215],[73.434,33.2178],[73.427,33.2317],[73.4329,33.2365],[73.4465,33.2343],[73.4575,33.2469],[73.4808,33.2252],[73.5035,33.2229],[73.5215,33.229],[73.5304,33.2456],[73.548,33.199],[73.5624,33.2228],[73.5608,33.2371],[73.5623,33.23],[73.5935,33.2316],[73.6004,33.2484],[73.6079,33.2436],[73.6236,33.2553],[73.6089,33.3101],[73.5986,33.3181],[73.6072,33.3333],[73.5847,33.3392],[73.5705,33.3722],[73.5958,33.4178],[73.5972,33.4392],[73.6266,33.4597],[73.6083,33.4919],[73.6114,33.5128],[73.6317,33.5264],[73.623,33.5481],[73.6269,33.5689],[73.5986,33.6069],[73.5689,33.6242],[73.5739,33.6644],[73.5989,33.6986],[73.5925,33.7469],[73.5667,33.7889],[73.5836,33.8944],[73.5387,33.9513],[73.512,34.0177]]]}},{"type":"Feature","properties":{"adm2_pcode":"PK631","adm2_name":"Sahiwal","adm1_pcode":"PK6","adm1_name":"Punjab","area_sqkm":3228.72015582},"geometry":{"type":"Polygon","coordinates":[[[73.2706,30.8857],[73.2675,30.9386],[73.2377,30.9301],[73.2271,30.9101],[73.2145,30.9066],[73.1935,30.9248],[73.1873,30.9148],[73.1969,30.9017],[73.1734,30.8987],[73.173,30.887],[73.1863,30.8799],[73.174,30.8677],[73.1902,30.8665],[73.1786,30.859],[73.1759,30.8423],[73.1592,30.8469],[73.1594,30.8675],[73.1331,30.8701],[73.126,30.8593],[73.1402,30.8312],[73.13,30.831],[73.1157,30.8117],[73.101,30.8068],[73.0955,30.8154],[73.0915,30.8008],[73.0719,30.7962],[73.0671,30.8085],[73.0545,30.8087],[73.0353,30.7943],[73.0356,30.7802],[73.0152,30.7719],[73.0093,30.7807],[73.0188,30.8015],[73.0027,30.8017],[73.003,30.7623],[72.9861,30.7632],[72.9857,30.7855],[72.9783,30.7686],[72.9701,30.7783],[72.9384,30.7418],[72.9207,30.742],[72.9199,30.7302],[72.9379,30.7216],[72.9288,30.7149],[72.9285,30.6949],[72.9148,30.6947],[72.9138,30.676],[72.877,30.6835],[72.873,30.694],[72.861,30.6891],[72.8527,30.7024],[72.8421,30.6815],[72.8294,30.6848],[72.8253,30.6967],[72.8191,30.6839],[72.8069,30.685],[72.8113,30.6807],[72.759,30.6815],[72.752,30.6654],[72.7891,30.6613],[72.7719,30.6524],[72.769,30.6413],[72.7794,30.6462],[72.7818,30.6351],[72.7603,30.6271],[72.759,30.6026],[72.7264,30.6024],[72.7429,30.5896],[72.7371,30.5823],[72.7269,30.5878],[72.7148,30.5789],[72.6619,30.574],[72.6607,30.5926],[72.6459,30.574],[72.6012,30.5769],[72.5869,30.5886],[72.6065,30.5911],[72.5863,30.5968],[72.5723,30.616],[72.5568,30.5972],[72.5578,30.6181],[72.5324,30.6112],[72.548,30.6106],[72.5422,30.5981],[72.5167,30.6043],[72.5244,30.5857],[72.4972,30.5781],[72.5009,30.5495],[72.4773,30.539],[72.482,30.4988],[72.439,30.4413],[72.439,30.3766],[72.3945,30.2975],[72.4021,30.279],[72.3988,30.218],[72.4077,30.2115],[72.3979,30.1875],[72.443,30.1804],[72.4426,30.1685],[72.4617,30.1624],[72.4813,30.1728],[72.486,30.1957],[72.5148,30.2226],[72.5045,30.2281],[72.5165,30.2393],[72.5174,30.2624],[72.532,30.2608],[72.5413,30.2708],[72.5463,30.2627],[72.5733,30.2663],[72.5722,30.2458],[72.5815,30.2295],[72.5903,30.2304],[72.5896,30.2409],[72.6008,30.2363],[72.6025,30.2487],[72.6217,30.2539],[72.6288,30.2653],[72.6244,30.2843],[72.638,30.2842],[72.6495,30.314],[72.6651,30.3091],[72.6757,30.3283],[72.6875,30.3186],[72.6848,30.3041],[72.7046,30.2941],[72.7305,30.3397],[72.7453,30.326],[72.7767,30.3264],[72.7809,30.3401],[72.793,30.3323],[72.7944,30.3461],[72.8099,30.3481],[72.8086,30.3591],[72.7997,30.3574],[72.8033,30.3669],[72.8443,30.3736],[72.8291,30.4028],[72.8555,30.4069],[72.8992,30.3926],[72.882,30.4117],[72.8969,30.4069],[72.8986,30.4224],[72.932,30.4227],[72.9307,30.4333],[72.9425,30.4377],[72.9405,30.4198],[72.9496,30.4182],[72.9489,30.4284],[72.9674,30.4377],[72.9551,30.4422],[72.9594,30.4543],[72.982,30.4238],[72.9966,30.4193],[73.0003,30.4038],[73.0133,30.4042],[73.0078,30.4199],[73.0338,30.4089],[73.0316,30.4278],[73.0551,30.4068],[73.0723,30.4232],[73.0753,30.4593],[73.0925,30.4426],[73.1013,30.4465],[73.1053,30.46],[73.0872,30.4676],[73.135,30.4719],[73.1394,30.4784],[73.1246,30.4806],[73.1625,30.4813],[73.2031,30.4961],[73.2064,30.5059],[73.1911,30.5036],[73.1844,30.5256],[73.2145,30.5185],[73.215,30.5334],[73.2368,30.528],[73.2298,30.539],[73.2356,30.5427],[73.2836,30.5331],[73.281,30.5235],[73.2921,30.5178],[73.2921,30.5318],[73.3046,30.5409],[73.2856,30.5464],[73.332,30.5701],[73.3541,30.5714],[73.3582,30.581],[73.3433,30.5952],[73.3738,30.6183],[73.345,30.6915],[73.3661,30.7162],[73.368,30.7498],[73.3631,30.7729],[73.3372,30.7876],[73.3039,30.7767],[73.29,30.7827],[73.2767,30.8118],[73.2905,30.8208],[73.2746,30.8399],[73.3051,30.858],[73.2848,30.8607],[73.3008,30.8846],[73.28,30.879],[73.2706,30.8857]]]}},{"type":"Feature","properties":{"adm2_pcode":"PK632","adm2_name":"Sargodha","adm1_pcode":"PK6","adm1_name":"Punjab","area_sqkm":5845.8606836},"geometry":{"type":"Polygon","coordinates":[[[73.1892,32.5747],[73.0855,32.5766],[73.0298,32.5518],[72.9781,32.5505],[72.938,32.5258],[72.8783,32.5063],[72.8483,32.4628],[72.7632,32.4383],[72.7253,32.4174],[72.6602,32.424],[72.6699,32.3958],[72.6476,32.3987],[72.5859,32.3724],[72.5554,32.3696],[72.4785,32.319],[72.4672,32.2973],[72.4402,32.2947],[72.3969,32.2579],[72.3729,32.2554],[72.3465,32.2337],[72.3236,32.1594],[72.3266,32.0613],[72.3083,32.0266],[72.2906,32.0213],[72.2916,32.0078],[72.2513,31.9967],[72.2518,31.9806],[72.2698,31.9686],[72.2505,31.9171],[72.2853,31.8646],[72.2793,31.8502],[72.2522,31.8573],[72.2656,31.815],[72.2413,31.8078],[72.235,31.783],[72.2116,31.7592],[72.2459,31.7469],[72.2594,31.7624],[72.2757,31.7639],[72.3212,31.7429],[72.3584,31.7125],[72.3307,31.6712],[72.3041,31.6811],[72.3071,31.6494],[72.2426,31.5947],[72.2533,31.574],[72.2416,31.5609],[72.2774,31.5619],[72.288,31.5874],[72.3688,31.6236],[72.3692,31.6531],[72.3776,31.6592],[72.4631,31.6658],[72.4835,31.6832],[72.5054,31.6874],[72.5015,31.7007],[72.5199,31.7043],[72.5187,31.7272],[72.5347,31.7357],[72.5493,31.7304],[72.5651,31.7643],[72.659,31.7827],[72.6789,31.7779],[72.7156,31.8059],[72.7368,31.8008],[72.7807,31.834],[72.8128,31.8417],[72.8467,31.8263],[72.8542,31.8579],[72.8874,31.8732],[72.8984,31.8694],[72.9088,31.8424],[72.9495,31.8515],[72.9588,31.8355],[72.9827,31.8426],[72.9739,31.8594],[72.9846,31.8703],[72.9751,31.8811],[72.9422,31.8947],[72.9259,31.8884],[72.895,31.9124],[72.8942,31.9231],[72.9071,31.9279],[72.9214,31.9201],[72.937,31.9375],[72.9629,31.9261],[72.9635,31.9341],[72.9411,31.9454],[72.9475,31.9771],[72.9594,31.9759],[72.9696,31.9582],[72.9958,31.9657],[73.053,31.9321],[73.1124,31.9301],[73.1575,31.9126],[73.1669,31.8913],[73.1742,31.8962],[73.1874,31.9467],[73.2354,31.9995],[73.2271,32.0284],[73.2493,32.0387],[73.2613,32.0557],[73.2553,32.0698],[73.2614,32.0825],[73.308,32.1221],[73.2758,32.1658],[73.2503,32.1753],[73.2531,32.2079],[73.2328,32.2313],[73.2362,32.2475],[73.2234,32.2654],[73.1937,32.2381],[73.1577,32.2382],[73.1328,32.2825],[73.1344,32.3002],[73.0931,32.2847],[73.0697,32.2969],[73.0762,32.3101],[73.0933,32.3157],[73.1077,32.3448],[73.0807,32.395],[73.0497,32.4079],[73.0475,32.4264],[73.0726,32.4399],[73.0772,32.4553],[73.1422,32.458],[73.1641,32.4682],[73.1684,32.4876],[73.1536,32.4964],[73.2016,32.5289],[73.1892,32.5747]]]}},{"type":"Feature","properties":{"adm2_pcode":"PK633","adm2_name":"Sheikhupura","adm1_pcode":"PK6","adm1_name":"Punjab","area_sqkm":3628.42999999},"geometry":{"type":"Polygon","coordinates":[[[74.6248,32.0045],[74.5978,32.0298],[74.588,32.0602],[74.5724,32.0604],[74.5237,32.0226],[74.5176,32.0069],[74.4755,32.0011],[74.4693,31.9701],[74.44,31.9635],[74.3975,31.9155],[74.378,31.9117],[74.3583,31.8887],[74.334,31.8869],[74.3133,31.8979],[74.2977,31.8832],[74.208,31.8865],[74.1917,31.8719],[74.1892,31.8539],[74.1643,31.8534],[74.1598,31.8378],[74.1272,31.8206],[74.0753,31.8209],[74.0377,31.841],[74.0261,31.8323],[73.9822,31.8314],[73.9758,31.855],[73.9557,31.851],[73.9445,31.8355],[73.8781,31.8513],[73.882,31.8763],[73.8482,31.9123],[73.8759,31.9297],[73.8827,31.9494],[73.8308,31.9578],[73.8056,31.9844],[73.7676,31.9628],[73.7384,31.9228],[73.7204,31.9235],[73.6913,31.8923],[73.6564,31.8913],[73.6453,31.8763],[73.6175,31.8794],[73.598,31.8693],[73.5688,31.8841],[73.5574,31.8749],[73.5545,31.8426],[73.518,31.8101],[73.4852,31.8295],[73.4941,31.7984],[73.4701,31.776],[73.4706,31.7588],[73.4931,31.7069],[73.4677,31.7041],[73.5138,31.6809],[73.5326,31.6918],[73.5556,31.6818],[73.5501,31.6643],[73.5203,31.6398],[73.5529,31.6343],[73.5899,31.7136],[73.6289,31.7023],[73.6265,31.688],[73.6011,31.6821],[73.669,31.6117],[73.642,31.5914],[73.6259,31.5544],[73.63,31.5295],[73.659,31.4901],[73.6786,31.5209],[73.7234,31.5386],[73.7439,31.5339],[73.7472,31.5448],[73.7229,31.5572],[73.7579,31.585],[73.7797,31.5879],[73.8311,31.5687],[73.8888,31.5724],[73.9276,31.5984],[73.9302,31.5777],[73.9433,31.5732],[73.9538,31.5535],[73.9955,31.5608],[73.9868,31.5234],[73.9425,31.4924],[73.9441,31.4726],[73.9837,31.4714],[74.0001,31.4514],[74.022,31.4537],[74.0321,31.4336],[74.0218,31.4103],[74.0381,31.4015],[74.0186,31.3723],[74.0376,31.3654],[74.0717,31.3729],[74.0846,31.4032],[74.0696,31.4101],[74.0946,31.4442],[74.1247,31.4517],[74.1271,31.4336],[74.1179,31.4315],[74.1295,31.4253],[74.1474,31.4549],[74.1791,31.4708],[74.1777,31.5106],[74.1949,31.5153],[74.2144,31.5516],[74.2433,31.5651],[74.2485,31.5934],[74.2366,31.6135],[74.2556,31.6148],[74.2647,31.6401],[74.2918,31.668],[74.3106,31.6718],[74.3181,31.6488],[74.3313,31.6452],[74.3473,31.6603],[74.3417,31.6682],[74.3492,31.6715],[74.3538,31.6599],[74.3691,31.6727],[74.3804,31.6568],[74.4112,31.643],[74.4486,31.674],[74.431,31.6892],[74.4369,31.6966],[74.4506,31.6917],[74.4818,31.7163],[74.5204,31.7166],[74.5171,31.7604],[74.5455,31.7576],[74.5379,31.7862],[74.5438,31.8223],[74.573,31.823],[74.5899,31.8484],[74.6938,31.9188],[74.6911,31.9365],[74.6785,31.9385],[74.6592,31.9699],[74.6423,31.9698],[74.6248,32.0045]]]}},{"type":"Feature","properties":{"adm2_pcode":"PK634","adm2_name":"Sialkot","adm1_pcode":"PK6","adm1_name":"Punjab","area_sqkm":3068.19637917},"geometry":{"type":"Polygon","coordinates":[[[74.6501,32.7184],[74.6946,32.8095],[74.697,32.8397],[74.642,32.8229],[74.6415,32.7919],[74.6147,32.7577],[74.5671,32.7552],[74.5315,32.7407],[74.4617,32.7917],[74.4419,32.7919],[74.4533,32.7767],[74.4458,32.7626],[74.4294,32.7597],[74.4477,32.7472],[74.4378,32.7322],[74.4604,32.7252],[74.4568,32.7137],[74.4391,32.714],[74.4435,32.7051],[74.4642,32.7054],[74.4549,32.6737],[74.3362,32.5919],[74.28,32.5912],[74.2352,32.5742],[74.2271,32.5594],[74.2098,32.5537],[74.2098,32.5357],[74.1964,32.5218],[74.2047,32.5199],[74.2084,32.5005],[74.1975,32.4569],[74.2102,32.4155],[74.2024,32.4018],[74.2231,32.3852],[74.2263,32.3633],[74.2186,32.3569],[74.2434,32.3128],[74.2357,32.2889],[74.2628,32.2589],[74.3216,32.2477],[74.3292,32.2069],[74.3573,32.1856],[74.3682,32.1886],[74.3769,32.1664],[74.4109,32.17],[74.4254,32.1605],[74.4263,32.1701],[74.4434,32.1682],[74.4463,32.1591],[74.4887,32.1503],[74.4844,32.1313],[74.5148,32.1036],[74.5056,32.0859],[74.5588,32.0447],[74.5724,32.0604],[74.6226,32.0683],[74.6248,32.0948],[74.6747,32.1352],[74.7524,32.1575],[74.7607,32.1898],[74.7393,32.2263],[74.7528,32.2538],[74.7653,32.2538],[74.7712,32.2929],[74.8073,32.2873],[74.8247,32.2931],[74.8241,32.3066],[74.8522,32.3042],[74.8487,32.319],[74.8601,32.325],[74.8755,32.383],[74.9014,32.3894],[74.9332,32.4289],[74.9368,32.4654],[74.8997,32.4661],[74.8564,32.4927],[74.8186,32.4961],[74.7989,32.4841],[74.7477,32.4792],[74.6867,32.4931],[74.6805,32.5382],[74.6524,32.5602],[74.6433,32.596],[74.6493,32.6259],[74.6762,32.658],[74.6542,32.6925],[74.6501,32.7184]]]}},{"type":"Feature","properties":{"adm2_pcode":"PK635","adm2_name":"Toba Tek Singh","adm1_pcode":"PK6","adm1_name":"Punjab","area_sqkm":3081.52595378},"geometry":{"type":"Polygon","coordinates":[[[72.802,31.2082],[72.8535,31.2677],[72.8528,31.2876],[72.8049,31.3318],[72.7525,31.2761],[72.6823,31.2376],[72.6126,31.2459],[72.59,31.2386],[72.5729,31.2483],[72.5442,31.223],[72.4943,31.2231],[72.4858,31.1911],[72.5033,31.1712],[72.4726,31.1559],[72.4921,31.1407],[72.4874,31.1289],[72.4392,31.1097],[72.4358,31.0563],[72.3783,31.0206],[72.3723,30.9869],[72.3547,30.97],[72.3458,30.933],[72.3304,30.915],[72.3142,30.9127],[72.3082,30.8965],[72.2699,30.8894],[72.2447,30.848],[72.2757,30.835],[72.2863,30.84],[72.3133,30.8105],[72.3308,30.8093],[72.3467,30.8264],[72.3437,30.777],[72.3698,30.7594],[72.3448,30.7431],[72.3618,30.7334],[72.3383,30.7141],[72.3202,30.7242],[72.285,30.7191],[72.2356,30.732],[72.1741,30.6348],[72.1781,30.6245],[72.1516,30.5735],[72.2117,30.5627],[72.2407,30.5677],[72.2648,30.5484],[72.3214,30.5683],[72.296,30.54],[72.3024,30.5251],[72.3429,30.5781],[72.3545,30.5784],[72.3558,30.5606],[72.3612,30.5751],[72.3801,30.565],[72.3975,30.5831],[72.4488,30.5994],[72.4694,30.5991],[72.4833,30.5791],[72.5169,30.5806],[72.5255,30.5918],[72.5167,30.6043],[72.5422,30.5981],[72.548,30.6106],[72.5324,30.6112],[72.5484,30.6178],[72.56,30.6163],[72.5529,30.5978],[72.5723,30.616],[72.5863,30.5968],[72.6074,30.5895],[72.5876,30.5896],[72.5923,30.58],[72.6429,30.5738],[72.6607,30.5926],[72.6619,30.574],[72.7148,30.5789],[72.7269,30.5878],[72.7351,30.5817],[72.7429,30.5896],[72.7264,30.6024],[72.759,30.6026],[72.7603,30.6271],[72.7818,30.6351],[72.7794,30.6462],[72.769,30.6413],[72.7719,30.6524],[72.7895,30.6636],[72.752,30.6654],[72.7579,30.6801],[72.7836,30.6769],[72.7797,30.7001],[72.7958,30.7042],[72.8045,30.719],[72.8472,30.7166],[72.8164,30.7483],[72.7881,30.7525],[72.7829,30.7397],[72.7626,30.7378],[72.7341,30.7455],[72.7326,30.7721],[72.744,30.7728],[72.7437,30.7864],[72.7718,30.8017],[72.7598,30.8208],[72.773,30.8398],[72.7158,30.8665],[72.7022,30.8879],[72.7266,30.9082],[72.7347,30.9358],[72.7689,30.9443],[72.778,30.9595],[72.7724,30.9741],[72.7954,30.9905],[72.8005,31.0274],[72.8182,31.035],[72.8108,31.0621],[72.8173,31.0672],[72.7985,31.0851],[72.7872,31.0878],[72.768,31.0716],[72.7402,31.0912],[72.7646,31.0986],[72.7751,31.1142],[72.784,31.1599],[72.7737,31.1751],[72.7744,31.1986],[72.802,31.2082]]]}},{"type":"Feature","properties":{"adm2_pcode":"PK636","adm2_name":"Vehari","adm1_pcode":"PK6","adm1_name":"Punjab","area_sqkm":4499.55699378},"geometry":{"type":"Polygon","coordinates":[[[72.8439,30.3703],[72.8033,30.3669],[72.7997,30.3574],[72.8086,30.3591],[72.8091,30.3467],[72.7944,30.3461],[72.7915,30.3318],[72.7809,30.3401],[72.7729,30.3249],[72.7453,30.326],[72.7285,30.3386],[72.7046,30.2941],[72.6848,30.3041],[72.6875,30.3186],[72.6727,30.3279],[72.6651,30.3091],[72.6489,30.3133],[72.638,30.2842],[72.6244,30.2843],[72.6288,30.2653],[72.6217,30.2539],[72.6025,30.2487],[72.6008,30.2363],[72.5896,30.2409],[72.5869,30.229],[72.5722,30.2458],[72.5733,30.2663],[72.5463,30.2627],[72.5413,30.2708],[72.532,30.2608],[72.5174,30.2624],[72.5165,30.2393],[72.5045,30.2281],[72.5148,30.2226],[72.486,30.1957],[72.4813,30.1728],[72.4617,30.1624],[72.4426,30.1685],[72.443,30.1804],[72.3979,30.1875],[72.4042,30.2163],[72.3542,30.2001],[72.3224,30.216],[72.2902,30.2007],[72.2857,30.183],[72.2391,30.1793],[72.2189,30.1591],[72.177,30.1537],[72.1854,30.1161],[72.1674,30.1228],[72.1395,30.1139],[72.1087,30.0676],[72.0802,30.0811],[72.0545,30.0706],[71.9936,30.0916],[71.9785,30.0725],[71.9646,30.0772],[71.9601,30.05],[71.9404,30.0378],[71.8963,30.0511],[71.8726,30.0251],[71.8644,30.0434],[71.8298,30.0053],[71.79,30.022],[71.771,30.0202],[71.7731,30.0028],[71.7492,29.9652],[71.735,29.9634],[71.7339,29.9393],[71.7548,29.9437],[71.7539,29.921],[71.7989,29.8985],[71.8324,29.9233],[71.8728,29.908],[71.8929,29.9154],[71.8801,29.8931],[71.8952,29.8837],[71.8796,29.8564],[71.8945,29.8584],[71.8996,29.8809],[71.9141,29.8792],[71.9026,29.86],[71.911,29.8555],[71.907,29.8434],[71.9243,29.8509],[71.9255,29.8364],[71.9377,29.8365],[71.9608,29.8007],[71.984,29.7937],[71.9328,29.7609],[71.932,29.746],[71.9483,29.7473],[71.954,29.7376],[71.9657,29.7468],[71.9687,29.7328],[71.9872,29.7299],[71.99,29.699],[72.0634,29.6789],[72.0453,29.6671],[72.0571,29.655],[72.0817,29.6528],[72.0832,29.6607],[72.0976,29.6615],[72.1048,29.6526],[72.0917,29.6343],[72.1011,29.6104],[72.0935,29.596],[72.1251,29.594],[72.1645,29.6206],[72.1578,29.6422],[72.1799,29.6498],[72.1764,29.6657],[72.191,29.7092],[72.2188,29.7033],[72.2422,29.7136],[72.2447,29.7225],[72.2087,29.7626],[72.2264,29.7693],[72.2267,29.7926],[72.2501,29.8146],[72.2792,29.8039],[72.2968,29.815],[72.3083,29.8043],[72.3119,29.8222],[72.3345,29.8436],[72.3702,29.8375],[72.3926,29.8635],[72.4294,29.8402],[72.4606,29.851],[72.4593,29.8216],[72.4875,29.8339],[72.4982,29.8183],[72.5128,29.8434],[72.5418,29.8104],[72.5625,29.8087],[72.5678,29.84],[72.5987,29.8396],[72.6539,29.8739],[72.6818,29.8581],[72.6888,29.881],[72.6778,29.9008],[72.6847,29.9064],[72.6943,29.8921],[72.6921,29.9095],[72.7077,29.9226],[72.7315,29.9237],[72.7435,29.8976],[72.7641,29.8939],[72.7694,29.9035],[72.7578,29.9238],[72.7722,29.9378],[72.7621,29.9597],[72.7794,29.9783],[72.8231,29.9789],[72.8466,29.935],[72.8644,29.9251],[72.8704,29.9324],[72.8575,29.9394],[72.8562,29.9542],[72.8941,30.0004],[72.9217,29.9951],[72.944,29.9629],[72.971,29.9631],[72.9617,29.9887],[72.9795,30.0247],[72.9528,30.0363],[72.929,30.0244],[72.9387,30.0525],[72.9298,30.0856],[72.9422,30.1029],[72.9423,30.1747],[72.957,30.2012],[72.9513,30.2404],[72.9622,30.2682],[72.9921,30.2769],[72.9896,30.2958],[72.9412,30.2939],[72.922,30.3098],[72.8484,30.3143],[72.8439,30.3703]]]}},{"type":"Feature","properties":{"adm2_pcode":"PK701","adm2_name":"Badin","adm1_pcode":"PK7","adm1_name":"Sindh","area_sqkm":6574.99399534},"geometry":{"type":"Polygon","coordinates":[[[68.9751,25.1513],[68.9659,25.2986],[68.9016,25.2587],[68.8875,25.2664],[68.885,25.2287],[68.7802,25.2059],[68.7694,25.2139],[68.7753,25.2423],[68.7323,25.2572],[68.7214,25.232],[68.6927,25.2181],[68.7033,25.203],[68.6525,25.1877],[68.6508,25.1781],[68.6112,25.1573],[68.6306,25.1471],[68.663,25.157],[68.6627,25.1461],[68.5998,25.0998],[68.566,25.091],[68.6004,25.0714],[68.6351,25.0268],[68.6477,25.0324],[68.7569,24.9667],[68.7831,24.9695],[68.7844,24.9378],[68.8046,24.918],[68.8093,24.8957],[68.8471,24.8707],[68.8285,24.8361],[68.7733,24.8358],[68.7388,24.8472],[68.7386,24.8315],[68.7049,24.8312],[68.6935,24.8448],[68.7053,24.8734],[68.7005,24.8921],[68.6876,24.8951],[68.6887,24.9183],[68.6621,24.9189],[68.6401,24.9111],[68.6448,24.8921],[68.5756,24.8655],[68.5656,24.8817],[68.5276,24.8876],[68.5011,24.8532],[68.4851,24.8758],[68.4839,24.8587],[68.4646,24.8382],[68.4473,24.846],[68.4333,24.7928],[68.3816,24.7788],[68.3541,24.7572],[68.3503,24.741],[68.3714,24.7212],[68.3668,24.6695],[68.3528,24.6505],[68.3706,24.6417],[68.382,24.6185],[68.3733,24.601],[68.3879,24.5643],[68.4073,24.5591],[68.3937,24.5177],[68.4084,24.5022],[68.4056,24.4589],[68.4156,24.4245],[68.4586,24.4377],[68.4459,24.3953],[68.4604,24.3975],[68.5611,24.3626],[68.6478,24.3785],[68.7282,24.3773],[68.7642,24.2843],[68.7727,24.2941],[68.8264,24.3084],[68.8403,24.2282],[68.8525,24.2057],[68.8736,24.2143],[68.8973,24.2769],[68.9267,24.2939],[68.939,24.2909],[68.9706,24.2375],[68.9863,24.2263],[69.0137,24.2291],[69.07,24.2602],[69.0714,24.2847],[69.0508,24.3293],[69.0781,24.4591],[69.0969,24.4631],[69.1115,24.4895],[69.1889,24.5406],[69.2026,24.5296],[69.2189,24.5461],[69.2033,24.5602],[69.2243,24.5788],[69.1969,24.6158],[69.2057,24.6204],[69.2295,24.5973],[69.2337,24.6349],[69.2499,24.6504],[69.2153,24.6752],[69.2496,24.7111],[69.2833,24.7241],[69.2539,24.7323],[69.2474,24.7508],[69.3073,24.773],[69.3239,24.8007],[69.3005,24.8308],[69.3194,24.8554],[69.3265,24.8913],[69.2908,24.9485],[69.2908,24.9693],[69.2731,24.9582],[69.175,24.9513],[69.1538,24.9847],[69.1292,24.9949],[69.1299,25.0193],[69.089,25.0471],[69.0808,25.0735],[68.9912,25.1186],[68.9751,25.1513]]]}},{"type":"Feature","properties":{"adm2_pcode":"PK702","adm2_name":"Central Karachi","adm1_pcode":"PK7","adm1_name":"Sindh","area_sqkm":65.14430682},"geometry":{"type":"Polygon","coordinates":[[[67.0889,24.9287],[67.092,25.009],[67.0398,25.0029],[67.0511,24.9933],[67.0435,24.9598],[67.0113,24.9272],[67.0263,24.887],[67.0596,24.8982],[67.0889,24.9287]]]}},{"type":"Feature","properties":{"adm2_pcode":"PK703","adm2_name":"Dadu","adm1_pcode":"PK7","adm1_name":"Sindh","area_sqkm":8017.50979333},"geometry":{"type":"Polygon","coordinates":[[[67.2628,27.3942],[67.1752,27.4472],[67.1611,27.3545],[67.1369,27.3272],[67.126,27.2958],[67.1606,27.066],[67.1389,26.9962],[67.146,26.9564],[67.1334,26.9404],[67.1466,26.7684],[67.1265,26.7383],[67.1331,26.6632],[67.1238,26.6531],[67.1776,26.4715],[67.2037,26.446],[67.2656,26.347],[67.3595,26.15],[67.3877,26.1361],[67.4131,26.0872],[67.4672,26.1377],[67.4819,26.1628],[67.5032,26.2499],[67.4913,26.2903],[67.4968,26.3364],[67.5378,26.343],[67.5713,26.3311],[67.6219,26.4014],[67.6277,26.4408],[67.6463,26.469],[67.6302,26.513],[67.6333,26.5582],[67.6472,26.5652],[67.6731,26.5606],[67.6889,26.5743],[67.7081,26.5722],[67.7168,26.5802],[67.7552,26.5755],[67.7573,26.5988],[67.792,26.6046],[67.8076,26.5972],[67.8693,26.6608],[67.8667,26.6795],[67.8444,26.6905],[67.8362,26.71],[67.8357,26.723],[67.8521,26.7284],[67.8646,26.7651],[67.8353,26.86],[67.8844,26.9118],[67.9275,26.9249],[67.9314,26.9364],[67.917,26.9661],[67.9798,26.9865],[67.9714,27.0183],[67.9117,27.0402],[67.9111,27.0565],[67.9472,27.0715],[68.0074,27.0708],[68.0366,27.0989],[68.0482,27.129],[67.9411,27.2022],[67.9397,27.2211],[67.9559,27.2295],[67.9536,27.2494],[67.9954,27.2924],[67.9305,27.2934],[67.8682,27.3177],[67.8256,27.3031],[67.732,27.2991],[67.6579,27.3023],[67.6324,27.3244],[67.6067,27.3123],[67.5226,27.3148],[67.5005,27.3192],[67.4562,27.3549],[67.405,27.3788],[67.3758,27.3831],[67.3524,27.3566],[67.3417,27.3754],[67.3142,27.3671],[67.2984,27.3871],[67.2628,27.3942]]]}},{"type":"Feature","properties":{"adm2_pcode":"PK704","adm2_name":"East Karachi","adm1_pcode":"PK7","adm1_name":"Sindh","area_sqkm":202.92209824},"geometry":{"type":"Polygon","coordinates":[[[67.1985,25.0083],[67.092,25.009],[67.0889,24.9287],[67.0596,24.8982],[67.025,24.8859],[67.0238,24.8729],[67.0658,24.851],[67.0853,24.8654],[67.09,24.8591],[67.1148,24.8635],[67.1324,24.8873],[67.1705,24.8854],[67.1785,24.9059],[67.2265,24.9039],[67.2382,24.9341],[67.2138,24.9381],[67.1923,24.9558],[67.1923,24.9673],[67.2257,24.9822],[67.1985,25.0083]]]}},{"type":"Feature","properties":{"adm2_pcode":"PK705","adm2_name":"Ghotki","adm1_pcode":"PK7","adm1_name":"Sindh","area_sqkm":6366.9015852},"geometry":{"type":"Polygon","coordinates":[[[69.7619,28.3847],[69.7497,28.4042],[69.7116,28.3925],[69.6734,28.3525],[69.6508,28.3456],[69.7026,28.2938],[69.7578,28.3115],[69.7381,28.2366],[69.7184,28.2378],[69.694,28.2592],[69.6726,28.2501],[69.6689,28.2225],[69.6057,28.2203],[69.5973,28.2452],[69.5633,28.2478],[69.5243,28.2676],[69.5146,28.2408],[69.533,28.2121],[69.5818,28.1982],[69.5593,28.1268],[69.5332,28.1273],[69.5261,28.1681],[69.4792,28.2037],[69.44,28.1484],[69.385,28.1669],[69.3679,28.1615],[69.334,28.1234],[69.2234,28.091],[69.1999,28.0662],[69.1986,27.999],[69.1644,27.9725],[69.1806,27.9609],[69.1837,27.9139],[69.2139,27.8458],[69.2629,27.792],[69.2551,27.7669],[69.2731,27.7509],[69.2928,27.7555],[69.3144,27.7318],[69.2702,27.7118],[69.2409,27.6461],[69.2895,27.5799],[69.3296,27.5437],[69.4229,27.5303],[69.4468,27.5125],[69.5532,27.5218],[69.5534,27.4977],[69.5283,27.4605],[69.6183,27.4004],[69.7221,27.3632],[69.7704,27.3289],[69.862,27.4028],[69.9362,27.5021],[70.0163,27.556],[70.1078,27.7669],[70.1805,27.8549],[70.1236,27.882],[70.0692,27.8954],[70.0351,27.9271],[70.0008,27.9374],[69.8788,28.0802],[69.8446,28.1343],[69.8477,28.1526],[69.8377,28.1697],[69.8576,28.1971],[69.8316,28.2411],[69.8367,28.2688],[69.8155,28.2772],[69.8159,28.3581],[69.7919,28.3679],[69.7943,28.3799],[69.7619,28.3847]]]}},{"type":"Feature","properties":{"adm2_pcode":"PK706","adm2_name":"Hyderabad","adm1_pcode":"PK7","adm1_name":"Sindh","area_sqkm":1018.90994912},"geometry":{"type":"Polygon","coordinates":[[[68.6261,25.3539],[68.6064,25.3828],[68.616,25.3997],[68.5837,25.4387],[68.4797,25.4823],[68.4509,25.5083],[68.443,25.5357],[68.4147,25.5483],[68.3789,25.5527],[68.3905,25.5226],[68.3189,25.5038],[68.3023,25.4841],[68.3072,25.4352],[68.2934,25.4135],[68.2936,25.3936],[68.3427,25.2941],[68.3213,25.2458],[68.3732,25.1777],[68.4168,25.166],[68.4649,25.1799],[68.4879,25.1594],[68.5297,25.1579],[68.5433,25.178],[68.5525,25.1728],[68.5587,25.1821],[68.553,25.202],[68.5377,25.2132],[68.543,25.2221],[68.5907,25.1791],[68.6077,25.1976],[68.6017,25.238],[68.639,25.2447],[68.6433,25.2539],[68.6186,25.2848],[68.6141,25.3125],[68.5864,25.328],[68.5695,25.3662],[68.5925,25.3468],[68.6157,25.3445],[68.6261,25.3539]]]}},{"type":"Feature","properties":{"adm2_pcode":"PK707","adm2_name":"Jacobabad","adm1_pcode":"PK7","adm1_name":"Sindh","area_sqkm":2691.19918092},"geometry":{"type":"Polygon","coordinates":[[[68.9201,28.4302],[68.4646,28.4301],[68.4052,28.3876],[68.3534,28.2848],[68.209,28.2425],[68.0178,28.092],[67.9644,28.0696],[67.913,27.9943],[67.94,27.9779],[68.0046,27.9788],[68.0353,27.9909],[68.0578,27.9799],[68.0861,27.9808],[68.1287,27.9286],[68.1479,27.9379],[68.1934,27.934],[68.2037,27.9217],[68.2218,27.933],[68.2638,27.9232],[68.2887,27.9246],[68.2885,27.9369],[68.3112,27.9304],[68.3093,27.9999],[68.3235,28.1202],[68.401,28.1136],[68.5191,28.1602],[68.637,28.1544],[68.8827,28.0827],[68.9171,28.0949],[68.9291,28.0882],[68.9071,28.116],[68.9034,28.1884],[68.8346,28.1836],[68.8176,28.2077],[68.8507,28.2205],[68.8876,28.295],[68.9224,28.2768],[68.9267,28.2855],[68.9242,28.3994],[68.9201,28.4302]]]}},{"type":"Feature","properties":{"adm2_pcode":"PK708","adm2_name":"Jamshoro","adm1_pcode":"PK7","adm1_name":"Sindh","area_sqkm":11230.86677138},"geometry":{"type":"Polygon","coordinates":[[[67.8042,26.5773],[67.8076,26.5972],[67.7836,26.6039],[67.7573,26.5988],[67.7552,26.5755],[67.7168,26.5802],[67.7081,26.5722],[67.6889,26.5743],[67.6731,26.5606],[67.6357,26.5604],[67.6302,26.513],[67.6463,26.469],[67.6277,26.4408],[67.6202,26.3985],[67.5713,26.3311],[67.5378,26.343],[67.495,26.3334],[67.4919,26.2824],[67.5032,26.2499],[67.4819,26.1628],[67.4672,26.1377],[67.4131,26.0872],[67.4276,26.0659],[67.4053,25.9625],[67.399,25.8828],[67.4146,25.8282],[67.411,25.8085],[67.3467,25.7239],[67.3212,25.6492],[67.321,25.6405],[67.381,25.6391],[67.3935,25.5958],[67.3978,25.4974],[67.413,25.4511],[67.3902,25.4113],[67.3592,25.3087],[67.3327,25.3003],[67.3214,25.2692],[67.2845,25.2226],[67.2841,25.1994],[67.2741,25.1865],[67.309,25.165],[67.3156,25.151],[67.3575,25.1479],[67.4919,25.0782],[67.5107,25.052],[67.518,24.9848],[67.57,24.9675],[67.5871,24.9713],[67.6384,25.0159],[67.7103,25.0009],[67.7362,25.0618],[67.7666,25.0832],[67.8064,25.0943],[67.8276,25.19],[67.8203,25.2142],[67.8564,25.2622],[67.9085,25.3055],[67.9138,25.3287],[67.9044,25.3536],[67.9301,25.3756],[67.9393,25.4073],[67.9679,25.4101],[67.9965,25.4438],[68.0333,25.4412],[68.1051,25.3965],[68.1704,25.3015],[68.218,25.3003],[68.2674,25.2858],[68.3427,25.2941],[68.2936,25.3936],[68.2934,25.4135],[68.3072,25.4352],[68.3023,25.4841],[68.3189,25.5038],[68.3905,25.5226],[68.3538,25.6103],[68.3792,25.6321],[68.4528,25.6567],[68.4615,25.6742],[68.3864,25.6995],[68.3086,25.7452],[68.3006,25.7787],[68.3305,25.8013],[68.325,25.8407],[68.3184,25.8554],[68.2714,25.8832],[68.2347,25.9215],[68.2731,25.9722],[68.2775,25.9927],[68.2595,26.0041],[68.1734,26.0012],[68.0242,26.1488],[68.0162,26.1965],[67.9835,26.2044],[67.9176,26.245],[67.9054,26.2944],[67.8816,26.273],[67.8729,26.3384],[67.8904,26.3523],[67.9056,26.4068],[67.8745,26.4212],[67.9208,26.4848],[67.9114,26.5491],[67.862,26.5406],[67.8042,26.5773]]]}},{"type":"Feature","properties":{"adm2_pcode":"PK709","adm2_name":"Kambar Shahdad Kot","adm1_pcode":"PK7","adm1_name":"Sindh","area_sqkm":5597.19296558},"geometry":{"type":"Polygon","coordinates":[[[67.9388,27.9785],[67.913,27.9943],[67.8689,27.9992],[67.8007,27.9801],[67.7886,27.9516],[67.7726,27.9427],[67.5947,27.9221],[67.5494,27.9015],[67.5332,27.9068],[67.42,27.8927],[67.4091,27.908],[67.3942,27.9097],[67.3547,27.7959],[67.3515,27.7492],[67.3099,27.6989],[67.2542,27.6585],[67.2291,27.5749],[67.1829,27.5323],[67.1752,27.4472],[67.2334,27.4173],[67.2418,27.4027],[67.2984,27.3871],[67.3142,27.3671],[67.3417,27.3754],[67.3489,27.3572],[67.3576,27.3569],[67.3721,27.381],[67.3971,27.381],[67.4562,27.3549],[67.5106,27.3169],[67.5963,27.3114],[67.6324,27.3244],[67.6579,27.3023],[67.716,27.299],[67.8256,27.3031],[67.8682,27.3177],[67.9305,27.2934],[67.9954,27.2924],[68.0166,27.3694],[68.0519,27.3667],[68.058,27.3805],[68.0549,27.3887],[68.0329,27.3853],[68.0018,27.4086],[68.0214,27.4379],[68.0353,27.4432],[68.03,27.458],[68.0519,27.4907],[68.05,27.5223],[68.0603,27.5395],[68.0749,27.5388],[68.0803,27.573],[68.0977,27.5814],[68.1104,27.606],[68.1239,27.6078],[68.1099,27.7009],[68.1302,27.6918],[68.129,27.6838],[68.156,27.6845],[68.1956,27.7092],[68.1716,27.7552],[68.1895,27.8104],[68.1715,27.8615],[68.1224,27.9168],[68.1168,27.9416],[68.0894,27.9788],[68.0353,27.9909],[68.0046,27.9788],[67.9388,27.9785]]]}},{"type":"Feature","properties":{"adm2_pcode":"PK710","adm2_name":"Kashmore","adm1_pcode":"PK7","adm1_name":"Sindh","area_sqkm":2614.88804631},"geometry":{"type":"Polygon","coordinates":[[[69.6048,28.4404],[69.6245,28.4675],[69.5044,28.485],[69.4372,28.4753],[69.4136,28.4481],[68.9201,28.4302],[68.9267,28.2855],[68.9224,28.2768],[68.8876,28.295],[68.8507,28.2205],[68.8176,28.2077],[68.8346,28.1836],[68.9034,28.1884],[68.9071,28.116],[68.9291,28.0882],[68.945,28.0964],[68.9543,28.0795],[69.0106,28.0831],[69.0626,28.0329],[69.0638,28.0138],[69.0837,27.9894],[69.1158,28.0124],[69.1527,27.9913],[69.1865,27.9933],[69.2001,28.0025],[69.1999,28.0662],[69.2234,28.091],[69.334,28.1234],[69.3825,28.1671],[69.4428,28.151],[69.4792,28.2037],[69.4667,28.2114],[69.4803,28.2427],[69.4751,28.2648],[69.5146,28.2408],[69.5243,28.2676],[69.5633,28.2478],[69.5973,28.2452],[69.5917,28.2884],[69.5335,28.3808],[69.535,28.3905],[69.5592,28.3951],[69.588,28.3493],[69.6354,28.3528],[69.6508,28.3456],[69.6734,28.3525],[69.7037,28.3896],[69.7497,28.4042],[69.7114,28.4254],[69.6131,28.4365],[69.6048,28.4404]]]}},{"type":"Feature","properties":{"adm2_pcode":"PK711","adm2_name":"Khairpur","adm1_pcode":"PK7","adm1_name":"Sindh","area_sqkm":16005.55620437},"geometry":{"type":"Polygon","coordinates":[[[68.6897,27.7764],[68.6376,27.78],[68.5987,27.7248],[68.5613,27.7092],[68.5106,27.7185],[68.4623,27.685],[68.4972,27.6414],[68.4864,27.6217],[68.4341,27.6048],[68.3517,27.6091],[68.3393,27.602],[68.3324,27.587],[68.3476,27.5522],[68.344,27.5317],[68.3067,27.5036],[68.2722,27.4926],[68.3001,27.4258],[68.3472,27.3752],[68.332,27.3593],[68.2646,27.356],[68.2236,27.3338],[68.2132,27.2918],[68.1815,27.2549],[68.1877,27.2288],[68.2022,27.2354],[68.2595,27.2127],[68.2829,27.2088],[68.2912,27.2157],[68.3405,27.2048],[68.3549,27.1866],[68.3483,27.168],[68.4096,27.1292],[68.4467,27.0681],[68.446,27.0363],[68.4325,27.0124],[68.3837,26.9782],[68.3537,26.9189],[68.3252,26.8965],[68.3378,26.8916],[68.317,26.817],[68.328,26.7888],[68.2869,26.6793],[68.2885,26.6557],[68.3727,26.6272],[68.7383,26.591],[68.7821,26.576],[68.8209,26.5429],[68.8492,26.4822],[68.8472,26.4368],[68.9191,26.4692],[68.9434,26.4272],[68.9525,26.3715],[68.9831,26.3617],[69.0177,26.2984],[69.0613,26.2929],[69.0532,26.2545],[69.0806,26.2548],[69.0729,26.2366],[69.0894,26.2279],[69.1607,26.2233],[69.2352,26.2377],[69.5701,26.2002],[69.6021,26.2125],[69.8371,26.2056],[70.0083,26.1769],[70.1271,26.1405],[70.1594,26.1945],[70.1727,26.2451],[70.1646,26.2909],[70.1783,26.3498],[70.1839,26.4868],[70.1605,26.559],[70.1069,26.5895],[70.0662,26.5993],[69.8793,26.5811],[69.8154,26.5922],[69.7219,26.6538],[69.5154,26.7401],[69.4837,26.8062],[69.5132,27.0169],[69.5356,27.0656],[69.3804,27.1246],[69.328,27.1569],[69.2503,27.1786],[69.1766,27.1844],[69.1237,27.2065],[69.0259,27.199],[68.971,27.2131],[68.8375,27.2928],[68.8305,27.3047],[68.8392,27.3586],[68.8634,27.3734],[68.8918,27.4135],[68.867,27.442],[68.8906,27.4789],[68.8366,27.4751],[68.8324,27.4999],[68.8072,27.5034],[68.7953,27.5193],[68.8304,27.617],[68.8674,27.6238],[68.8693,27.6338],[68.8537,27.6426],[68.8429,27.6684],[68.8099,27.6752],[68.7814,27.7077],[68.7889,27.7357],[68.7571,27.7246],[68.7196,27.7287],[68.7018,27.7453],[68.6897,27.7764]]]}},{"type":"Feature","properties":{"adm2_pcode":"PK712","adm2_name":"Korangi Karachi","adm1_pcode":"PK7","adm1_name":"Sindh","area_sqkm":104.292021},"geometry":{"type":"Polygon","coordinates":[[[67.1324,24.8873],[67.1174,24.8651],[67.09,24.8591],[67.0855,24.8346],[67.0749,24.8304],[67.0794,24.7988],[67.1023,24.7781],[67.1049,24.7976],[67.1292,24.7797],[67.1377,24.7967],[67.1739,24.8109],[67.1726,24.8205],[67.1895,24.8126],[67.192,24.8263],[67.2087,24.829],[67.217,24.8414],[67.1856,24.8806],[67.1324,24.8873]]]}},{"type":"Feature","properties":{"adm2_pcode":"PK713","adm2_name":"Larkana","adm1_pcode":"PK7","adm1_name":"Sindh","area_sqkm":1921.04093378},"geometry":{"type":"Polygon","coordinates":[[[68.2037,27.9217],[68.1479,27.9379],[68.134,27.9286],[68.1176,27.9323],[68.1856,27.8299],[68.1892,27.7989],[68.1716,27.7552],[68.1956,27.7092],[68.156,27.6845],[68.129,27.6838],[68.1302,27.6918],[68.1099,27.7009],[68.1232,27.6057],[68.1104,27.606],[68.0977,27.5814],[68.0803,27.573],[68.0749,27.5388],[68.0603,27.5395],[68.05,27.5223],[68.0519,27.4907],[68.03,27.458],[68.0353,27.4432],[68.0214,27.4379],[68.0018,27.4086],[68.0375,27.3835],[68.0549,27.3887],[68.0574,27.3758],[68.0492,27.3663],[68.0184,27.3718],[68.0015,27.3358],[67.9954,27.2924],[67.9536,27.2494],[67.9548,27.2275],[67.9397,27.2211],[67.9411,27.2022],[68.0356,27.1346],[68.0742,27.1239],[68.0842,27.1248],[68.0591,27.135],[68.0933,27.1418],[68.0805,27.1608],[68.1003,27.1909],[68.0885,27.2018],[68.1011,27.2068],[68.1258,27.1988],[68.1678,27.2295],[68.1877,27.2288],[68.1815,27.2549],[68.2132,27.2918],[68.2236,27.3338],[68.2646,27.356],[68.332,27.3593],[68.3472,27.3752],[68.3001,27.4258],[68.2722,27.4926],[68.3067,27.5036],[68.344,27.5317],[68.337,27.5994],[68.3517,27.6091],[68.4406,27.606],[68.497,27.6323],[68.4769,27.6681],[68.4393,27.6945],[68.4334,27.7103],[68.3944,27.7176],[68.394,27.7363],[68.3776,27.7345],[68.3439,27.75],[68.337,27.7909],[68.29,27.8445],[68.2927,27.8628],[68.2728,27.8678],[68.2611,27.8822],[68.2405,27.9289],[68.2218,27.933],[68.2037,27.9217]]]}},{"type":"Feature","properties":{"adm2_pcode":"PK714","adm2_name":"Malir Karachi","adm1_pcode":"PK7","adm1_name":"Sindh","area_sqkm":2726.86074484},"geometry":{"type":"MultiPolygon","coordinates":[[[[67.3802,25.64],[67.321,25.6405],[67.3,25.5918],[67.257,25.5657],[67.244,25.5234],[67.2011,25.4996],[67.1633,25.4525],[67.1622,25.3954],[67.1391,25.3573],[67.1378,25.3152],[67.0897,25.2412],[67.0355,25.2055],[67.0083,25.1623],[67.0051,25.0978],[67.0725,25.0868],[67.1205,25.0128],[67.192,25.0106],[67.2257,24.9822],[67.1923,24.9673],[67.1923,24.9558],[67.2138,24.9381],[67.2382,24.9341],[67.2265,24.9039],[67.1785,24.9059],[67.1705,24.8854],[67.2028,24.8679],[67.1963,24.8594],[67.2169,24.8436],[67.2134,24.8333],[67.1942,24.8285],[67.1895,24.8126],[67.1726,24.8205],[67.1739,24.8109],[67.1342,24.7937],[67.1352,24.7837],[67.1547,24.7937],[67.1687,24.7804],[67.183,24.7828],[67.2199,24.8141],[67.2486,24.7842],[67.2746,24.7903],[67.3296,24.7712],[67.3755,24.7834],[67.4282,24.7736],[67.4439,24.7819],[67.4355,24.825],[67.4422,24.8458],[67.4812,24.8406],[67.518,24.8006],[67.5704,24.7882],[67.5815,24.7951],[67.5721,24.8327],[67.5297,24.9163],[67.5037,25.065],[67.4612,25.0998],[67.373,25.1411],[67.3156,25.151],[67.309,25.165],[67.2741,25.1865],[67.2841,25.1994],[67.2845,25.2226],[67.3214,25.2692],[67.3327,25.3003],[67.3592,25.3087],[67.3902,25.4113],[67.413,25.4511],[67.3978,25.4974],[67.3935,25.5958],[67.3802,25.64]]],[[[67.2986,24.6662],[67.281,24.6615],[67.2839,24.6348],[67.3054,24.6397],[67.2986,24.6662]]],[[[67.2565,24.6611],[67.216,24.6635],[67.1982,24.681],[67.1831,24.6765],[67.1715,24.6634],[67.1793,24.6284],[67.2032,24.6246],[67.22,24.6389],[67.2196,24.6208],[67.2655,24.5983],[67.2806,24.6139],[67.2818,24.6304],[67.2565,24.6611]]],[[[67.3208,24.6697],[67.301,24.6859],[67.2911,24.6875],[67.316,24.6635],[67.3208,24.6697]]],[[[67.1159,24.6769],[67.1334,24.6779],[67.1158,24.6905],[67.1159,24.6769]]],[[[67.2457,24.6703],[67.2199,24.6909],[67.2122,24.7168],[67.1878,24.6946],[67.2222,24.6678],[67.2457,24.6703]]],[[[67.1371,24.7553],[67.1169,24.7527],[67.113,24.7399],[67.1232,24.7035],[67.1414,24.6901],[67.1525,24.7354],[67.1371,24.7553]]],[[[67.1928,24.7053],[67.1992,24.7243],[67.2482,24.7424],[67.2414,24.7576],[67.2306,24.7604],[67.1788,24.7357],[67.1787,24.715],[67.1928,24.7053]]],[[[67.3412,24.7601],[67.3027,24.7739],[67.2857,24.7662],[67.2675,24.7449],[67.2337,24.7284],[67.2352,24.7209],[67.2504,24.7126],[67.2878,24.7417],[67.3107,24.7466],[67.326,24.7352],[67.3412,24.7601]]],[[[67.2859,24.7823],[67.2711,24.7862],[67.2367,24.7796],[67.2505,24.7534],[67.2643,24.7511],[67.2859,24.7823]]],[[[67.2151,24.7933],[67.1878,24.7729],[67.1652,24.7763],[67.1645,24.7607],[67.1825,24.7513],[67.1972,24.7666],[67.227,24.7761],[67.2151,24.7933]]],[[[67.2329,24.7931],[67.2264,24.8008],[67.2118,24.8053],[67.2251,24.7943],[67.2329,24.7931]]]]}},{"type":"Feature","properties":{"adm2_pcode":"PK715","adm2_name":"Matiari","adm1_pcode":"PK7","adm1_name":"Sindh","area_sqkm":1457.94118511},"geometry":{"type":"Polygon","coordinates":[[[68.4472,26.0414],[68.4205,26.0851],[68.3865,26.1061],[68.376,26.1017],[68.3433,26.0695],[68.3232,26.0171],[68.3079,26.0159],[68.3035,26.0038],[68.2963,26.009],[68.2775,25.9927],[68.2356,25.9155],[68.3214,25.8489],[68.3305,25.8013],[68.3006,25.7787],[68.3163,25.734],[68.4615,25.6742],[68.4528,25.6567],[68.3792,25.6321],[68.3538,25.6103],[68.3789,25.5527],[68.44,25.5382],[68.4509,25.5083],[68.4714,25.4881],[68.5865,25.4358],[68.5882,25.4626],[68.6117,25.5173],[68.6009,25.5318],[68.6729,25.5989],[68.6503,25.6343],[68.6678,25.6699],[68.649,25.6893],[68.6241,25.6969],[68.6188,25.6912],[68.5637,25.7386],[68.535,25.7323],[68.5583,25.7528],[68.5413,25.7721],[68.5346,25.8189],[68.491,25.8377],[68.4912,25.8481],[68.5246,25.8613],[68.4981,25.8681],[68.4787,25.903],[68.4623,25.8967],[68.4425,25.9116],[68.478,25.9347],[68.4796,25.9635],[68.5053,26.0061],[68.496,26.013],[68.503,26.0309],[68.5489,26.0526],[68.5256,26.0634],[68.496,26.0453],[68.4472,26.0414]]]}},{"type":"Feature","properties":{"adm2_pcode":"PK716","adm2_name":"Mirpur Khas","adm1_pcode":"PK7","adm1_name":"Sindh","area_sqkm":3463.16192375},"geometry":{"type":"Polygon","coordinates":[[[69.1578,25.8003],[69.0972,25.8119],[69.0969,25.7846],[69.1087,25.7782],[69.0964,25.7556],[69.0531,25.7566],[69.0703,25.7264],[69.0634,25.7338],[69.058,25.7227],[69.0308,25.7409],[69.0322,25.7242],[69.0042,25.7162],[68.9934,25.6992],[68.9189,25.7522],[68.9148,25.7364],[68.8813,25.7345],[68.8793,25.7062],[68.9055,25.6445],[68.8856,25.5278],[68.9027,25.4812],[68.9574,25.397],[68.9811,25.13],[69.019,25.0996],[69.0808,25.0735],[69.089,25.0471],[69.1299,25.0193],[69.1292,24.9949],[69.1538,24.9847],[69.175,24.9513],[69.2731,24.9582],[69.2908,24.9693],[69.2908,24.9485],[69.3265,24.8913],[69.3194,24.8554],[69.3005,24.8308],[69.3239,24.8007],[69.3582,24.8109],[69.4053,24.8497],[69.455,24.8581],[69.4796,24.8826],[69.4718,24.8961],[69.4743,24.9475],[69.4615,24.9861],[69.4011,25.0527],[69.4062,25.1123],[69.3742,25.1824],[69.3591,25.3021],[69.317,25.3377],[69.3096,25.3675],[69.2686,25.3701],[69.2724,25.3931],[69.2494,25.4004],[69.2519,25.4081],[69.1856,25.4524],[69.1908,25.5181],[69.1893,25.5266],[69.1737,25.5274],[69.1856,25.5664],[69.204,25.5725],[69.255,25.5509],[69.2943,25.5466],[69.2961,25.5596],[69.2703,25.608],[69.3236,25.6154],[69.3043,25.6541],[69.3191,25.6963],[69.3332,25.7086],[69.3626,25.7001],[69.3652,25.7166],[69.3412,25.7444],[69.3045,25.7602],[69.2883,25.7434],[69.2662,25.7577],[69.2508,25.7552],[69.2453,25.7875],[69.2329,25.8024],[69.1994,25.7942],[69.1651,25.8064],[69.1578,25.8003]]]}},{"type":"Feature","properties":{"adm2_pcode":"PK717","adm2_name":"Naushahro Feroze","adm1_pcode":"PK7","adm1_name":"Sindh","area_sqkm":3036.86300686},"geometry":{"type":"Polygon","coordinates":[[[68.2705,27.2105],[68.2022,27.2354],[68.1678,27.2295],[68.1258,27.1988],[68.0932,27.2052],[68.0883,27.1993],[68.1003,27.1909],[68.0805,27.1608],[68.0933,27.1418],[68.0591,27.135],[68.0842,27.1248],[68.0482,27.129],[68.0366,27.0989],[68.0074,27.0708],[67.9472,27.0715],[67.9111,27.0565],[67.9117,27.0402],[67.9714,27.0183],[67.9798,26.9865],[67.917,26.9661],[67.9314,26.9364],[67.9275,26.9249],[67.8844,26.9118],[67.8353,26.86],[67.8646,26.7651],[67.8521,26.7284],[67.8357,26.723],[67.8362,26.71],[67.8705,26.667],[67.8479,26.6322],[67.8035,26.5929],[67.8071,26.5711],[67.862,26.5406],[67.9071,26.5503],[67.9286,26.5451],[67.9525,26.5761],[67.9969,26.5713],[68.0277,26.6044],[68.0609,26.5779],[68.1051,26.569],[68.148,26.5972],[68.2268,26.5965],[68.2583,26.6182],[68.3568,26.6301],[68.3567,26.6381],[68.2875,26.6607],[68.2869,26.6793],[68.328,26.7888],[68.317,26.817],[68.3378,26.8916],[68.3252,26.8965],[68.3537,26.9189],[68.3837,26.9782],[68.4325,27.0124],[68.446,27.0363],[68.4467,27.0681],[68.4096,27.1292],[68.3483,27.168],[68.3549,27.1866],[68.3405,27.2048],[68.2912,27.2157],[68.2705,27.2105]]]}},{"type":"Feature","properties":{"adm2_pcode":"PK718","adm2_name":"Sanghar","adm1_pcode":"PK7","adm1_name":"Sindh","area_sqkm":10158.32230876},"geometry":{"type":"Polygon","coordinates":[[[69.0177,26.2984],[68.9831,26.3617],[68.9525,26.3715],[68.9423,26.4304],[68.9148,26.4687],[68.8472,26.4368],[68.8539,26.4221],[68.8181,26.3694],[68.7479,26.315],[68.7413,26.3158],[68.7419,26.3342],[68.6995,26.337],[68.6901,26.2931],[68.6871,26.3024],[68.683,26.2943],[68.6395,26.2983],[68.6314,26.258],[68.6552,26.256],[68.6575,26.2211],[68.6662,26.2117],[68.6471,26.1687],[68.6211,26.1953],[68.6058,26.1713],[68.5689,26.1849],[68.5656,26.1752],[68.546,26.18],[68.5186,26.1646],[68.5006,26.1727],[68.4746,26.1601],[68.4627,26.1768],[68.445,26.1816],[68.4401,26.1601],[68.4722,26.081],[68.4485,26.0676],[68.4328,26.0713],[68.4457,26.0418],[68.496,26.0453],[68.5256,26.0634],[68.5489,26.0526],[68.503,26.0309],[68.496,26.013],[68.5053,26.0061],[68.4796,25.9635],[68.478,25.9347],[68.4425,25.9116],[68.4623,25.8967],[68.4787,25.903],[68.4981,25.8681],[68.5246,25.8613],[68.4912,25.8481],[68.491,25.8377],[68.5346,25.8189],[68.5413,25.7721],[68.5583,25.7528],[68.535,25.7323],[68.5637,25.7386],[68.6188,25.6912],[68.6241,25.6969],[68.649,25.6893],[68.6678,25.6699],[68.6906,25.7122],[68.6891,25.7297],[68.7235,25.7159],[68.7385,25.7546],[68.8279,25.7277],[68.8682,25.6944],[68.8803,25.7027],[68.8789,25.7319],[68.9148,25.7364],[68.9189,25.7522],[68.9934,25.6992],[69.0042,25.7162],[69.0322,25.7242],[69.0308,25.7409],[69.058,25.7227],[69.0634,25.7338],[69.0703,25.7264],[69.0531,25.7566],[69.0964,25.7556],[69.1087,25.7782],[69.0969,25.7846],[69.0972,25.8119],[69.1585,25.8001],[69.1651,25.8064],[69.1994,25.7942],[69.2301,25.8032],[69.2453,25.7875],[69.2508,25.7552],[69.2662,25.7577],[69.2883,25.7434],[69.3045,25.7602],[69.3412,25.7444],[69.3652,25.7166],[69.3626,25.7001],[69.3332,25.7086],[69.3191,25.6963],[69.3043,25.6541],[69.3236,25.6154],[69.2703,25.608],[69.2961,25.5596],[69.2943,25.5466],[69.3224,25.5561],[69.3311,25.5691],[69.3815,25.5547],[69.3952,25.563],[69.4422,25.5411],[69.4745,25.56],[69.4943,25.5536],[69.5179,25.5764],[69.532,25.5662],[69.5479,25.5724],[69.5484,25.5609],[69.564,25.5704],[69.5525,25.5556],[69.5627,25.5309],[69.5496,25.5224],[69.5364,25.5268],[69.537,25.5177],[69.5549,25.5053],[69.5708,25.5212],[69.5745,25.5113],[69.561,25.4983],[69.6256,25.4902],[69.6385,25.5159],[69.6577,25.5117],[69.7318,25.5511],[69.7712,25.6021],[69.79,25.6487],[69.8419,25.6835],[69.8628,25.6865],[69.9292,25.7558],[69.9484,25.7531],[69.9745,25.7248],[69.9878,25.7226],[70.0922,25.7684],[70.1136,25.7628],[70.1719,25.7693],[70.1915,25.7828],[70.2084,25.776],[70.2326,25.7827],[70.145,25.8685],[70.0961,25.9443],[70.0805,26.0582],[70.0943,26.0974],[70.1271,26.1405],[70.1168,26.1476],[70.0618,26.156],[70.0083,26.1769],[69.8371,26.2056],[69.6021,26.2125],[69.5701,26.2002],[69.2352,26.2377],[69.1167,26.2224],[69.074,26.2344],[69.0806,26.2548],[69.0532,26.2545],[69.0613,26.2929],[69.0177,26.2984]]]}},{"type":"Feature","properties":{"adm2_pcode":"PK719","adm2_name":"Shaheed Benazir Abad","adm1_pcode":"PK7","adm1_name":"Sindh","area_sqkm":4582.23727887},"geometry":{"type":"Polygon","coordinates":[[[68.761,26.5863],[68.3304,26.6302],[68.2583,26.6182],[68.2268,26.5965],[68.15,26.5977],[68.1051,26.569],[68.0609,26.5779],[68.0277,26.6044],[67.9969,26.5713],[67.9572,26.5786],[67.9346,26.5481],[67.9091,26.5459],[67.9208,26.4848],[67.8745,26.4212],[67.9056,26.4068],[67.8904,26.3523],[67.8729,26.3384],[67.8816,26.273],[67.9054,26.2944],[67.9176,26.245],[67.9835,26.2044],[68.0162,26.1965],[68.0242,26.1488],[68.1734,26.0012],[68.2595,26.0041],[68.276,25.9922],[68.2963,26.009],[68.3026,26.0031],[68.3061,26.0147],[68.324,26.0183],[68.345,26.0721],[68.3846,26.1062],[68.4328,26.0713],[68.4697,26.0765],[68.4401,26.1601],[68.4473,26.1828],[68.4746,26.1601],[68.5006,26.1727],[68.5186,26.1646],[68.546,26.18],[68.5656,26.1752],[68.5689,26.1849],[68.6058,26.1713],[68.6211,26.1953],[68.6471,26.1687],[68.6662,26.2117],[68.6575,26.2211],[68.6552,26.256],[68.6314,26.258],[68.6395,26.2983],[68.683,26.2943],[68.6871,26.3024],[68.6901,26.2931],[68.6995,26.337],[68.7419,26.3342],[68.7413,26.3158],[68.7479,26.315],[68.814,26.3647],[68.8539,26.4221],[68.8492,26.4822],[68.8209,26.5429],[68.761,26.5863]]]}},{"type":"Feature","properties":{"adm2_pcode":"PK720","adm2_name":"Shikarpur","adm1_pcode":"PK7","adm1_name":"Sindh","area_sqkm":2551.82858965},"geometry":{"type":"Polygon","coordinates":[[[68.6413,28.1535],[68.4969,28.1561],[68.401,28.1136],[68.3235,28.1202],[68.3093,27.9999],[68.3116,27.9311],[68.2885,27.9369],[68.2887,27.9246],[68.2449,27.9242],[68.2611,27.8822],[68.2728,27.8678],[68.2927,27.8628],[68.29,27.8445],[68.337,27.7909],[68.3439,27.75],[68.3776,27.7345],[68.394,27.7363],[68.3944,27.7176],[68.4284,27.7141],[68.4393,27.6945],[68.4623,27.685],[68.5106,27.7185],[68.5613,27.7092],[68.5987,27.7248],[68.6376,27.78],[68.6986,27.7798],[68.7041,27.8169],[68.7657,27.7839],[68.8151,27.7971],[68.8679,27.8577],[68.858,27.8821],[68.8976,27.9092],[68.8988,27.9359],[68.9259,27.9401],[68.9795,27.9773],[69.0138,27.9786],[69.0433,28.0212],[69.0647,28.0254],[69.0063,28.0852],[68.9543,28.0795],[68.945,28.0964],[68.8827,28.0827],[68.6413,28.1535]]]}},{"type":"Feature","properties":{"adm2_pcode":"PK721","adm2_name":"South Karachi","adm1_pcode":"PK7","adm1_name":"Sindh","area_sqkm":507.62533692},"geometry":{"type":"MultiPolygon","coordinates":[[[[66.9299,24.9378],[66.9603,24.9592],[66.9514,24.9705],[66.969,24.9827],[66.9382,25.0294],[66.9159,25.0137],[66.8574,25.0025],[66.7726,24.9569],[66.7079,24.9002],[66.703,24.8927],[66.722,24.8918],[66.7118,24.8801],[66.6947,24.8822],[66.6596,24.8508],[66.6514,24.8294],[66.6833,24.8214],[66.7562,24.8438],[66.8191,24.8344],[66.8346,24.8496],[66.862,24.8569],[66.9792,24.7918],[66.9578,24.8259],[66.9186,24.8387],[66.912,24.8495],[66.9538,24.861],[66.9691,24.8509],[66.9784,24.8585],[66.9627,24.825],[66.9736,24.8306],[66.9758,24.8108],[66.9923,24.8167],[67.0217,24.8083],[67.0567,24.7755],[67.0966,24.7566],[67.101,24.7645],[67.0784,24.8008],[67.0749,24.8304],[67.0939,24.8529],[67.0853,24.8654],[67.0546,24.8525],[67.0218,24.8824],[66.9874,24.8765],[66.9767,24.8833],[66.9456,24.9089],[66.9299,24.9378]]],[[[66.6158,24.8871],[66.6175,24.8999],[66.6018,24.9031],[66.5961,24.8909],[66.6158,24.8871]]]]}},{"type":"Feature","properties":{"adm2_pcode":"PK722","adm2_name":"Sujawal","adm1_pcode":"PK7","adm1_name":"Sindh","area_sqkm":8687.46909659},"geometry":{"type":"MultiPolygon","coordinates":[[[[68.3098,24.9313],[68.2792,24.9808],[68.2587,24.9885],[68.2201,24.9551],[68.1778,24.9745],[68.1259,24.9615],[68.1196,24.9117],[68.0835,24.8867],[68.119,24.8427],[68.0616,24.8524],[68.0267,24.8341],[68.0289,24.7671],[67.9619,24.6661],[67.9688,24.6075],[67.997,24.571],[67.997,24.554],[67.9499,24.501],[67.965,24.4193],[67.8862,24.4266],[67.8447,24.4186],[67.8435,24.3949],[67.8631,24.3594],[67.8557,24.3441],[67.8368,24.3206],[67.8036,24.3403],[67.7833,24.3365],[67.774,24.3236],[67.7792,24.3037],[67.8114,24.2658],[67.8125,24.248],[67.7995,24.2413],[67.7567,24.2455],[67.7192,24.1656],[67.6654,24.1589],[67.6259,24.1834],[67.5993,24.1576],[67.5325,24.1498],[67.5255,24.1288],[67.5568,24.1242],[67.5562,24.0743],[67.5717,24.0664],[67.4874,24.0293],[67.4976,24.0228],[67.4811,23.9971],[67.4845,23.9734],[67.5044,23.966],[67.4661,23.9454],[67.4855,23.9374],[67.491,23.9139],[67.48,23.907],[67.4626,23.9205],[67.4696,23.9033],[67.4936,23.9],[67.5335,23.8746],[67.5355,23.893],[67.5546,23.877],[67.5488,23.8734],[67.5651,23.8683],[67.5762,23.889],[67.5834,23.8394],[67.5979,23.8381],[67.6011,23.8492],[67.6254,23.8429],[67.6327,23.8337],[67.6269,23.8088],[67.652,23.7945],[67.6851,23.8052],[67.7502,23.8015],[67.709,23.8562],[67.735,23.8378],[67.8209,23.8114],[67.836,23.8246],[67.8456,23.9092],[67.8636,23.9463],[67.8939,23.9751],[67.9027,23.9647],[67.873,23.9295],[67.8653,23.9016],[67.872,23.8587],[67.9298,23.829],[67.9202,23.8517],[67.952,23.8121],[67.9702,23.8114],[67.9963,23.7867],[68.0336,23.788],[68.0446,23.7949],[68.0282,23.8796],[68.0298,23.9032],[68.042,23.9119],[68.0553,23.903],[68.0471,23.8814],[68.053,23.8538],[68.076,23.8332],[68.1044,23.8432],[68.1035,23.8555],[68.1421,23.8397],[68.136,23.8695],[68.1889,23.8501],[68.1856,23.8863],[68.2378,23.9002],[68.2789,23.9386],[68.3259,23.922],[68.3349,23.9654],[68.3742,23.9832],[68.3849,23.9642],[68.7492,23.962],[68.7596,24.0358],[68.7642,24.2843],[68.7526,24.2985],[68.7342,24.3678],[68.7282,24.3773],[68.6478,24.3785],[68.5611,24.3626],[68.4604,24.3975],[68.4459,24.3953],[68.4586,24.4377],[68.4156,24.4245],[68.4056,24.4589],[68.4084,24.5022],[68.3937,24.5177],[68.4073,24.5591],[68.3879,24.5643],[68.3733,24.601],[68.382,24.6185],[68.3706,24.6417],[68.352,24.6535],[68.3668,24.6695],[68.3708,24.7244],[68.3518,24.7365],[68.3488,24.7775],[68.2964,24.8099],[68.3009,24.8303],[68.2799,24.8408],[68.2756,24.8692],[68.2615,24.883],[68.2809,24.8959],[68.2852,24.9215],[68.3098,24.9313]]],[[[68.1858,23.8374],[68.1674,23.8444],[68.1729,23.8229],[68.1551,23.8173],[68.1177,23.8314],[68.091,23.8118],[68.074,23.7953],[68.0705,23.7478],[68.0618,23.749],[68.0351,23.7213],[68.034,23.7076],[68.0447,23.7053],[68.0499,23.71],[68.0403,23.7134],[68.0571,23.7166],[68.1074,23.6977],[68.1138,23.7027],[68.0915,23.7185],[68.0933,23.7251],[68.1019,23.7175],[68.1034,23.727],[68.1309,23.695],[68.1546,23.7022],[68.1589,23.7199],[68.1483,23.7247],[68.19,23.7806],[68.1858,23.8374]]]]}},{"type":"Feature","properties":{"adm2_pcode":"PK723","adm2_name":"Sukkur","adm1_pcode":"PK7","adm1_name":"Sindh","area_sqkm":5178.71431705},"geometry":{"type":"Polygon","coordinates":[[[69.0837,27.9894],[69.0638,28.0138],[69.0647,28.0254],[69.0433,28.0212],[69.0138,27.9786],[68.9795,27.9773],[68.9259,27.9401],[68.8988,27.9359],[68.8976,27.9092],[68.858,27.8821],[68.8679,27.8577],[68.8151,27.7971],[68.7657,27.7839],[68.7041,27.8169],[68.6986,27.7798],[68.6897,27.7776],[68.7018,27.7453],[68.7196,27.7287],[68.7571,27.7246],[68.7889,27.7357],[68.7814,27.7077],[68.8099,27.6752],[68.8429,27.6684],[68.8537,27.6426],[68.8693,27.6338],[68.8674,27.6238],[68.8304,27.617],[68.7953,27.5193],[68.8072,27.5034],[68.8324,27.4999],[68.8366,27.4751],[68.8906,27.4789],[68.867,27.442],[68.8918,27.4135],[68.8634,27.3734],[68.8392,27.3586],[68.8322,27.2992],[68.8903,27.2549],[68.971,27.2131],[69.0259,27.199],[69.1237,27.2065],[69.1766,27.1844],[69.2503,27.1786],[69.328,27.1569],[69.3804,27.1246],[69.5356,27.0656],[69.5867,27.178],[69.6659,27.2514],[69.7704,27.3289],[69.7221,27.3632],[69.6183,27.4004],[69.5283,27.4605],[69.5534,27.4977],[69.5532,27.5218],[69.4468,27.5125],[69.4229,27.5303],[69.3392,27.5397],[69.3156,27.5531],[69.2409,27.6461],[69.2702,27.7118],[69.3144,27.7318],[69.2928,27.7555],[69.2731,27.7509],[69.2551,27.7669],[69.2629,27.792],[69.2139,27.8458],[69.1837,27.9139],[69.1806,27.9609],[69.1644,27.9725],[69.1884,27.9909],[69.1527,27.9913],[69.1158,28.0124],[69.0837,27.9894]]]}},{"type":"Feature","properties":{"adm2_pcode":"PK724","adm2_name":"Tando Allahyar","adm1_pcode":"PK7","adm1_name":"Sindh","area_sqkm":1544.21552184},"geometry":{"type":"Polygon","coordinates":[[[68.8279,25.7277],[68.7385,25.7546],[68.7235,25.7159],[68.6891,25.7297],[68.6906,25.7122],[68.6501,25.6382],[68.6729,25.5989],[68.6009,25.5318],[68.6117,25.5173],[68.5882,25.4626],[68.5865,25.4358],[68.616,25.3997],[68.6064,25.3803],[68.6255,25.3508],[68.5925,25.3468],[68.5695,25.3662],[68.5864,25.328],[68.6141,25.3125],[68.617,25.2922],[68.6503,25.276],[68.6685,25.2906],[68.7072,25.2875],[68.7239,25.2611],[68.7753,25.2423],[68.7694,25.2139],[68.7802,25.2059],[68.885,25.2287],[68.8875,25.2664],[68.9016,25.2587],[68.93,25.2705],[68.9659,25.2986],[68.9663,25.3123],[68.9552,25.4033],[68.9068,25.4739],[68.8867,25.5219],[68.886,25.5581],[68.9055,25.6445],[68.9007,25.6651],[68.8803,25.7027],[68.8682,25.6944],[68.8279,25.7277]]]}},{"type":"Feature","properties":{"adm2_pcode":"PK725","adm2_name":"Tando Muhammad Khan","adm1_pcode":"PK7","adm1_name":"Sindh","area_sqkm":1676.88704183},"geometry":{"type":"Polygon","coordinates":[[[68.6488,25.2762],[68.617,25.2922],[68.6432,25.2503],[68.6017,25.238],[68.6077,25.1976],[68.5907,25.1791],[68.541,25.2219],[68.5377,25.2132],[68.553,25.202],[68.5587,25.1821],[68.5525,25.1728],[68.5433,25.178],[68.5297,25.1579],[68.4879,25.1594],[68.4649,25.1799],[68.4168,25.166],[68.3652,25.182],[68.3442,25.2189],[68.3339,25.1926],[68.3522,25.1687],[68.3528,25.1408],[68.3381,25.1255],[68.28,25.1221],[68.2604,25.0529],[68.2577,24.9929],[68.2805,24.9795],[68.3104,24.9342],[68.2815,24.9177],[68.2827,24.899],[68.2615,24.883],[68.2756,24.8692],[68.2799,24.8408],[68.3009,24.8303],[68.2964,24.8099],[68.346,24.7806],[68.3541,24.7572],[68.395,24.7871],[68.4333,24.7928],[68.4473,24.846],[68.4646,24.8382],[68.4839,24.8587],[68.4851,24.8758],[68.5011,24.8532],[68.5276,24.8876],[68.5656,24.8817],[68.5756,24.8655],[68.6448,24.8921],[68.6401,24.9111],[68.6621,24.9189],[68.6887,24.9183],[68.6876,24.8951],[68.7005,24.8921],[68.7053,24.8734],[68.6935,24.8448],[68.7049,24.8312],[68.7386,24.8315],[68.7388,24.8472],[68.8209,24.8327],[68.8392,24.8512],[68.8452,24.8759],[68.8093,24.8957],[68.8046,24.918],[68.7844,24.9378],[68.7831,24.9695],[68.7569,24.9667],[68.6477,25.0324],[68.6351,25.0268],[68.6004,25.0714],[68.566,25.091],[68.5998,25.0998],[68.6627,25.1461],[68.663,25.157],[68.6306,25.1471],[68.6112,25.1573],[68.6508,25.1781],[68.6525,25.1877],[68.7033,25.203],[68.6927,25.2181],[68.7214,25.232],[68.7319,25.2497],[68.7029,25.289],[68.6649,25.2898],[68.6488,25.2762]]]}},{"type":"Feature","properties":{"adm2_pcode":"PK726","adm2_name":"Tharparkar","adm1_pcode":"PK7","adm1_name":"Sindh","area_sqkm":19682.93368476},"geometry":{"type":"Polygon","coordinates":[[[70.3897,25.681],[70.2754,25.7113],[70.2652,25.7239],[70.1836,25.6616],[70.1588,25.6537],[70.1547,25.6309],[70.1232,25.5898],[70.1657,25.5873],[70.1886,25.6013],[70.229,25.5927],[70.1727,25.5427],[70.1775,25.5312],[70.2024,25.5462],[70.2136,25.5337],[70.2456,25.5589],[70.2919,25.5538],[70.2739,25.5169],[70.2859,25.496],[70.2391,25.4534],[70.229,25.4324],[70.2563,25.4208],[70.2507,25.4076],[70.2579,25.4027],[70.2971,25.4268],[70.3,25.4108],[70.3171,25.4124],[70.316,25.3996],[70.3353,25.4006],[70.2811,25.3588],[70.309,25.3407],[70.3012,25.3324],[70.3049,25.2703],[70.2916,25.2453],[70.2588,25.2187],[70.2531,25.2336],[70.2347,25.2378],[70.2139,25.2233],[70.1672,25.2293],[70.1407,25.2082],[70.1117,25.203],[70.0759,25.2114],[70.0354,25.1984],[70.0211,25.2086],[70.0035,25.1979],[69.8904,25.2431],[69.7383,25.1662],[69.6754,25.1456],[69.7418,25.1012],[69.7375,25.0821],[69.7555,25.0611],[69.7346,25.0522],[69.7404,25.0061],[69.7119,24.9973],[69.6318,25.0456],[69.599,25.0164],[69.5821,24.9776],[69.4516,24.8551],[69.4018,24.8479],[69.3582,24.8109],[69.3239,24.8007],[69.3073,24.773],[69.2474,24.7508],[69.2539,24.7323],[69.285,24.7282],[69.2496,24.7111],[69.2153,24.6752],[69.2499,24.6504],[69.2337,24.6349],[69.2295,24.5973],[69.2057,24.6204],[69.1969,24.6158],[69.2243,24.5788],[69.2033,24.5602],[69.2189,24.5461],[69.2026,24.5296],[69.1889,24.5406],[69.1115,24.4895],[69.0969,24.4631],[69.0781,24.4591],[69.0508,24.3293],[69.0714,24.2847],[69.07,24.2602],[69.0929,24.2691],[69.1998,24.2352],[69.3103,24.2767],[69.3619,24.2662],[69.4316,24.2737],[69.5042,24.263],[69.5901,24.2868],[69.7246,24.1751],[70.0006,24.1664],[70.0241,24.1694],[70.0593,24.1928],[70.119,24.2907],[70.3703,24.3535],[70.5749,24.4203],[70.5932,24.4117],[70.5961,24.4003],[70.5816,24.3683],[70.5614,24.3584],[70.5874,24.3101],[70.5723,24.2936],[70.5878,24.2854],[70.5724,24.2649],[70.5742,24.2523],[70.6553,24.2251],[70.8058,24.2227],[70.9041,24.2651],[70.8658,24.2843],[70.8727,24.3049],[70.9809,24.3634],[71.0139,24.3524],[71.0382,24.3561],[71.0807,24.3914],[71.1244,24.4094],[71.1074,24.4332],[71.0203,24.4333],[71.0007,24.4489],[70.9894,24.6032],[71.0081,24.6357],[71.065,24.6626],[71.0861,24.6934],[70.9556,24.9017],[70.9179,24.9864],[70.8812,25.1459],[70.7525,25.2717],[70.7372,25.3257],[70.6659,25.396],[70.6688,25.6862],[70.6494,25.7111],[70.6048,25.7185],[70.5265,25.6885],[70.3897,25.681]]]}},{"type":"Feature","properties":{"adm2_pcode":"PK727","adm2_name":"Thatta","adm1_pcode":"PK7","adm1_name":"Sindh","area_sqkm":7630.46055566},"geometry":{"type":"MultiPolygon","coordinates":[[[[68.0903,25.4083],[68.0333,25.4412],[68.006,25.4445],[67.9914,25.441],[67.9679,25.4101],[67.9393,25.4073],[67.9301,25.3756],[67.9044,25.3536],[67.9138,25.3287],[67.9085,25.3055],[67.8564,25.2622],[67.8194,25.2123],[67.8276,25.19],[67.8064,25.0943],[67.7666,25.0832],[67.7362,25.0618],[67.7103,25.0009],[67.6384,25.0159],[67.579,24.9674],[67.518,24.9848],[67.5297,24.9163],[67.5721,24.8327],[67.5799,24.7911],[67.518,24.8006],[67.4812,24.8406],[67.4362,24.8454],[67.4439,24.7819],[67.4637,24.7775],[67.4681,24.7538],[67.4528,24.7761],[67.4266,24.769],[67.3744,24.776],[67.3493,24.7629],[67.3515,24.7423],[67.3714,24.7242],[67.3852,24.7234],[67.3932,24.7046],[67.4325,24.6982],[67.4344,24.6857],[67.4203,24.6727],[67.4416,24.648],[67.4532,24.6538],[67.4405,24.6404],[67.4143,24.6494],[67.4069,24.6358],[67.3837,24.6377],[67.371,24.6081],[67.3498,24.6072],[67.3368,24.5888],[67.3231,24.5906],[67.3202,24.5757],[67.299,24.5815],[67.3152,24.5589],[67.304,24.5533],[67.3233,24.5491],[67.3521,24.5551],[67.4071,24.5894],[67.4171,24.5902],[67.4396,24.5746],[67.4136,24.5857],[67.3571,24.5504],[67.3684,24.536],[67.3739,24.5449],[67.3987,24.5468],[67.3975,24.5246],[67.3702,24.5304],[67.3523,24.4797],[67.3396,24.4728],[67.3282,24.4852],[67.3258,24.4653],[67.3094,24.4589],[67.3424,24.4591],[67.3743,24.4721],[67.4022,24.493],[67.3919,24.5161],[67.412,24.5215],[67.4039,24.5065],[67.4177,24.4758],[67.436,24.4797],[67.4407,24.4655],[67.454,24.4622],[67.4218,24.4645],[67.4078,24.484],[67.395,24.4834],[67.3604,24.4608],[67.3834,24.4544],[67.3707,24.4367],[67.3902,24.4501],[67.3984,24.4395],[67.4345,24.4423],[67.4727,24.4269],[67.4169,24.4367],[67.3735,24.4063],[67.3491,24.4005],[67.3506,24.3897],[67.3605,24.3877],[67.3756,24.3978],[67.4063,24.3944],[67.4158,24.4014],[67.4175,24.3915],[67.4278,24.3918],[67.4229,24.3603],[67.4177,24.3865],[67.3874,24.3928],[67.369,24.3857],[67.362,24.3727],[67.3665,24.351],[67.4034,24.3288],[67.4259,24.3341],[67.4344,24.3227],[67.4566,24.3422],[67.4872,24.3263],[67.5124,24.3526],[67.5291,24.3345],[67.5251,24.3298],[67.5146,24.3424],[67.4906,24.3218],[67.449,24.3322],[67.4421,24.3161],[67.4201,24.3193],[67.4109,24.3113],[67.3466,24.3428],[67.3386,24.3323],[67.3596,24.2906],[67.3299,24.3339],[67.3164,24.3297],[67.3218,24.3199],[67.2954,24.301],[67.3063,24.3018],[67.2999,24.2855],[67.3259,24.2449],[67.3585,24.2837],[67.379,24.2777],[67.3934,24.2874],[67.3981,24.2827],[67.3814,24.2732],[67.3613,24.2757],[67.3501,24.2542],[67.4143,24.234],[67.4212,24.2167],[67.4317,24.2472],[67.4281,24.2125],[67.4168,24.2109],[67.4125,24.2296],[67.3625,24.2386],[67.3612,24.2314],[67.342,24.2352],[67.3371,24.2265],[67.3457,24.2161],[67.3344,24.2088],[67.3545,24.1828],[67.3347,24.1763],[67.3453,24.1558],[67.3828,24.1326],[67.4245,24.1302],[67.4118,24.1233],[67.3626,24.1324],[67.371,24.0874],[67.395,24.0662],[67.378,24.0657],[67.3921,24.0478],[67.4014,24.0464],[67.405,24.0764],[67.4088,24.084],[67.4431,24.1202],[67.4489,24.1168],[67.4184,24.0883],[67.438,24.0636],[67.4092,24.0392],[67.4218,24.0024],[67.4083,24.0],[67.4365,23.9907],[67.4225,23.9449],[67.4845,23.9734],[67.4811,23.9971],[67.4976,24.0228],[67.4874,24.0293],[67.5717,24.0664],[67.5562,24.0743],[67.5568,24.1242],[67.5255,24.1288],[67.5325,24.1498],[67.5993,24.1576],[67.6259,24.1834],[67.6654,24.1589],[67.7192,24.1656],[67.7567,24.2455],[67.7995,24.2413],[67.8125,24.248],[67.8114,24.2658],[67.7792,24.3037],[67.774,24.3236],[67.7833,24.3365],[67.8036,24.3403],[67.8368,24.3206],[67.8557,24.3441],[67.8631,24.3594],[67.8435,24.3949],[67.8447,24.4186],[67.8862,24.4266],[67.965,24.4193],[67.9499,24.501],[67.997,24.554],[67.997,24.571],[67.9688,24.6075],[67.9619,24.6661],[68.0289,24.7671],[68.024,24.8292],[68.0616,24.8524],[68.119,24.8427],[68.0835,24.8867],[68.1196,24.9117],[68.1259,24.9615],[68.1778,24.9745],[68.2164,24.9544],[68.2559,24.9812],[68.2604,25.0529],[68.28,25.1221],[68.3381,25.1255],[68.3528,25.1408],[68.3522,25.1687],[68.3339,25.1926],[68.3442,25.2189],[68.3213,25.2458],[68.3427,25.2941],[68.2674,25.2858],[68.218,25.3003],[68.1704,25.3015],[68.0903,25.4083]]],[[[67.424,23.9778],[67.391,23.9794],[67.4094,23.9572],[67.424,23.9778]]],[[[67.4223,24.0652],[67.4152,24.0788],[67.4105,24.0805],[67.4099,24.0625],[67.4223,24.0652]]],[[[67.3578,24.3574],[67.3573,24.3818],[67.3557,24.3838],[67.3371,24.3642],[67.3578,24.3574]]],[[[67.3338,24.3733],[67.3304,24.3842],[67.3087,24.3785],[67.3154,24.3647],[67.3338,24.3733]]],[[[67.3861,24.422],[67.3927,24.4328],[67.3719,24.4294],[67.3742,24.4232],[67.3861,24.422]]],[[[67.3653,24.4294],[67.3529,24.4367],[67.3104,24.428],[67.34,24.4177],[67.3086,24.4156],[67.3054,24.3942],[67.3387,24.3912],[67.3416,24.4159],[67.3632,24.4118],[67.3653,24.4294]]],[[[67.3706,24.4549],[67.3085,24.4518],[67.2966,24.4418],[67.3059,24.432],[67.3595,24.4418],[67.3706,24.4549]]],[[[67.321,24.4697],[67.329,24.4923],[67.3236,24.4969],[67.31,24.4829],[67.321,24.4697]]],[[[67.3408,24.4898],[67.3466,24.4983],[67.3191,24.5195],[67.3143,24.5079],[67.3408,24.4898]]],[[[67.3128,24.4999],[67.288,24.5262],[67.2675,24.5186],[67.2675,24.4984],[67.2746,24.4961],[67.2562,24.4901],[67.2567,24.4769],[67.2751,24.4673],[67.3027,24.471],[67.3128,24.4999]]],[[[67.3618,24.5287],[67.3475,24.543],[67.32,24.5467],[67.2934,24.5293],[67.3043,24.5176],[67.3218,24.5255],[67.3505,24.5024],[67.3618,24.5287]]],[[[67.2858,24.581],[67.2242,24.576],[67.2178,24.5522],[67.2365,24.5426],[67.2405,24.5284],[67.2499,24.5383],[67.2732,24.5249],[67.3029,24.5478],[67.305,24.5637],[67.2858,24.581]]],[[[67.3006,24.5926],[67.3093,24.5925],[67.3086,24.6039],[67.3006,24.5926]]],[[[67.3463,24.6098],[67.3491,24.6178],[67.3479,24.6213],[67.3398,24.6175],[67.3463,24.6098]]],[[[67.3345,24.6129],[67.3165,24.634],[67.2961,24.6265],[67.2933,24.5865],[67.308,24.6127],[67.3177,24.5827],[67.3197,24.5951],[67.3336,24.5962],[67.3345,24.6129]]],[[[67.374,24.6299],[67.3556,24.6445],[67.3267,24.63],[67.3475,24.6292],[67.3622,24.6155],[67.374,24.6299]]],[[[67.3649,24.6521],[67.3671,24.667],[67.3433,24.6548],[67.3447,24.6498],[67.3649,24.6521]]],[[[67.3449,24.6623],[67.3343,24.6766],[67.3199,24.6586],[67.3066,24.6596],[67.3243,24.6406],[67.3449,24.6623]]],[[[67.4152,24.6744],[67.4257,24.6969],[67.3393,24.682],[67.3475,24.6718],[67.3699,24.6707],[67.3899,24.6492],[67.4069,24.6477],[67.412,24.6574],[67.4357,24.6453],[67.4152,24.6744]]],[[[67.3253,24.7281],[67.2949,24.736],[67.2545,24.7063],[67.2257,24.7227],[67.2173,24.7161],[67.2481,24.6771],[67.2723,24.6789],[67.2629,24.6609],[67.271,24.6536],[67.2725,24.6681],[67.295,24.6711],[67.2873,24.6917],[67.3272,24.677],[67.3403,24.6922],[67.3915,24.6966],[67.385,24.711],[67.3465,24.7355],[67.3253,24.7281]]]]}},{"type":"Feature","properties":{"adm2_pcode":"PK728","adm2_name":"Umer Kot","adm1_pcode":"PK7","adm1_name":"Sindh","area_sqkm":5489.58552876},"geometry":{"type":"Polygon","coordinates":[[[70.2068,25.7765],[70.1915,25.7828],[70.1683,25.7684],[70.0922,25.7684],[69.9878,25.7226],[69.9745,25.7248],[69.9484,25.7531],[69.9292,25.7558],[69.8628,25.6865],[69.8419,25.6835],[69.79,25.6487],[69.7712,25.6021],[69.7318,25.5511],[69.6577,25.5117],[69.6385,25.5159],[69.6256,25.4902],[69.561,25.4983],[69.5745,25.5113],[69.5708,25.5212],[69.5549,25.5053],[69.537,25.5177],[69.5364,25.5268],[69.5496,25.5224],[69.5627,25.5309],[69.5525,25.5556],[69.564,25.5704],[69.5484,25.5609],[69.5479,25.5724],[69.532,25.5662],[69.5179,25.5764],[69.4943,25.5536],[69.4745,25.56],[69.4422,25.5411],[69.3952,25.563],[69.3815,25.5547],[69.3311,25.5691],[69.3224,25.5561],[69.2901,25.5459],[69.255,25.5509],[69.2143,25.5725],[69.1856,25.5664],[69.1737,25.5274],[69.1893,25.5266],[69.1908,25.5181],[69.1828,25.4558],[69.218,25.4241],[69.2519,25.4081],[69.2494,25.4004],[69.2724,25.3931],[69.2686,25.3701],[69.3096,25.3675],[69.317,25.3377],[69.3591,25.3021],[69.3742,25.1824],[69.4062,25.1123],[69.4011,25.0527],[69.4632,24.9832],[69.4796,24.8826],[69.5821,24.9776],[69.599,25.0164],[69.6318,25.0456],[69.7119,24.9973],[69.7373,25.0031],[69.7346,25.0522],[69.7555,25.0611],[69.7375,25.0821],[69.7418,25.1012],[69.6754,25.1456],[69.7383,25.1662],[69.8904,25.2431],[70.0035,25.1979],[70.0211,25.2086],[70.0354,25.1984],[70.0759,25.2114],[70.1117,25.203],[70.1407,25.2082],[70.1672,25.2293],[70.2139,25.2233],[70.2347,25.2378],[70.2531,25.2336],[70.2588,25.2187],[70.2916,25.2453],[70.3049,25.2703],[70.3012,25.3324],[70.309,25.3407],[70.2811,25.3588],[70.3353,25.4006],[70.316,25.3996],[70.3171,25.4124],[70.3,25.4108],[70.2971,25.4268],[70.2579,25.4027],[70.2507,25.4076],[70.2563,25.4208],[70.229,25.4324],[70.2391,25.4534],[70.2859,25.496],[70.2739,25.5169],[70.2919,25.5538],[70.2456,25.5589],[70.2136,25.5337],[70.2024,25.5462],[70.1775,25.5312],[70.1727,25.5427],[70.229,25.5927],[70.1886,25.6013],[70.1657,25.5873],[70.1232,25.5898],[70.1547,25.6309],[70.1588,25.6537],[70.1836,25.6616],[70.2652,25.7239],[70.2326,25.7827],[70.2068,25.7765]]]}},{"type":"Feature","properties":{"adm2_pcode":"PK729","adm2_name":"West Karachi","adm1_pcode":"PK7","adm1_name":"Sindh","area_sqkm":241.76628397},"geometry":{"type":"Polygon","coordinates":[[[67.0725,25.0868],[67.0051,25.0978],[66.9382,25.0294],[66.969,24.9827],[66.9514,24.9705],[66.9603,24.9592],[66.9286,24.9412],[66.9456,24.9089],[66.9874,24.8765],[67.0263,24.887],[67.0113,24.9272],[67.0435,24.9598],[67.0511,24.9933],[67.0401,25.0033],[67.1205,25.0128],[67.0725,25.0868]]]}}]}